# Blender 4.0.1
# www.blender.org
o bizida.002
v 2.044601 2.598715 -3.182411
v 2.060783 2.990957 -3.259548
v 2.013513 2.490318 -3.553968
v 2.026187 2.838848 -3.673019
v 2.483119 2.601915 -3.220307
v 2.470832 2.989676 -3.293376
v 2.452030 2.493518 -3.591863
v 2.436236 2.837568 -3.706847
v 1.999811 2.486346 -3.518601
v 1.986035 2.485545 -3.467842
v 1.977990 2.490850 -3.411108
v 1.978067 2.503369 -3.353095
v 1.987468 2.523360 -3.297830
v 2.004390 2.548739 -3.248470
v 2.025789 2.576338 -3.208127
v 2.031871 2.634638 -3.173979
v 2.018934 2.687290 -3.167339
v 2.010936 2.747136 -3.166789
v 2.009803 2.809002 -3.174044
v 2.016447 2.868300 -3.189808
v 2.029353 2.921241 -3.212136
v 2.046021 2.964114 -3.237893
v 2.044466 2.992126 -3.295019
v 2.025749 2.987819 -3.347894
v 2.010603 2.975829 -3.409073
v 2.001500 2.955839 -3.473520
v 1.999929 2.928415 -3.536643
v 2.005134 2.896454 -3.594279
v 2.015419 2.863893 -3.642162
v 2.009338 2.805592 -3.676310
v 1.990590 2.757902 -3.675410
v 1.976462 2.704639 -3.667684
v 1.969764 2.650206 -3.652571
v 1.972147 2.598380 -3.630373
v 1.982431 2.552124 -3.603601
v 1.998256 2.514358 -3.575727
v 2.415715 2.477870 -3.597249
v 2.361168 2.461006 -3.601582
v 2.297489 2.448984 -3.602361
v 2.229704 2.444190 -3.598800
v 2.162465 2.447925 -3.590665
v 2.100267 2.458992 -3.578995
v 2.047840 2.475106 -3.565429
v 2.058415 2.845067 -3.694947
v 2.107198 2.851564 -3.719832
v 2.164803 2.855950 -3.739398
v 2.227082 2.857393 -3.750062
v 2.290120 2.855481 -3.749707
v 2.349752 2.850690 -3.739798
v 2.401383 2.843911 -3.723210
v 2.450967 2.804660 -3.712911
v 2.467587 2.757559 -3.715192
v 2.480438 2.705026 -3.709999
v 2.487023 2.651376 -3.696291
v 2.485831 2.600295 -3.674075
v 2.477777 2.554667 -3.646004
v 2.464792 2.517345 -3.615886
v 2.496807 2.580031 -3.248927
v 2.510569 2.552988 -3.292421
v 2.518603 2.528022 -3.344024
v 2.518523 2.508190 -3.400129
v 2.509125 2.495512 -3.457302
v 2.492213 2.489794 -3.511793
v 2.470829 2.490038 -3.559401
v 2.452567 2.862255 -3.678123
v 2.471298 2.894405 -3.632513
v 2.486455 2.926056 -3.576464
v 2.495562 2.953359 -3.513926
v 2.497129 2.973470 -3.448895
v 2.491914 2.985770 -3.386129
v 2.481613 2.990489 -3.330980
v 2.487650 2.963182 -3.274495
v 2.506351 2.920897 -3.251918
v 2.520423 2.868687 -3.232122
v 2.527062 2.810173 -3.217764
v 2.524620 2.749051 -3.210490
v 2.514280 2.689834 -3.209742
v 2.498407 2.637626 -3.214139
v 2.080903 2.588506 -3.170279
v 2.135436 2.577527 -3.158681
v 2.199104 2.569889 -3.152772
v 2.266886 2.567369 -3.154424
v 2.334129 2.570947 -3.164468
v 2.396337 2.579541 -3.181268
v 2.448778 2.591270 -3.202099
v 2.438618 3.009315 -3.278195
v 2.389849 3.030660 -3.260576
v 2.332255 3.045935 -3.246140
v 2.269979 3.051805 -3.237383
v 2.206938 3.046404 -3.235830
v 2.147296 3.031534 -3.240609
v 2.095650 3.010470 -3.249933
v 1.995186 2.618169 -3.208427
v 1.975326 2.671095 -3.207801
v 1.964504 2.730602 -3.211140
v 1.963023 2.792288 -3.220521
v 1.971161 2.852021 -3.236713
v 1.987846 2.906618 -3.257475
v 2.011983 2.953513 -3.279181
v 1.966929 2.594649 -3.252476
v 1.942278 2.649588 -3.257038
v 1.929305 2.710167 -3.264517
v 1.927637 2.772831 -3.276368
v 1.936995 2.834200 -3.293159
v 1.956718 2.891752 -3.312820
v 1.986237 2.943383 -3.332376
v 1.946872 2.570837 -3.304487
v 1.919817 2.626726 -3.313202
v 1.905682 2.687986 -3.324504
v 1.903940 2.751555 -3.338807
v 1.914081 2.814492 -3.356117
v 1.935570 2.874357 -3.374909
v 1.967885 2.928864 -3.393247
v 1.936498 2.550397 -3.361893
v 1.908657 2.605540 -3.373989
v 1.894061 2.666100 -3.388630
v 1.892224 2.729383 -3.405061
v 1.902644 2.792694 -3.422529
v 1.924735 2.853338 -3.440270
v 1.957889 2.908618 -3.457522
v 1.937062 2.535696 -3.421729
v 1.909475 2.588209 -3.436798
v 1.894821 2.646158 -3.454308
v 1.892766 2.707239 -3.472352
v 1.902927 2.769008 -3.489426
v 1.924641 2.828514 -3.505530
v 1.957190 2.882679 -3.521078
v 1.947880 2.526342 -3.480141
v 1.922091 2.574445 -3.498309
v 1.908050 2.628365 -3.518548
v 1.905755 2.686046 -3.537892
v 1.915152 2.745074 -3.554215
v 1.935372 2.802173 -3.567933
v 1.965484 2.853832 -3.580410
v 1.968031 2.520710 -3.532971
v 1.946271 2.563107 -3.555041
v 1.933786 2.612539 -3.578263
v 1.931364 2.666727 -3.598895
v 1.939558 2.722915 -3.614425
v 1.957087 2.777387 -3.625085
v 1.982418 2.826021 -3.632523
v 2.041152 2.502382 -3.605771
v 2.030618 2.540028 -3.641420
v 2.022759 2.585791 -3.672358
v 2.020597 2.637254 -3.696548
v 2.025657 2.691837 -3.711920
v 2.036230 2.746465 -3.717622
v 2.049200 2.798139 -3.712826
v 2.095629 2.489264 -3.627297
v 2.088765 2.528717 -3.669150
v 2.083208 2.575616 -3.703904
v 2.081390 2.628034 -3.730099
v 2.084753 2.683949 -3.746149
v 2.091897 2.741148 -3.750787
v 2.100472 2.797522 -3.742670
v 2.158627 2.479839 -3.642720
v 2.154165 2.520747 -3.688014
v 2.150557 2.568909 -3.725222
v 2.149139 2.622559 -3.752915
v 2.150803 2.679913 -3.769643
v 2.154789 2.739137 -3.773956
v 2.159895 2.798400 -3.764389
v 2.226309 2.476552 -3.651924
v 2.223653 2.517953 -3.698305
v 2.221807 2.566634 -3.736405
v 2.220841 2.620841 -3.764685
v 2.220824 2.678810 -3.781627
v 2.221818 2.738755 -3.785787
v 2.223884 2.798880 -3.775741
v 2.294677 2.480705 -3.654429
v 2.293947 2.521433 -3.699968
v 2.293951 2.569418 -3.737411
v 2.293493 2.622886 -3.765117
v 2.291817 2.680048 -3.781492
v 2.289800 2.739072 -3.785228
v 2.288753 2.798134 -3.775071
v 2.359648 2.490935 -3.650016
v 2.361747 2.530064 -3.692497
v 2.363983 2.576621 -3.727776
v 2.364082 2.628674 -3.753993
v 2.360757 2.684203 -3.769338
v 2.355476 2.741015 -3.772791
v 2.350655 2.797015 -3.763413
v 2.417308 2.504750 -3.638135
v 2.423890 2.541991 -3.675064
v 2.428915 2.587268 -3.706898
v 2.429596 2.638179 -3.731117
v 2.424621 2.692182 -3.745432
v 2.415666 2.746251 -3.749290
v 2.405795 2.797429 -3.742396
v 2.501472 2.524310 -3.578958
v 2.521383 2.566200 -3.604325
v 2.532261 2.614848 -3.629207
v 2.533803 2.668091 -3.649814
v 2.525725 2.723287 -3.663610
v 2.509097 2.776844 -3.671069
v 2.485010 2.824766 -3.674104
v 2.529720 2.530494 -3.530386
v 2.554425 2.578007 -3.552557
v 2.567457 2.630995 -3.574711
v 2.569189 2.687547 -3.593967
v 2.559893 2.745395 -3.608283
v 2.540231 2.801411 -3.618256
v 2.510765 2.852231 -3.625432
v 2.549770 2.540245 -3.474706
v 2.576882 2.592098 -3.494104
v 2.591079 2.649003 -3.513635
v 2.592886 2.708823 -3.531528
v 2.582809 2.769276 -3.546414
v 2.561383 2.827577 -3.558455
v 2.529124 2.880811 -3.568230
v 2.560141 2.555098 -3.415842
v 2.588039 2.609551 -3.432343
v 2.602699 2.669025 -3.449023
v 2.604601 2.730995 -3.465274
v 2.594247 2.792938 -3.480489
v 2.572220 2.852329 -3.494068
v 2.539124 2.906644 -3.505413
v 2.559580 2.575386 -3.357465
v 2.587223 2.630615 -3.370508
v 2.601940 2.690832 -3.383831
v 2.604060 2.753139 -3.397983
v 2.593964 2.814760 -3.413105
v 2.572312 2.873419 -3.427835
v 2.539820 2.926996 -3.440400
v 2.548769 2.598802 -3.302721
v 2.574612 2.653150 -3.311286
v 2.588713 2.712796 -3.320679
v 2.591071 2.774333 -3.332443
v 2.581736 2.834522 -3.347227
v 2.561576 2.890989 -3.363143
v 2.531518 2.941781 -3.377398
v 2.528627 2.621769 -3.254415
v 2.550437 2.674188 -3.257085
v 2.562979 2.732911 -3.262084
v 2.565462 2.793651 -3.271441
v 2.557329 2.852392 -3.285899
v 2.539856 2.906075 -3.303459
v 2.514575 2.952258 -3.320762
v 2.455506 2.640097 -3.181614
v 2.466090 2.697267 -3.170706
v 2.474007 2.759659 -3.167988
v 2.476229 2.823125 -3.173788
v 2.471229 2.883471 -3.188403
v 2.460713 2.936996 -3.210922
v 2.447793 2.980140 -3.240459
v 2.401020 2.635879 -3.155566
v 2.407938 2.698878 -3.140445
v 2.413555 2.765546 -3.135324
v 2.415436 2.832345 -3.140236
v 2.412135 2.895647 -3.155294
v 2.405052 2.952014 -3.180289
v 2.396530 2.998092 -3.215138
v 2.338015 2.631243 -3.136473
v 2.342533 2.698077 -3.119292
v 2.346204 2.768080 -3.112917
v 2.347687 2.837820 -3.117420
v 2.346087 2.903855 -3.132888
v 2.342164 2.962797 -3.159408
v 2.337114 3.011275 -3.197088
v 2.270330 2.628943 -3.125811
v 2.273043 2.697137 -3.108027
v 2.274952 2.768490 -3.101248
v 2.275984 2.839538 -3.105650
v 2.276067 2.906822 -3.121390
v 2.275137 2.966913 -3.148551
v 2.273129 3.016382 -3.187194
v 2.201965 2.630378 -3.124764
v 2.202752 2.697390 -3.107338
v 2.202809 2.767571 -3.100728
v 2.203333 2.837493 -3.105218
v 2.205073 2.903720 -3.121039
v 2.207153 2.962861 -3.148135
v 2.208256 3.011541 -3.186406
v 2.137001 2.634209 -3.132846
v 2.134957 2.697531 -3.117098
v 2.132780 2.764540 -3.111452
v 2.132744 2.831705 -3.116342
v 2.136132 2.895392 -3.132104
v 2.141472 2.952147 -3.158284
v 2.146347 2.998599 -3.194395
v 2.079350 2.637728 -3.149250
v 2.072819 2.695304 -3.137062
v 2.067850 2.758182 -3.133449
v 2.067230 2.822200 -3.139218
v 2.072265 2.883126 -3.154891
v 2.081277 2.937211 -3.179255
v 2.091198 2.980850 -3.210889
v 2.044165 2.459426 -3.518058
v 2.100131 2.439221 -3.524937
v 2.164649 2.426439 -3.533279
v 2.233752 2.422322 -3.540548
v 2.303257 2.427707 -3.545354
v 2.368783 2.441620 -3.548318
v 2.425965 2.462682 -3.551229
v 2.036728 2.453219 -3.464159
v 2.097725 2.429796 -3.466805
v 2.166069 2.415596 -3.472506
v 2.238302 2.411213 -3.479087
v 2.310798 2.417062 -3.485167
v 2.379743 2.432565 -3.491443
v 2.441362 2.456970 -3.499427
v 2.032057 2.455548 -3.406384
v 2.096538 2.430309 -3.406646
v 2.168060 2.415327 -3.410432
v 2.243191 2.410827 -3.416414
v 2.318453 2.416937 -3.423621
v 2.390258 2.433352 -3.432367
v 2.455003 2.459667 -3.443322
v 2.033174 2.466693 -3.348170
v 2.098942 2.440788 -3.346979
v 2.171817 2.425612 -3.349203
v 2.248250 2.421129 -3.354524
v 2.324689 2.427280 -3.362621
v 2.397581 2.443937 -3.373151
v 2.463377 2.470956 -3.385769
v 2.041552 2.486762 -3.292908
v 2.106270 2.461230 -3.290335
v 2.178059 2.446411 -3.290931
v 2.253315 2.442065 -3.295409
v 2.328452 2.448021 -3.304120
v 2.399991 2.464272 -3.316055
v 2.464498 2.490881 -3.329846
v 2.055207 2.514413 -3.243315
v 2.116800 2.491064 -3.238838
v 2.185730 2.477520 -3.237535
v 2.258220 2.473512 -3.241042
v 2.330459 2.478985 -3.250196
v 2.398818 2.493834 -3.263476
v 2.459840 2.518164 -3.278582
v 2.070625 2.548219 -3.201824
v 2.127786 2.529763 -3.194424
v 2.193299 2.518722 -3.190876
v 2.262799 2.515327 -3.193391
v 2.331906 2.519990 -3.202950
v 2.396437 2.532163 -3.217805
v 2.452425 2.551476 -3.234995
v 2.408877 2.886050 -3.689016
v 2.355237 2.900731 -3.701173
v 2.294862 2.909387 -3.708594
v 2.231415 2.912495 -3.708161
v 2.168562 2.910056 -3.698277
v 2.109687 2.901967 -3.681092
v 2.057925 2.887648 -3.660252
v 2.421916 2.925354 -3.641414
v 2.364596 2.946059 -3.649760
v 2.301874 2.958164 -3.654325
v 2.236641 2.962380 -3.652772
v 2.171811 2.959007 -3.643760
v 2.110053 2.947614 -3.629046
v 2.053842 2.927356 -3.611370
v 2.434129 2.960960 -3.583575
v 2.374321 2.985477 -3.588607
v 2.309570 3.000107 -3.590290
v 2.242461 3.005236 -3.587466
v 2.175554 3.001074 -3.579440
v 2.111264 2.987260 -3.567266
v 2.051956 2.963257 -3.552461
v 2.442448 2.990348 -3.519136
v 2.381936 3.017081 -3.521078
v 2.316491 3.033426 -3.519916
v 2.248575 3.039250 -3.515811
v 2.180655 3.034440 -3.508931
v 2.115192 3.018951 -3.499462
v 2.054653 2.992760 -3.487595
v 2.445140 3.011071 -3.451979
v 2.385859 3.038916 -3.450702
v 2.321586 3.056335 -3.446678
v 2.254684 3.062630 -3.441381
v 2.187570 3.057302 -3.435828
v 2.122802 3.040699 -3.429362
v 2.062967 3.013369 -3.420866
v 2.443241 3.022017 -3.386559
v 2.387055 3.049513 -3.381343
v 2.325312 3.067169 -3.374209
v 2.260488 3.073652 -3.367768
v 2.195249 3.068012 -3.363643
v 2.132512 3.051068 -3.360629
v 2.075166 3.024020 -3.356515
v 2.439137 3.022208 -3.327365
v 2.387396 3.047407 -3.316836
v 2.328534 3.064273 -3.306163
v 2.265686 3.070612 -3.298570
v 2.202234 3.064941 -3.295846
v 2.141845 3.048643 -3.296755
v 2.088185 3.023806 -3.298601
vn -0.6380 -0.3371 0.6923
vn -0.8261 -0.2128 0.5218
vn -0.7279 -0.3975 0.5588
vn -0.7130 -0.1761 0.6787
vn -0.8825 -0.0312 0.4692
vn -0.7666 -0.0095 0.6421
vn -0.9033 0.1473 0.4028
vn -0.7959 0.1656 0.5823
vn -0.8900 0.3166 0.3281
vn -0.7960 0.3348 0.5042
vn -0.8465 0.4702 0.2496
vn -0.7699 0.4835 0.4165
vn -0.7710 0.6144 0.1677
vn -0.8996 -0.2559 0.3540
vn -0.7927 -0.4568 0.4036
vn -0.9539 -0.0625 0.2936
vn -0.9665 0.1190 0.2276
vn -0.9441 0.2885 0.1594
vn -0.8901 0.4469 0.0897
vn -0.8014 0.5978 0.0167
vn -0.9362 -0.3052 0.1743
vn -0.8270 -0.5155 0.2242
vn -0.9876 -0.1041 0.1172
vn -0.9951 0.0809 0.0571
vn -0.9678 0.2516 -0.0045
vn -0.9086 0.4121 -0.0682
vn -0.8137 0.5653 -0.1355
vn -0.9325 -0.3611 -0.0128
vn -0.8234 -0.5664 0.0354
vn -0.9853 -0.1590 -0.0627
vn -0.9931 0.0303 -0.1130
vn -0.9643 0.2065 -0.1661
vn -0.9031 0.3677 -0.2218
vn -0.8071 0.5195 -0.2806
vn -0.7846 -0.6048 -0.1364
vn -0.8897 -0.4166 -0.1867
vn -0.9454 -0.2238 -0.2370
vn -0.9323 0.1507 -0.3288
vn -0.9584 -0.0334 -0.2835
vn -0.8745 0.3132 -0.3704
vn -0.7845 0.4631 -0.4125
vn -0.7173 -0.6325 -0.2923
vn -0.8046 -0.4745 -0.3571
vn -0.8605 -0.2989 -0.4126
vn -0.8625 0.0798 -0.4997
vn -0.8804 -0.1093 -0.4614
vn -0.8168 0.2444 -0.5226
vn -0.7457 0.3938 -0.5375
vn -0.4548 -0.4169 0.7870
vn -0.5215 -0.4935 0.6961
vn -0.5081 -0.2886 0.8115
vn -0.5575 -0.1550 0.8156
vn -0.6034 0.0005 0.7975
vn -0.6370 0.1728 0.7512
vn -0.6514 0.3430 0.6768
vn -0.6459 0.4925 0.5833
vn -0.7208 0.6143 0.3210
vn -0.5774 0.7256 0.3744
vn -0.6228 0.6146 0.4841
vn -0.6552 0.7501 0.0898
vn -0.6724 0.7380 -0.0569
vn -0.6782 0.7059 -0.2044
vn -0.6729 0.6561 -0.3416
vn -0.6585 0.5949 -0.4611
vn -0.6372 0.5265 -0.5628
vn -0.6073 0.4461 -0.6575
vn -0.6683 0.3190 -0.6720
vn -0.7171 0.1725 -0.6753
vn -0.7482 0.0014 -0.6635
vn -0.7526 -0.1918 -0.6299
vn -0.7249 -0.3798 -0.5747
vn -0.6722 -0.5385 -0.5081
vn -0.6089 -0.6613 -0.4381
vn -0.5384 -0.7635 -0.3566
vn -0.5867 -0.7751 -0.2343
vn -0.6263 -0.7737 -0.0954
vn -0.6529 -0.7539 0.0732
vn -0.6552 -0.7095 0.2595
vn -0.6284 -0.6445 0.4355
vn -0.5807 -0.5692 0.5820
vn -0.4619 -0.7220 -0.5152
vn -0.3560 -0.6455 -0.6757
vn -0.3219 -0.7683 -0.5533
vn -0.5573 -0.4510 -0.6972
vn -0.5152 -0.5987 -0.6132
vn -0.5865 -0.2684 -0.7641
vn -0.3886 -0.5009 -0.7734
vn -0.5936 -0.0714 -0.8016
vn -0.4130 -0.3242 -0.8511
vn -0.5780 0.1180 -0.8074
vn -0.4253 -0.1254 -0.8963
vn -0.5415 0.2971 -0.7865
vn -0.4217 0.0826 -0.9029
vn -0.1876 -0.7934 -0.5791
vn -0.2083 -0.6734 -0.7093
vn -0.2275 -0.5297 -0.8171
vn -0.2440 -0.3580 -0.9013
vn -0.2554 -0.1593 -0.9536
vn -0.4029 0.2934 -0.8670
vn -0.2580 0.0604 -0.9643
vn -0.0464 -0.8034 -0.5936
vn -0.0593 -0.6836 -0.7274
vn -0.0699 -0.5409 -0.8382
vn -0.0783 -0.3717 -0.9251
vn -0.0835 -0.1735 -0.9813
vn -0.2495 0.2897 -0.9240
vn -0.0841 0.0505 -0.9952
vn 0.0944 -0.7971 -0.5964
vn 0.0897 -0.6787 -0.7289
vn 0.0885 -0.5364 -0.8393
vn 0.0909 -0.3644 -0.9268
vn 0.0950 -0.1663 -0.9815
vn -0.0791 0.2872 -0.9546
vn 0.0968 0.0548 -0.9938
vn 0.2307 -0.7749 -0.5885
vn 0.2408 -0.6574 -0.7140
vn 0.2556 -0.5126 -0.8197
vn 0.2716 -0.1391 -0.9523
vn 0.2672 -0.3374 -0.9026
vn 0.2685 0.0714 -0.9606
vn 0.2583 0.2852 -0.9230
vn 0.3693 -0.7349 -0.5689
vn 0.4028 -0.6177 -0.6754
vn 0.4520 -0.2901 -0.8435
vn 0.4327 -0.4676 -0.7708
vn 0.4548 -0.0916 -0.8859
vn 0.4407 0.1018 -0.8919
vn 0.4103 0.2855 -0.8661
vn -0.4155 -0.8223 -0.3888
vn -0.4996 0.4714 -0.7268
vn -0.2331 0.5042 -0.8315
vn -0.0689 0.5082 -0.8585
vn 0.0969 0.2857 -0.9534
vn 0.0988 0.5018 -0.8593
vn 0.2503 0.4860 -0.8373
vn 0.4993 0.4357 -0.7489
vn 0.5560 0.3040 -0.7736
vn 0.6000 0.1533 -0.7852
vn 0.6312 -0.0263 -0.7751
vn 0.6387 -0.2204 -0.7372
vn 0.6194 -0.4047 -0.6727
vn 0.5788 -0.5609 -0.5920
vn 0.5263 -0.6802 -0.5102
vn 0.4703 -0.7745 -0.4230
vn 0.3505 -0.8291 -0.4357
vn 0.2323 -0.8668 -0.4412
vn 0.1048 -0.8911 -0.4416
vn -0.0311 -0.8993 -0.4362
vn -0.1678 -0.8894 -0.4252
vn -0.2973 -0.8625 -0.4096
vn 0.6506 -0.6522 -0.3891
vn 0.8361 -0.4501 -0.3136
vn 0.7397 -0.6266 -0.2456
vn 0.7268 -0.5038 -0.4669
vn 0.8881 -0.2639 -0.3764
vn 0.7767 -0.3329 -0.5347
vn 0.9004 -0.0694 -0.4294
vn 0.7756 0.0495 -0.6292
vn 0.7937 -0.1431 -0.5913
vn 0.7287 0.2239 -0.6472
vn 0.8734 0.1196 -0.4722
vn 0.6568 0.3779 -0.6525
vn 0.8121 0.2898 -0.5065
vn 0.9051 -0.3973 -0.1514
vn 0.8021 -0.5908 -0.0870
vn 0.9571 -0.2007 -0.2089
vn 0.9646 -0.0064 -0.2636
vn 0.9327 0.1747 -0.3155
vn 0.7170 0.4472 -0.5348
vn 0.8659 0.3441 -0.3631
vn 0.8355 -0.5416 0.0928
vn 0.9389 -0.3429 0.0290
vn 0.9887 -0.1457 -0.0349
vn 0.9944 0.0421 -0.0965
vn 0.9632 0.2196 -0.1552
vn 0.7620 0.5035 -0.4073
vn 0.8971 0.3883 -0.2109
vn 0.8325 -0.4842 0.2694
vn 0.9330 -0.2936 0.2082
vn 0.9843 -0.1036 0.1430
vn 0.9938 0.0807 0.0765
vn 0.9664 0.2568 0.0117
vn 0.7929 0.5492 -0.2640
vn 0.9046 0.4232 -0.0505
vn 0.7973 -0.4251 0.4284
vn 0.8901 -0.2490 0.3818
vn 0.9429 -0.0703 0.3255
vn 0.9595 0.1105 0.2592
vn 0.9397 0.2858 0.1879
vn 0.8059 0.5816 -0.1105
vn 0.8871 0.4469 0.1159
vn 0.7352 -0.3638 0.5720
vn 0.8076 -0.2089 0.5515
vn 0.8579 -0.0447 0.5119
vn 0.8820 0.1320 0.4523
vn 0.8742 0.3060 0.3770
vn 0.8003 0.5980 0.0449
vn 0.8373 0.4610 0.2940
vn 0.5339 -0.7862 -0.3112
vn 0.5459 0.5163 -0.6599
vn 0.5847 0.5846 -0.5625
vn 0.6194 0.6458 -0.4464
vn 0.6478 0.6953 -0.3113
vn 0.6665 0.7272 -0.1641
vn 0.6735 0.7391 -0.0156
vn 0.7749 0.5977 0.2055
vn 0.6413 0.7144 0.2799
vn 0.7031 0.5990 0.3832
vn 0.7403 0.4722 0.4786
vn 0.7580 0.3179 0.5695
vn 0.7526 0.1444 0.6424
vn 0.7242 -0.0286 0.6890
vn 0.6822 -0.1808 0.7084
vn 0.6328 -0.3144 0.7076
vn 0.5771 -0.4353 0.6910
vn 0.6249 -0.5112 0.5901
vn 0.6610 -0.5850 0.4700
vn 0.6810 -0.6576 0.3222
vn 0.6773 -0.7200 0.1510
vn 0.6458 -0.7631 -0.0254
vn 0.5943 -0.7837 -0.1807
vn 0.4926 -0.3189 0.8097
vn 0.3773 -0.1773 0.9089
vn 0.3603 -0.3333 0.8713
vn 0.5300 -0.1740 0.8300
vn 0.3960 -0.0197 0.9180
vn 0.5863 0.1477 0.7966
vn 0.5616 -0.0213 0.8271
vn 0.6001 0.3223 0.7321
vn 0.4139 0.1460 0.8985
vn 0.5969 0.4879 0.6369
vn 0.4280 0.3225 0.8443
vn 0.5708 0.6436 0.5099
vn 0.4327 0.5039 0.7476
vn 0.2320 -0.1780 0.9563
vn 0.2258 -0.3403 0.9128
vn 0.2393 -0.0197 0.9708
vn 0.2473 0.1447 0.9581
vn 0.2550 0.3217 0.9119
vn 0.4221 0.6855 0.5932
vn 0.2586 0.5142 0.8178
vn 0.0846 -0.1758 0.9808
vn 0.0826 -0.3406 0.9366
vn 0.0844 -0.0173 0.9963
vn 0.0827 0.1462 0.9858
vn 0.0789 0.3231 0.9431
vn 0.2530 0.7130 0.6540
vn 0.0715 0.5193 0.8516
vn -0.0655 -0.1708 0.9831
vn -0.0628 -0.3345 0.9403
vn -0.0727 -0.0130 0.9973
vn -0.0839 0.1516 0.9849
vn -0.1000 0.3284 0.9392
vn -0.1187 0.5199 0.8460
vn -0.1378 0.7174 0.6829
vn -0.2047 -0.3217 0.9245
vn -0.2375 -0.0071 0.9714
vn -0.2189 -0.1621 0.9622
vn -0.2590 0.1603 0.9525
vn -0.2819 0.3358 0.8988
vn -0.3013 0.5149 0.8025
vn -0.3141 0.6934 0.6485
vn -0.3511 -0.2997 0.8871
vn -0.4163 -0.0007 0.9092
vn -0.3848 -0.1537 0.9101
vn -0.4468 0.1693 0.8785
vn -0.4699 0.3419 0.8138
vn -0.4804 0.5040 0.7178
vn -0.4731 0.6553 0.5888
vn 0.4654 -0.4700 0.7500
vn 0.5317 0.7805 0.3288
vn 0.3986 0.8370 0.3748
vn 0.0392 0.8976 0.4390
vn 0.0583 0.7247 0.6866
vn -0.1552 0.8826 0.4437
vn -0.3239 0.8426 0.4303
vn -0.4618 0.7888 0.4056
vn -0.3294 -0.4566 0.8264
vn -0.2037 -0.4865 0.8496
vn -0.0671 -0.5069 0.8594
vn 0.0776 -0.5156 0.8533
vn 0.2203 -0.5111 0.8308
vn 0.3498 -0.4951 0.7953
vn -0.4257 -0.8743 -0.2331
vn -0.2841 -0.9555 -0.0792
vn -0.4467 -0.8913 -0.0779
vn -0.2859 -0.9260 -0.2466
vn -0.1384 -0.9867 -0.0847
vn -0.1514 -0.9547 -0.2563
vn 0.0015 -0.9957 -0.0924
vn 0.1208 -0.9542 -0.2736
vn -0.0147 -0.9642 -0.2649
vn 0.2514 -0.9262 -0.2811
vn 0.1396 -0.9847 -0.1039
vn 0.3852 -0.8772 -0.2865
vn 0.2790 -0.9530 -0.1185
vn -0.2819 -0.9551 0.0915
vn -0.4588 -0.8840 0.0898
vn -0.1266 -0.9882 0.0867
vn 0.0171 -0.9968 0.0780
vn 0.1584 -0.9853 0.0647
vn 0.4306 -0.8917 -0.1398
vn 0.3057 -0.9510 0.0462
vn -0.2750 -0.9227 0.2701
vn -0.4572 -0.8464 0.2731
vn -0.1152 -0.9587 0.2602
vn 0.0319 -0.9682 0.2481
vn 0.1767 -0.9558 0.2350
vn 0.4691 -0.8829 0.0187
vn 0.3286 -0.9188 0.2185
vn -0.4394 -0.7800 0.4455
vn -0.2622 -0.8583 0.4412
vn -0.1037 -0.8970 0.4297
vn 0.1930 -0.8952 0.4016
vn 0.0457 -0.9083 0.4158
vn 0.3441 -0.8565 0.3847
vn 0.5082 -0.7824 0.3599
vn -0.4077 -0.6930 0.5946
vn -0.2429 -0.7641 0.5976
vn -0.0909 -0.8013 0.5913
vn 0.2055 -0.8015 0.5616
vn 0.0583 -0.8136 0.5785
vn 0.3503 -0.7658 0.5393
vn 0.5027 -0.6992 0.5083
vn -0.3649 -0.5898 0.7204
vn -0.2199 -0.6395 0.7367
vn -0.0777 -0.6696 0.7387
vn 0.2142 -0.6721 0.7089
vn 0.0691 -0.6811 0.7289
vn 0.3493 -0.6451 0.6796
vn 0.4826 -0.5998 0.6382
vn 0.4970 -0.8460 0.1931
vn 0.3996 0.5979 -0.6949
vn 0.2695 0.7466 -0.6083
vn 0.4277 0.6851 -0.5897
vn 0.2554 0.6409 -0.7239
vn 0.1140 0.7806 -0.6146
vn 0.1049 0.6677 -0.7370
vn -0.0444 0.7926 -0.6081
vn -0.2156 0.6696 -0.7108
vn -0.0564 0.6780 -0.7329
vn -0.3616 0.6447 -0.6735
vn -0.2014 0.7824 -0.5892
vn -0.4988 0.6042 -0.6214
vn -0.3542 0.7505 -0.5580
vn 0.2859 0.8226 -0.4915
vn 0.4528 0.7543 -0.4755
vn 0.1252 0.8598 -0.4951
vn -0.0332 0.8724 -0.4876
vn -0.1908 0.8619 -0.4698
vn -0.5077 0.6916 -0.5137
vn -0.3497 0.8269 -0.4404
vn 0.4771 0.8080 -0.3458
vn 0.3050 0.8798 -0.3645
vn -0.0223 0.9317 -0.3624
vn 0.1394 0.9187 -0.3695
vn -0.3470 0.8845 -0.3117
vn -0.1833 0.9211 -0.3434
vn -0.5148 0.8151 -0.2656
vn 0.4994 0.8423 -0.2026
vn 0.3273 0.9182 -0.2232
vn 0.1581 0.9605 -0.2292
vn -0.1790 0.9630 -0.2016
vn -0.0110 0.9750 -0.2221
vn -0.3459 0.9230 -0.1684
vn -0.5132 0.8497 -0.1208
vn 0.5162 0.8550 -0.0500
vn 0.3503 0.9346 -0.0612
vn 0.1805 0.9817 -0.0605
vn -0.1749 0.9841 -0.0314
vn 0.0023 0.9987 -0.0505
vn -0.3429 0.9393 -0.0050
vn -0.5053 0.8624 0.0321
vn 0.5228 0.8439 0.1208
vn 0.3732 0.9175 0.1374
vn 0.2063 0.9662 0.1543
vn -0.1676 0.9685 0.1843
vn 0.0191 0.9851 0.1708
vn -0.3348 0.9221 0.1940
vn -0.4849 0.8512 0.2009
vn 0.3809 0.4640 -0.7998
vn -0.3781 0.4909 -0.7849
vn -0.5127 0.7611 -0.3974
vn -0.6265 0.7454 0.2279
vn 0.2339 0.8798 0.4137
vn 0.6671 0.7342 0.1263
vt 0.406250 0.031250
vt 0.437500 0.062500
vt 0.406250 0.062500
vt 0.437500 0.031250
vt 0.468750 0.062500
vt 0.468750 0.031250
vt 0.500000 0.062500
vt 0.500000 0.031250
vt 0.531250 0.062500
vt 0.531250 0.031250
vt 0.562500 0.062500
vt 0.562500 0.031250
vt 0.593750 0.062500
vt 0.437500 0.093750
vt 0.406250 0.093750
vt 0.468750 0.093750
vt 0.500000 0.093750
vt 0.531250 0.093750
vt 0.562500 0.093750
vt 0.593750 0.093750
vt 0.437500 0.125000
vt 0.406250 0.125000
vt 0.468750 0.125000
vt 0.500000 0.125000
vt 0.531250 0.125000
vt 0.562500 0.125000
vt 0.593750 0.125000
vt 0.437500 0.156250
vt 0.406250 0.156250
vt 0.468750 0.156250
vt 0.500000 0.156250
vt 0.531250 0.156250
vt 0.562500 0.156250
vt 0.593750 0.156250
vt 0.406250 0.187500
vt 0.437500 0.187500
vt 0.468750 0.187500
vt 0.531250 0.187500
vt 0.500000 0.187500
vt 0.562500 0.187500
vt 0.593750 0.187500
vt 0.406250 0.218750
vt 0.437500 0.218750
vt 0.468750 0.218750
vt 0.531250 0.218750
vt 0.500000 0.218750
vt 0.562500 0.218750
vt 0.593750 0.218750
vt 0.375000 0.000000
vt 0.375000 0.031250
vt 0.406250 0.000000
vt 0.437500 0.000000
vt 0.468750 0.000000
vt 0.500000 0.000000
vt 0.531250 0.000000
vt 0.562500 0.000000
vt 0.593750 0.031250
vt 0.625000 0.000000
vt 0.593750 0.000000
vt 0.625000 0.062500
vt 0.625000 0.093750
vt 0.625000 0.125000
vt 0.625000 0.156250
vt 0.625000 0.187500
vt 0.625000 0.218750
vt 0.625000 0.250000
vt 0.593750 0.250000
vt 0.562500 0.250000
vt 0.531250 0.250000
vt 0.500000 0.250000
vt 0.468750 0.250000
vt 0.437500 0.250000
vt 0.406250 0.250000
vt 0.375000 0.250000
vt 0.375000 0.218750
vt 0.375000 0.187500
vt 0.375000 0.156250
vt 0.375000 0.125000
vt 0.375000 0.093750
vt 0.375000 0.062500
vt 0.406250 0.281250
vt 0.437500 0.312500
vt 0.406250 0.312500
vt 0.468750 0.281250
vt 0.437500 0.281250
vt 0.500000 0.281250
vt 0.468750 0.312500
vt 0.531250 0.281250
vt 0.500000 0.312500
vt 0.562500 0.281250
vt 0.531250 0.312500
vt 0.593750 0.281250
vt 0.562500 0.312500
vt 0.406250 0.343750
vt 0.437500 0.343750
vt 0.468750 0.343750
vt 0.500000 0.343750
vt 0.531250 0.343750
vt 0.593750 0.312500
vt 0.562500 0.343750
vt 0.406250 0.375000
vt 0.437500 0.375000
vt 0.468750 0.375000
vt 0.500000 0.375000
vt 0.531250 0.375000
vt 0.593750 0.343750
vt 0.562500 0.375000
vt 0.406250 0.406250
vt 0.437500 0.406250
vt 0.468750 0.406250
vt 0.500000 0.406250
vt 0.531250 0.406250
vt 0.593750 0.375000
vt 0.562500 0.406250
vt 0.406250 0.437500
vt 0.437500 0.437500
vt 0.468750 0.437500
vt 0.531250 0.437500
vt 0.500000 0.437500
vt 0.562500 0.437500
vt 0.593750 0.437500
vt 0.406250 0.468750
vt 0.437500 0.468750
vt 0.500000 0.468750
vt 0.468750 0.468750
vt 0.531250 0.468750
vt 0.562500 0.468750
vt 0.593750 0.468750
vt 0.375000 0.281250
vt 0.625000 0.281250
vt 0.625000 0.343750
vt 0.625000 0.375000
vt 0.593750 0.406250
vt 0.625000 0.406250
vt 0.625000 0.437500
vt 0.625000 0.500000
vt 0.593750 0.500000
vt 0.562500 0.500000
vt 0.531250 0.500000
vt 0.500000 0.500000
vt 0.468750 0.500000
vt 0.437500 0.500000
vt 0.406250 0.500000
vt 0.375000 0.500000
vt 0.375000 0.468750
vt 0.375000 0.437500
vt 0.375000 0.406250
vt 0.375000 0.375000
vt 0.375000 0.343750
vt 0.375000 0.312500
vt 0.406250 0.531250
vt 0.437500 0.562500
vt 0.406250 0.562500
vt 0.437500 0.531250
vt 0.468750 0.562500
vt 0.468750 0.531250
vt 0.500000 0.562500
vt 0.531250 0.531250
vt 0.500000 0.531250
vt 0.562500 0.531250
vt 0.531250 0.562500
vt 0.593750 0.531250
vt 0.562500 0.562500
vt 0.437500 0.593750
vt 0.406250 0.593750
vt 0.468750 0.593750
vt 0.500000 0.593750
vt 0.531250 0.593750
vt 0.593750 0.562500
vt 0.562500 0.593750
vt 0.406250 0.625000
vt 0.437500 0.625000
vt 0.468750 0.625000
vt 0.500000 0.625000
vt 0.531250 0.625000
vt 0.593750 0.593750
vt 0.562500 0.625000
vt 0.406250 0.656250
vt 0.437500 0.656250
vt 0.468750 0.656250
vt 0.500000 0.656250
vt 0.531250 0.656250
vt 0.593750 0.625000
vt 0.562500 0.656250
vt 0.406250 0.687500
vt 0.437500 0.687500
vt 0.468750 0.687500
vt 0.500000 0.687500
vt 0.531250 0.687500
vt 0.593750 0.656250
vt 0.562500 0.687500
vt 0.406250 0.718750
vt 0.437500 0.718750
vt 0.468750 0.718750
vt 0.500000 0.718750
vt 0.531250 0.718750
vt 0.593750 0.687500
vt 0.562500 0.718750
vt 0.375000 0.531250
vt 0.625000 0.531250
vt 0.625000 0.562500
vt 0.625000 0.593750
vt 0.625000 0.625000
vt 0.625000 0.656250
vt 0.625000 0.687500
vt 0.593750 0.718750
vt 0.625000 0.750000
vt 0.593750 0.750000
vt 0.562500 0.750000
vt 0.531250 0.750000
vt 0.500000 0.750000
vt 0.468750 0.750000
vt 0.437500 0.750000
vt 0.406250 0.750000
vt 0.375000 0.750000
vt 0.375000 0.718750
vt 0.375000 0.687500
vt 0.375000 0.656250
vt 0.375000 0.625000
vt 0.375000 0.593750
vt 0.375000 0.562500
vt 0.406250 0.781250
vt 0.437500 0.812500
vt 0.406250 0.812500
vt 0.437500 0.781250
vt 0.468750 0.812500
vt 0.500000 0.781250
vt 0.468750 0.781250
vt 0.531250 0.781250
vt 0.500000 0.812500
vt 0.562500 0.781250
vt 0.531250 0.812500
vt 0.593750 0.781250
vt 0.562500 0.812500
vt 0.437500 0.843750
vt 0.406250 0.843750
vt 0.468750 0.843750
vt 0.500000 0.843750
vt 0.531250 0.843750
vt 0.593750 0.812500
vt 0.562500 0.843750
vt 0.437500 0.875000
vt 0.406250 0.875000
vt 0.468750 0.875000
vt 0.500000 0.875000
vt 0.531250 0.875000
vt 0.593750 0.843750
vt 0.562500 0.875000
vt 0.437500 0.906250
vt 0.406250 0.906250
vt 0.468750 0.906250
vt 0.500000 0.906250
vt 0.531250 0.906250
vt 0.562500 0.906250
vt 0.593750 0.906250
vt 0.406250 0.937500
vt 0.468750 0.937500
vt 0.437500 0.937500
vt 0.500000 0.937500
vt 0.531250 0.937500
vt 0.562500 0.937500
vt 0.593750 0.937500
vt 0.406250 0.968750
vt 0.468750 0.968750
vt 0.437500 0.968750
vt 0.500000 0.968750
vt 0.531250 0.968750
vt 0.562500 0.968750
vt 0.593750 0.968750
vt 0.375000 0.781250
vt 0.625000 0.781250
vt 0.625000 0.812500
vt 0.625000 0.875000
vt 0.593750 0.875000
vt 0.625000 0.906250
vt 0.625000 0.937500
vt 0.625000 0.968750
vt 0.625000 1.000000
vt 0.593750 1.000000
vt 0.562500 1.000000
vt 0.531250 1.000000
vt 0.500000 1.000000
vt 0.468750 1.000000
vt 0.437500 1.000000
vt 0.406250 1.000000
vt 0.375000 1.000000
vt 0.375000 0.968750
vt 0.375000 0.937500
vt 0.375000 0.906250
vt 0.375000 0.875000
vt 0.375000 0.843750
vt 0.375000 0.812500
vt 0.156250 0.531250
vt 0.187500 0.562500
vt 0.156250 0.562500
vt 0.187500 0.531250
vt 0.218750 0.562500
vt 0.218750 0.531250
vt 0.250000 0.562500
vt 0.281250 0.531250
vt 0.250000 0.531250
vt 0.312500 0.531250
vt 0.281250 0.562500
vt 0.343750 0.531250
vt 0.312500 0.562500
vt 0.187500 0.593750
vt 0.156250 0.593750
vt 0.218750 0.593750
vt 0.250000 0.593750
vt 0.281250 0.593750
vt 0.343750 0.562500
vt 0.312500 0.593750
vt 0.187500 0.625000
vt 0.156250 0.625000
vt 0.218750 0.625000
vt 0.250000 0.625000
vt 0.281250 0.625000
vt 0.343750 0.593750
vt 0.312500 0.625000
vt 0.156250 0.656250
vt 0.187500 0.656250
vt 0.218750 0.656250
vt 0.281250 0.656250
vt 0.250000 0.656250
vt 0.312500 0.656250
vt 0.343750 0.656250
vt 0.156250 0.687500
vt 0.187500 0.687500
vt 0.218750 0.687500
vt 0.281250 0.687500
vt 0.250000 0.687500
vt 0.312500 0.687500
vt 0.343750 0.687500
vt 0.156250 0.718750
vt 0.187500 0.718750
vt 0.218750 0.718750
vt 0.281250 0.718750
vt 0.250000 0.718750
vt 0.312500 0.718750
vt 0.343750 0.718750
vt 0.125000 0.500000
vt 0.125000 0.531250
vt 0.156250 0.500000
vt 0.187500 0.500000
vt 0.218750 0.500000
vt 0.250000 0.500000
vt 0.312500 0.500000
vt 0.281250 0.500000
vt 0.343750 0.500000
vt 0.343750 0.625000
vt 0.343750 0.750000
vt 0.312500 0.750000
vt 0.281250 0.750000
vt 0.250000 0.750000
vt 0.218750 0.750000
vt 0.187500 0.750000
vt 0.156250 0.750000
vt 0.125000 0.750000
vt 0.125000 0.718750
vt 0.125000 0.687500
vt 0.125000 0.656250
vt 0.125000 0.625000
vt 0.125000 0.593750
vt 0.125000 0.562500
vt 0.656250 0.531250
vt 0.687500 0.562500
vt 0.656250 0.562500
vt 0.687500 0.531250
vt 0.718750 0.562500
vt 0.718750 0.531250
vt 0.750000 0.562500
vt 0.781250 0.531250
vt 0.750000 0.531250
vt 0.812500 0.531250
vt 0.781250 0.562500
vt 0.843750 0.531250
vt 0.812500 0.562500
vt 0.687500 0.593750
vt 0.656250 0.593750
vt 0.718750 0.593750
vt 0.750000 0.593750
vt 0.781250 0.593750
vt 0.843750 0.562500
vt 0.812500 0.593750
vt 0.656250 0.625000
vt 0.687500 0.625000
vt 0.750000 0.625000
vt 0.718750 0.625000
vt 0.812500 0.625000
vt 0.781250 0.625000
vt 0.843750 0.625000
vt 0.656250 0.656250
vt 0.687500 0.656250
vt 0.718750 0.656250
vt 0.781250 0.656250
vt 0.750000 0.656250
vt 0.812500 0.656250
vt 0.843750 0.656250
vt 0.656250 0.687500
vt 0.687500 0.687500
vt 0.718750 0.687500
vt 0.781250 0.687500
vt 0.750000 0.687500
vt 0.812500 0.687500
vt 0.843750 0.687500
vt 0.656250 0.718750
vt 0.687500 0.718750
vt 0.718750 0.718750
vt 0.781250 0.718750
vt 0.750000 0.718750
vt 0.812500 0.718750
vt 0.843750 0.718750
vt 0.656250 0.500000
vt 0.687500 0.500000
vt 0.718750 0.500000
vt 0.781250 0.500000
vt 0.750000 0.500000
vt 0.812500 0.500000
vt 0.843750 0.500000
vt 0.875000 0.500000
vt 0.875000 0.531250
vt 0.875000 0.562500
vt 0.843750 0.593750
vt 0.875000 0.625000
vt 0.875000 0.656250
vt 0.875000 0.687500
vt 0.875000 0.718750
vt 0.875000 0.750000
vt 0.843750 0.750000
vt 0.812500 0.750000
vt 0.781250 0.750000
vt 0.750000 0.750000
vt 0.718750 0.750000
vt 0.687500 0.750000
vt 0.656250 0.750000
vt 0.625000 0.718750
vt 0.625000 0.031250
vt 0.625000 0.312500
vt 0.625000 0.468750
vt 0.625000 0.843750
vt 0.875000 0.593750
s 1
f 93/1/1 101/2/2 100/3/3
f 94/4/4 102/5/5 101/2/2
f 95/6/6 103/7/7 102/5/5
f 96/8/8 104/9/9 103/7/7
f 97/10/10 105/11/11 104/9/9
f 98/12/12 106/13/13 105/11/11
f 100/3/3 108/14/14 107/15/15
f 101/2/2 109/16/16 108/14/14
f 102/5/5 110/17/17 109/16/16
f 103/7/7 111/18/18 110/17/17
f 104/9/9 112/19/19 111/18/18
f 105/11/11 113/20/20 112/19/19
f 107/15/15 115/21/21 114/22/22
f 108/14/14 116/23/23 115/21/21
f 109/16/16 117/24/24 116/23/23
f 110/17/17 118/25/25 117/24/24
f 111/18/18 119/26/26 118/25/25
f 112/19/19 120/27/27 119/26/26
f 114/22/22 122/28/28 121/29/29
f 115/21/21 123/30/30 122/28/28
f 116/23/23 124/31/31 123/30/30
f 117/24/24 125/32/32 124/31/31
f 118/25/25 126/33/33 125/32/32
f 119/26/26 127/34/34 126/33/33
f 122/28/28 128/35/35 121/29/29
f 123/30/30 129/36/36 122/28/28
f 124/31/31 130/37/37 123/30/30
f 124/31/31 132/38/38 131/39/39
f 125/32/32 133/40/40 132/38/38
f 126/33/33 134/41/41 133/40/40
f 129/36/36 135/42/42 128/35/35
f 130/37/37 136/43/43 129/36/36
f 131/39/39 137/44/44 130/37/37
f 131/39/39 139/45/45 138/46/46
f 132/38/38 140/47/47 139/45/45
f 133/40/40 141/48/48 140/47/47
f 1/49/49 93/1/1 15/50/50
f 16/51/51 94/4/4 93/1/1
f 17/52/52 95/6/6 94/4/4
f 18/53/53 96/8/8 95/6/6
f 19/54/54 97/10/10 96/8/8
f 20/55/55 98/12/12 97/10/10
f 21/56/56 99/57/57 98/12/12
f 2/58/58 99/57/57 22/59/59
f 99/57/57 24/60/60 106/13/13
f 106/13/13 25/61/61 113/20/20
f 113/20/20 26/62/62 120/27/27
f 120/27/27 27/63/63 127/34/34
f 127/34/34 28/64/64 134/41/41
f 134/41/41 29/65/65 141/48/48
f 141/48/48 4/66/66 30/67/67
f 140/47/47 30/67/67 31/68/68
f 140/47/47 32/69/69 139/45/45
f 139/45/45 33/70/70 138/46/46
f 138/46/46 34/71/71 137/44/44
f 137/44/44 35/72/72 136/43/43
f 136/43/43 36/73/73 135/42/42
f 135/42/42 3/74/74 9/75/75
f 128/35/35 9/75/75 10/76/76
f 11/77/77 128/35/35 10/76/76
f 12/78/78 121/29/29 11/77/77
f 13/79/79 114/22/22 12/78/78
f 14/80/80 107/15/15 13/79/79
f 15/50/50 100/3/3 14/80/80
f 142/81/81 150/82/82 149/83/83
f 144/84/84 150/82/82 143/85/85
f 145/86/86 151/87/87 144/84/84
f 146/88/88 152/89/89 145/86/86
f 147/90/90 153/91/91 146/88/88
f 148/92/92 154/93/93 147/90/90
f 150/82/82 156/94/94 149/83/83
f 151/87/87 157/95/95 150/82/82
f 152/89/89 158/96/96 151/87/87
f 153/91/91 159/97/97 152/89/89
f 154/93/93 160/98/98 153/91/91
f 155/99/99 161/100/100 154/93/93
f 157/95/95 163/101/101 156/94/94
f 158/96/96 164/102/102 157/95/95
f 159/97/97 165/103/103 158/96/96
f 160/98/98 166/104/104 159/97/97
f 161/100/100 167/105/105 160/98/98
f 162/106/106 168/107/107 161/100/100
f 164/102/102 170/108/108 163/101/101
f 165/103/103 171/109/109 164/102/102
f 166/104/104 172/110/110 165/103/103
f 167/105/105 173/111/111 166/104/104
f 168/107/107 174/112/112 167/105/105
f 169/113/113 175/114/114 168/107/107
f 171/109/109 177/115/115 170/108/108
f 172/110/110 178/116/116 171/109/109
f 173/111/111 179/117/117 172/110/110
f 173/111/111 181/118/118 180/119/119
f 174/112/112 182/120/120 181/118/118
f 175/114/114 183/121/121 182/120/120
f 178/116/116 184/122/122 177/115/115
f 179/117/117 185/123/123 178/116/116
f 179/117/117 187/124/124 186/125/125
f 180/119/119 188/126/126 187/124/124
f 181/118/118 189/127/127 188/126/126
f 182/120/120 190/128/128 189/127/127
f 3/74/74 142/81/81 43/129/129
f 35/72/72 142/81/81 36/73/73
f 34/71/71 143/85/85 35/72/72
f 33/70/70 144/84/84 34/71/71
f 32/69/69 145/86/86 33/70/70
f 31/68/68 146/88/88 32/69/69
f 30/67/67 147/90/90 31/68/68
f 4/66/66 148/92/92 30/67/67
f 44/130/130 155/99/99 148/92/92
f 155/99/99 46/131/131 162/106/106
f 46/131/131 169/113/113 162/106/106
f 47/132/132 176/133/133 169/113/113
f 48/134/134 183/121/121 176/133/133
f 49/135/135 190/128/128 183/121/121
f 190/128/128 8/136/136 51/137/137
f 189/127/127 51/137/137 52/138/138
f 188/126/126 52/138/138 53/139/139
f 187/124/124 53/139/139 54/140/140
f 186/125/125 54/140/140 55/141/141
f 186/125/125 56/142/142 185/123/123
f 185/123/123 57/143/143 184/122/122
f 184/122/122 7/144/144 37/145/145
f 177/115/115 37/145/145 38/146/146
f 170/108/108 38/146/146 39/147/147
f 163/101/101 39/147/147 40/148/148
f 156/94/94 40/148/148 41/149/149
f 149/83/83 41/149/149 42/150/150
f 142/81/81 42/150/150 43/129/129
f 191/151/151 199/152/152 198/153/153
f 192/154/154 200/155/155 199/152/152
f 193/156/156 201/157/157 200/155/155
f 195/158/158 201/157/157 194/159/159
f 196/160/160 202/161/161 195/158/158
f 197/162/162 203/163/163 196/160/160
f 198/153/153 206/164/164 205/165/165
f 199/152/152 207/166/166 206/164/164
f 201/157/157 207/166/166 200/155/155
f 202/161/161 208/167/167 201/157/157
f 203/163/163 209/168/168 202/161/161
f 204/169/169 210/170/170 203/163/163
f 206/164/164 212/171/171 205/165/165
f 207/166/166 213/172/172 206/164/164
f 208/167/167 214/173/173 207/166/166
f 209/168/168 215/174/174 208/167/167
f 210/170/170 216/175/175 209/168/168
f 211/176/176 217/177/177 210/170/170
f 213/172/172 219/178/178 212/171/171
f 214/173/173 220/179/179 213/172/172
f 215/174/174 221/180/180 214/173/173
f 216/175/175 222/181/181 215/174/174
f 217/177/177 223/182/182 216/175/175
f 218/183/183 224/184/184 217/177/177
f 220/179/179 226/185/185 219/178/178
f 221/180/180 227/186/186 220/179/179
f 222/181/181 228/187/187 221/180/180
f 223/182/182 229/188/188 222/181/181
f 224/184/184 230/189/189 223/182/182
f 225/190/190 231/191/191 224/184/184
f 227/186/186 233/192/192 226/185/185
f 228/187/187 234/193/193 227/186/186
f 229/188/188 235/194/194 228/187/187
f 230/189/189 236/195/195 229/188/188
f 231/191/191 237/196/196 230/189/189
f 232/197/197 238/198/198 231/191/191
f 7/144/144 191/151/151 64/199/199
f 57/143/143 192/154/154 191/151/151
f 56/142/142 193/156/156 192/154/154
f 55/141/141 194/159/159 193/156/156
f 54/140/140 195/158/158 194/159/159
f 52/138/138 195/158/158 53/139/139
f 51/137/137 196/160/160 52/138/138
f 8/136/136 197/162/162 51/137/137
f 65/200/200 204/169/169 197/162/162
f 66/201/201 211/176/176 204/169/169
f 67/202/202 218/183/183 211/176/176
f 68/203/203 225/190/190 218/183/183
f 69/204/204 232/197/197 225/190/190
f 70/205/205 239/206/206 232/197/197
f 239/206/206 6/207/207 72/208/208
f 239/206/206 73/209/209 238/198/198
f 238/198/198 74/210/210 237/196/196
f 237/196/196 75/211/211 236/195/195
f 236/195/195 76/212/212 235/194/194
f 235/194/194 77/213/213 234/193/193
f 234/193/193 78/214/214 233/192/192
f 233/192/192 5/215/215 58/216/216
f 226/185/185 58/216/216 59/217/217
f 219/178/178 59/217/217 60/218/218
f 212/171/171 60/218/218 61/219/219
f 205/165/165 61/219/219 62/220/220
f 198/153/153 62/220/220 63/221/221
f 191/151/151 63/221/221 64/199/199
f 240/222/222 248/223/223 247/224/224
f 241/225/225 249/226/226 248/223/223
f 243/227/227 249/226/226 242/228/228
f 244/229/229 250/230/230 243/227/227
f 245/231/231 251/232/232 244/229/229
f 246/233/233 252/234/234 245/231/231
f 247/224/224 255/235/235 254/236/236
f 248/223/223 256/237/237 255/235/235
f 250/230/230 256/237/237 249/226/226
f 251/232/232 257/238/238 250/230/230
f 252/234/234 258/239/239 251/232/232
f 253/240/240 259/241/241 252/234/234
f 254/236/236 262/242/242 261/243/243
f 255/235/235 263/244/244 262/242/242
f 256/237/237 264/245/245 263/244/244
f 258/239/239 264/245/245 257/238/238
f 259/241/241 265/246/246 258/239/239
f 260/247/247 266/248/248 259/241/241
f 261/243/243 269/249/249 268/250/250
f 262/242/242 270/251/251 269/249/249
f 263/244/244 271/252/252 270/251/251
f 264/245/245 272/253/253 271/252/252
f 265/246/246 273/254/254 272/253/253
f 266/248/248 274/255/255 273/254/254
f 269/249/249 275/256/256 268/250/250
f 269/249/249 277/257/257 276/258/258
f 270/251/251 278/259/259 277/257/257
f 271/252/252 279/260/260 278/259/259
f 272/253/253 280/261/261 279/260/260
f 273/254/254 281/262/262 280/261/261
f 276/258/258 282/263/263 275/256/256
f 276/258/258 284/264/264 283/265/265
f 277/257/257 285/266/266 284/264/264
f 278/259/259 286/267/267 285/266/266
f 279/260/260 287/268/268 286/267/267
f 280/261/261 288/269/269 287/268/268
f 5/215/215 240/222/222 85/270/270
f 78/214/214 241/225/225 240/222/222
f 76/212/212 241/225/225 77/213/213
f 75/211/211 242/228/228 76/212/212
f 74/210/210 243/227/227 75/211/211
f 73/209/209 244/229/229 74/210/210
f 72/208/208 245/231/231 73/209/209
f 6/207/207 246/233/233 72/208/208
f 86/271/271 253/240/240 246/233/233
f 87/272/272 260/247/247 253/240/240
f 260/247/247 89/273/273 267/274/274
f 267/274/274 90/275/275 274/255/255
f 274/255/255 91/276/276 281/262/262
f 281/262/262 92/277/277 288/269/269
f 288/269/269 2/278/58 22/279/59
f 287/268/268 22/279/59 21/280/56
f 286/267/267 21/280/56 20/281/55
f 285/266/266 20/281/55 19/282/54
f 284/264/264 19/282/54 18/283/53
f 283/265/265 18/283/53 17/284/52
f 282/263/263 17/284/52 16/285/51
f 282/263/263 1/286/49 79/287/278
f 275/256/256 79/287/278 80/288/279
f 268/250/250 80/288/279 81/289/280
f 82/290/281 268/250/250 81/289/280
f 83/291/282 261/243/243 82/290/281
f 84/292/283 254/236/236 83/291/282
f 85/270/270 247/224/224 84/292/283
f 289/293/284 297/294/285 296/295/286
f 290/296/287 298/297/288 297/294/285
f 291/298/289 299/299/290 298/297/288
f 293/300/291 299/299/290 292/301/292
f 294/302/293 300/303/294 293/300/291
f 295/304/295 301/305/296 294/302/293
f 296/295/286 304/306/297 303/307/298
f 297/294/285 305/308/299 304/306/297
f 298/297/288 306/309/300 305/308/299
f 300/303/294 306/309/300 299/299/290
f 301/305/296 307/310/301 300/303/294
f 302/311/302 308/312/303 301/305/296
f 303/307/298 311/313/304 310/314/305
f 304/306/297 312/315/306 311/313/304
f 305/308/299 313/316/307 312/315/306
f 307/310/301 313/316/307 306/309/300
f 308/312/303 314/317/308 307/310/301
f 309/318/309 315/319/310 308/312/303
f 311/313/304 317/320/311 310/314/305
f 312/315/306 318/321/312 311/313/304
f 313/316/307 319/322/313 312/315/306
f 313/316/307 321/323/314 320/324/315
f 314/317/308 322/325/316 321/323/314
f 315/319/310 323/326/317 322/325/316
f 318/321/312 324/327/318 317/320/311
f 319/322/313 325/328/319 318/321/312
f 320/324/315 326/329/320 319/322/313
f 320/324/315 328/330/321 327/331/322
f 321/323/314 329/332/323 328/330/321
f 322/325/316 330/333/324 329/332/323
f 325/328/319 331/334/325 324/327/318
f 326/329/320 332/335/326 325/328/319
f 327/331/322 333/336/327 326/329/320
f 327/331/322 335/337/328 334/338/329
f 328/330/321 336/339/330 335/337/328
f 329/332/323 337/340/331 336/339/330
f 3/341/74 289/293/284 9/342/75
f 43/343/129 290/296/287 289/293/284
f 42/344/150 291/298/289 290/296/287
f 41/345/149 292/301/292 291/298/289
f 40/346/148 293/300/291 292/301/292
f 38/347/146 293/300/291 39/348/147
f 37/349/145 294/302/293 38/347/146
f 7/144/144 295/304/295 37/349/145
f 64/199/199 302/311/302 295/304/295
f 63/221/221 309/318/309 302/311/302
f 62/220/220 316/350/332 309/318/309
f 316/350/332 60/218/218 323/326/317
f 323/326/317 59/217/217 330/333/324
f 330/333/324 58/216/216 337/340/331
f 337/340/331 5/215/215 85/351/270
f 336/339/330 85/351/270 84/352/283
f 335/337/328 84/352/283 83/353/282
f 335/337/328 82/354/281 334/338/329
f 334/338/329 81/355/280 333/336/327
f 333/336/327 80/356/279 332/335/326
f 332/335/326 79/357/278 331/334/325
f 331/334/325 1/358/49 15/359/50
f 324/327/318 15/359/50 14/360/80
f 317/320/311 14/360/80 13/361/79
f 310/314/305 13/361/79 12/362/78
f 11/363/77 310/314/305 12/362/78
f 10/364/76 303/307/298 11/363/77
f 9/342/75 296/295/286 10/364/76
f 338/365/333 346/366/334 345/367/335
f 339/368/336 347/369/337 346/366/334
f 340/370/338 348/371/339 347/369/337
f 342/372/340 348/371/339 341/373/341
f 343/374/342 349/375/343 342/372/340
f 344/376/344 350/377/345 343/374/342
f 345/367/335 353/378/346 352/379/347
f 346/366/334 354/380/348 353/378/346
f 347/369/337 355/381/349 354/380/348
f 349/375/343 355/381/349 348/371/339
f 350/377/345 356/382/350 349/375/343
f 351/383/351 357/384/352 350/377/345
f 353/378/346 359/385/353 352/379/347
f 354/380/348 360/386/354 353/378/346
f 354/380/348 362/387/355 361/388/356
f 356/382/350 362/387/355 355/381/349
f 356/382/350 364/389/357 363/390/358
f 357/384/352 365/391/359 364/389/357
f 360/386/354 366/392/360 359/385/353
f 361/388/356 367/393/361 360/386/354
f 362/387/355 368/394/362 361/388/356
f 362/387/355 370/395/363 369/396/364
f 363/390/358 371/397/365 370/395/363
f 364/389/357 372/398/366 371/397/365
f 367/393/361 373/399/367 366/392/360
f 368/394/362 374/400/368 367/393/361
f 369/396/364 375/401/369 368/394/362
f 369/396/364 377/402/370 376/403/371
f 370/395/363 378/404/372 377/402/370
f 371/397/365 379/405/373 378/404/372
f 374/400/368 380/406/374 373/399/367
f 375/401/369 381/407/375 374/400/368
f 376/403/371 382/408/376 375/401/369
f 376/403/371 384/409/377 383/410/378
f 377/402/370 385/411/379 384/409/377
f 378/404/372 386/412/380 385/411/379
f 8/136/136 338/365/333 65/200/200
f 50/413/381 339/368/336 338/365/333
f 49/414/135 340/370/338 339/368/336
f 48/415/134 341/373/341 340/370/338
f 46/416/131 341/373/341 47/417/132
f 45/418/382 342/372/340 46/416/131
f 44/419/130 343/374/342 45/418/382
f 4/420/66 344/376/344 44/419/130
f 29/421/65 351/383/351 344/376/344
f 28/422/64 358/423/383 351/383/351
f 358/423/383 26/424/62 365/391/359
f 365/391/359 25/425/61 372/398/366
f 372/398/366 24/426/60 379/405/373
f 379/405/373 23/427/384 386/412/380
f 386/412/380 2/428/58 92/429/277
f 385/411/379 92/429/277 91/430/276
f 384/409/377 91/430/276 90/431/275
f 383/410/378 90/431/275 89/432/273
f 383/410/378 88/433/385 382/408/376
f 382/408/376 87/434/272 381/407/375
f 381/407/375 86/435/271 380/406/374
f 380/406/374 6/207/207 71/436/386
f 373/399/367 71/436/386 70/205/205
f 366/392/360 70/205/205 69/204/204
f 359/385/353 69/204/204 68/203/203
f 352/379/347 68/203/203 67/202/202
f 66/201/201 352/379/347 67/202/202
f 65/200/200 345/367/335 66/201/201
f 93/1/1 94/4/4 101/2/2
f 94/4/4 95/6/6 102/5/5
f 95/6/6 96/8/8 103/7/7
f 96/8/8 97/10/10 104/9/9
f 97/10/10 98/12/12 105/11/11
f 98/12/12 99/57/57 106/13/13
f 100/3/3 101/2/2 108/14/14
f 101/2/2 102/5/5 109/16/16
f 102/5/5 103/7/7 110/17/17
f 103/7/7 104/9/9 111/18/18
f 104/9/9 105/11/11 112/19/19
f 105/11/11 106/13/13 113/20/20
f 107/15/15 108/14/14 115/21/21
f 108/14/14 109/16/16 116/23/23
f 109/16/16 110/17/17 117/24/24
f 110/17/17 111/18/18 118/25/25
f 111/18/18 112/19/19 119/26/26
f 112/19/19 113/20/20 120/27/27
f 114/22/22 115/21/21 122/28/28
f 115/21/21 116/23/23 123/30/30
f 116/23/23 117/24/24 124/31/31
f 117/24/24 118/25/25 125/32/32
f 118/25/25 119/26/26 126/33/33
f 119/26/26 120/27/27 127/34/34
f 122/28/28 129/36/36 128/35/35
f 123/30/30 130/37/37 129/36/36
f 124/31/31 131/39/39 130/37/37
f 124/31/31 125/32/32 132/38/38
f 125/32/32 126/33/33 133/40/40
f 126/33/33 127/34/34 134/41/41
f 129/36/36 136/43/43 135/42/42
f 130/37/37 137/44/44 136/43/43
f 131/39/39 138/46/46 137/44/44
f 131/39/39 132/38/38 139/45/45
f 132/38/38 133/40/40 140/47/47
f 133/40/40 134/41/41 141/48/48
f 1/49/49 16/51/51 93/1/1
f 16/51/51 17/52/52 94/4/4
f 17/52/52 18/53/53 95/6/6
f 18/53/53 19/54/54 96/8/8
f 19/54/54 20/55/55 97/10/10
f 20/55/55 21/56/56 98/12/12
f 21/56/56 22/59/59 99/57/57
f 2/58/58 23/437/384 99/57/57
f 99/57/57 23/437/384 24/60/60
f 106/13/13 24/60/60 25/61/61
f 113/20/20 25/61/61 26/62/62
f 120/27/27 26/62/62 27/63/63
f 127/34/34 27/63/63 28/64/64
f 134/41/41 28/64/64 29/65/65
f 141/48/48 29/65/65 4/66/66
f 140/47/47 141/48/48 30/67/67
f 140/47/47 31/68/68 32/69/69
f 139/45/45 32/69/69 33/70/70
f 138/46/46 33/70/70 34/71/71
f 137/44/44 34/71/71 35/72/72
f 136/43/43 35/72/72 36/73/73
f 135/42/42 36/73/73 3/74/74
f 128/35/35 135/42/42 9/75/75
f 11/77/77 121/29/29 128/35/35
f 12/78/78 114/22/22 121/29/29
f 13/79/79 107/15/15 114/22/22
f 14/80/80 100/3/3 107/15/15
f 15/50/50 93/1/1 100/3/3
f 142/81/81 143/85/85 150/82/82
f 144/84/84 151/87/87 150/82/82
f 145/86/86 152/89/89 151/87/87
f 146/88/88 153/91/91 152/89/89
f 147/90/90 154/93/93 153/91/91
f 148/92/92 155/99/99 154/93/93
f 150/82/82 157/95/95 156/94/94
f 151/87/87 158/96/96 157/95/95
f 152/89/89 159/97/97 158/96/96
f 153/91/91 160/98/98 159/97/97
f 154/93/93 161/100/100 160/98/98
f 155/99/99 162/106/106 161/100/100
f 157/95/95 164/102/102 163/101/101
f 158/96/96 165/103/103 164/102/102
f 159/97/97 166/104/104 165/103/103
f 160/98/98 167/105/105 166/104/104
f 161/100/100 168/107/107 167/105/105
f 162/106/106 169/113/113 168/107/107
f 164/102/102 171/109/109 170/108/108
f 165/103/103 172/110/110 171/109/109
f 166/104/104 173/111/111 172/110/110
f 167/105/105 174/112/112 173/111/111
f 168/107/107 175/114/114 174/112/112
f 169/113/113 176/133/133 175/114/114
f 171/109/109 178/116/116 177/115/115
f 172/110/110 179/117/117 178/116/116
f 173/111/111 180/119/119 179/117/117
f 173/111/111 174/112/112 181/118/118
f 174/112/112 175/114/114 182/120/120
f 175/114/114 176/133/133 183/121/121
f 178/116/116 185/123/123 184/122/122
f 179/117/117 186/125/125 185/123/123
f 179/117/117 180/119/119 187/124/124
f 180/119/119 181/118/118 188/126/126
f 181/118/118 182/120/120 189/127/127
f 182/120/120 183/121/121 190/128/128
f 3/74/74 36/73/73 142/81/81
f 35/72/72 143/85/85 142/81/81
f 34/71/71 144/84/84 143/85/85
f 33/70/70 145/86/86 144/84/84
f 32/69/69 146/88/88 145/86/86
f 31/68/68 147/90/90 146/88/88
f 30/67/67 148/92/92 147/90/90
f 4/66/66 44/130/130 148/92/92
f 44/130/130 45/438/382 155/99/99
f 155/99/99 45/438/382 46/131/131
f 46/131/131 47/132/132 169/113/113
f 47/132/132 48/134/134 176/133/133
f 48/134/134 49/135/135 183/121/121
f 49/135/135 50/439/381 190/128/128
f 190/128/128 50/439/381 8/136/136
f 189/127/127 190/128/128 51/137/137
f 188/126/126 189/127/127 52/138/138
f 187/124/124 188/126/126 53/139/139
f 186/125/125 187/124/124 54/140/140
f 186/125/125 55/141/141 56/142/142
f 185/123/123 56/142/142 57/143/143
f 184/122/122 57/143/143 7/144/144
f 177/115/115 184/122/122 37/145/145
f 170/108/108 177/115/115 38/146/146
f 163/101/101 170/108/108 39/147/147
f 156/94/94 163/101/101 40/148/148
f 149/83/83 156/94/94 41/149/149
f 142/81/81 149/83/83 42/150/150
f 191/151/151 192/154/154 199/152/152
f 192/154/154 193/156/156 200/155/155
f 193/156/156 194/159/159 201/157/157
f 195/158/158 202/161/161 201/157/157
f 196/160/160 203/163/163 202/161/161
f 197/162/162 204/169/169 203/163/163
f 198/153/153 199/152/152 206/164/164
f 199/152/152 200/155/155 207/166/166
f 201/157/157 208/167/167 207/166/166
f 202/161/161 209/168/168 208/167/167
f 203/163/163 210/170/170 209/168/168
f 204/169/169 211/176/176 210/170/170
f 206/164/164 213/172/172 212/171/171
f 207/166/166 214/173/173 213/172/172
f 208/167/167 215/174/174 214/173/173
f 209/168/168 216/175/175 215/174/174
f 210/170/170 217/177/177 216/175/175
f 211/176/176 218/183/183 217/177/177
f 213/172/172 220/179/179 219/178/178
f 214/173/173 221/180/180 220/179/179
f 215/174/174 222/181/181 221/180/180
f 216/175/175 223/182/182 222/181/181
f 217/177/177 224/184/184 223/182/182
f 218/183/183 225/190/190 224/184/184
f 220/179/179 227/186/186 226/185/185
f 221/180/180 228/187/187 227/186/186
f 222/181/181 229/188/188 228/187/187
f 223/182/182 230/189/189 229/188/188
f 224/184/184 231/191/191 230/189/189
f 225/190/190 232/197/197 231/191/191
f 227/186/186 234/193/193 233/192/192
f 228/187/187 235/194/194 234/193/193
f 229/188/188 236/195/195 235/194/194
f 230/189/189 237/196/196 236/195/195
f 231/191/191 238/198/198 237/196/196
f 232/197/197 239/206/206 238/198/198
f 7/144/144 57/143/143 191/151/151
f 57/143/143 56/142/142 192/154/154
f 56/142/142 55/141/141 193/156/156
f 55/141/141 54/140/140 194/159/159
f 54/140/140 53/139/139 195/158/158
f 52/138/138 196/160/160 195/158/158
f 51/137/137 197/162/162 196/160/160
f 8/136/136 65/200/200 197/162/162
f 65/200/200 66/201/201 204/169/169
f 66/201/201 67/202/202 211/176/176
f 67/202/202 68/203/203 218/183/183
f 68/203/203 69/204/204 225/190/190
f 69/204/204 70/205/205 232/197/197
f 70/205/205 71/436/386 239/206/206
f 239/206/206 71/436/386 6/207/207
f 239/206/206 72/208/208 73/209/209
f 238/198/198 73/209/209 74/210/210
f 237/196/196 74/210/210 75/211/211
f 236/195/195 75/211/211 76/212/212
f 235/194/194 76/212/212 77/213/213
f 234/193/193 77/213/213 78/214/214
f 233/192/192 78/214/214 5/215/215
f 226/185/185 233/192/192 58/216/216
f 219/178/178 226/185/185 59/217/217
f 212/171/171 219/178/178 60/218/218
f 205/165/165 212/171/171 61/219/219
f 198/153/153 205/165/165 62/220/220
f 191/151/151 198/153/153 63/221/221
f 240/222/222 241/225/225 248/223/223
f 241/225/225 242/228/228 249/226/226
f 243/227/227 250/230/230 249/226/226
f 244/229/229 251/232/232 250/230/230
f 245/231/231 252/234/234 251/232/232
f 246/233/233 253/240/240 252/234/234
f 247/224/224 248/223/223 255/235/235
f 248/223/223 249/226/226 256/237/237
f 250/230/230 257/238/238 256/237/237
f 251/232/232 258/239/239 257/238/238
f 252/234/234 259/241/241 258/239/239
f 253/240/240 260/247/247 259/241/241
f 254/236/236 255/235/235 262/242/242
f 255/235/235 256/237/237 263/244/244
f 256/237/237 257/238/238 264/245/245
f 258/239/239 265/246/246 264/245/245
f 259/241/241 266/248/248 265/246/246
f 260/247/247 267/274/274 266/248/248
f 261/243/243 262/242/242 269/249/249
f 262/242/242 263/244/244 270/251/251
f 263/244/244 264/245/245 271/252/252
f 264/245/245 265/246/246 272/253/253
f 265/246/246 266/248/248 273/254/254
f 266/248/248 267/274/274 274/255/255
f 269/249/249 276/258/258 275/256/256
f 269/249/249 270/251/251 277/257/257
f 270/251/251 271/252/252 278/259/259
f 271/252/252 272/253/253 279/260/260
f 272/253/253 273/254/254 280/261/261
f 273/254/254 274/255/255 281/262/262
f 276/258/258 283/265/265 282/263/263
f 276/258/258 277/257/257 284/264/264
f 277/257/257 278/259/259 285/266/266
f 278/259/259 279/260/260 286/267/267
f 279/260/260 280/261/261 287/268/268
f 280/261/261 281/262/262 288/269/269
f 5/215/215 78/214/214 240/222/222
f 78/214/214 77/213/213 241/225/225
f 76/212/212 242/228/228 241/225/225
f 75/211/211 243/227/227 242/228/228
f 74/210/210 244/229/229 243/227/227
f 73/209/209 245/231/231 244/229/229
f 72/208/208 246/233/233 245/231/231
f 6/207/207 86/271/271 246/233/233
f 86/271/271 87/272/272 253/240/240
f 87/272/272 88/440/385 260/247/247
f 260/247/247 88/440/385 89/273/273
f 267/274/274 89/273/273 90/275/275
f 274/255/255 90/275/275 91/276/276
f 281/262/262 91/276/276 92/277/277
f 288/269/269 92/277/277 2/278/58
f 287/268/268 288/269/269 22/279/59
f 286/267/267 287/268/268 21/280/56
f 285/266/266 286/267/267 20/281/55
f 284/264/264 285/266/266 19/282/54
f 283/265/265 284/264/264 18/283/53
f 282/263/263 283/265/265 17/284/52
f 282/263/263 16/285/51 1/286/49
f 275/256/256 282/263/263 79/287/278
f 268/250/250 275/256/256 80/288/279
f 82/290/281 261/243/243 268/250/250
f 83/291/282 254/236/236 261/243/243
f 84/292/283 247/224/224 254/236/236
f 85/270/270 240/222/222 247/224/224
f 289/293/284 290/296/287 297/294/285
f 290/296/287 291/298/289 298/297/288
f 291/298/289 292/301/292 299/299/290
f 293/300/291 300/303/294 299/299/290
f 294/302/293 301/305/296 300/303/294
f 295/304/295 302/311/302 301/305/296
f 296/295/286 297/294/285 304/306/297
f 297/294/285 298/297/288 305/308/299
f 298/297/288 299/299/290 306/309/300
f 300/303/294 307/310/301 306/309/300
f 301/305/296 308/312/303 307/310/301
f 302/311/302 309/318/309 308/312/303
f 303/307/298 304/306/297 311/313/304
f 304/306/297 305/308/299 312/315/306
f 305/308/299 306/309/300 313/316/307
f 307/310/301 314/317/308 313/316/307
f 308/312/303 315/319/310 314/317/308
f 309/318/309 316/350/332 315/319/310
f 311/313/304 318/321/312 317/320/311
f 312/315/306 319/322/313 318/321/312
f 313/316/307 320/324/315 319/322/313
f 313/316/307 314/317/308 321/323/314
f 314/317/308 315/319/310 322/325/316
f 315/319/310 316/350/332 323/326/317
f 318/321/312 325/328/319 324/327/318
f 319/322/313 326/329/320 325/328/319
f 320/324/315 327/331/322 326/329/320
f 320/324/315 321/323/314 328/330/321
f 321/323/314 322/325/316 329/332/323
f 322/325/316 323/326/317 330/333/324
f 325/328/319 332/335/326 331/334/325
f 326/329/320 333/336/327 332/335/326
f 327/331/322 334/338/329 333/336/327
f 327/331/322 328/330/321 335/337/328
f 328/330/321 329/332/323 336/339/330
f 329/332/323 330/333/324 337/340/331
f 3/341/74 43/343/129 289/293/284
f 43/343/129 42/344/150 290/296/287
f 42/344/150 41/345/149 291/298/289
f 41/345/149 40/346/148 292/301/292
f 40/346/148 39/348/147 293/300/291
f 38/347/146 294/302/293 293/300/291
f 37/349/145 295/304/295 294/302/293
f 7/144/144 64/199/199 295/304/295
f 64/199/199 63/221/221 302/311/302
f 63/221/221 62/220/220 309/318/309
f 62/220/220 61/219/219 316/350/332
f 316/350/332 61/219/219 60/218/218
f 323/326/317 60/218/218 59/217/217
f 330/333/324 59/217/217 58/216/216
f 337/340/331 58/216/216 5/215/215
f 336/339/330 337/340/331 85/351/270
f 335/337/328 336/339/330 84/352/283
f 335/337/328 83/353/282 82/354/281
f 334/338/329 82/354/281 81/355/280
f 333/336/327 81/355/280 80/356/279
f 332/335/326 80/356/279 79/357/278
f 331/334/325 79/357/278 1/358/49
f 324/327/318 331/334/325 15/359/50
f 317/320/311 324/327/318 14/360/80
f 310/314/305 317/320/311 13/361/79
f 11/363/77 303/307/298 310/314/305
f 10/364/76 296/295/286 303/307/298
f 9/342/75 289/293/284 296/295/286
f 338/365/333 339/368/336 346/366/334
f 339/368/336 340/370/338 347/369/337
f 340/370/338 341/373/341 348/371/339
f 342/372/340 349/375/343 348/371/339
f 343/374/342 350/377/345 349/375/343
f 344/376/344 351/383/351 350/377/345
f 345/367/335 346/366/334 353/378/346
f 346/366/334 347/369/337 354/380/348
f 347/369/337 348/371/339 355/381/349
f 349/375/343 356/382/350 355/381/349
f 350/377/345 357/384/352 356/382/350
f 351/383/351 358/423/383 357/384/352
f 353/378/346 360/386/354 359/385/353
f 354/380/348 361/388/356 360/386/354
f 354/380/348 355/381/349 362/387/355
f 356/382/350 363/390/358 362/387/355
f 356/382/350 357/384/352 364/389/357
f 357/384/352 358/423/383 365/391/359
f 360/386/354 367/393/361 366/392/360
f 361/388/356 368/394/362 367/393/361
f 362/387/355 369/396/364 368/394/362
f 362/387/355 363/390/358 370/395/363
f 363/390/358 364/389/357 371/397/365
f 364/389/357 365/391/359 372/398/366
f 367/393/361 374/400/368 373/399/367
f 368/394/362 375/401/369 374/400/368
f 369/396/364 376/403/371 375/401/369
f 369/396/364 370/395/363 377/402/370
f 370/395/363 371/397/365 378/404/372
f 371/397/365 372/398/366 379/405/373
f 374/400/368 381/407/375 380/406/374
f 375/401/369 382/408/376 381/407/375
f 376/403/371 383/410/378 382/408/376
f 376/403/371 377/402/370 384/409/377
f 377/402/370 378/404/372 385/411/379
f 378/404/372 379/405/373 386/412/380
f 8/136/136 50/413/381 338/365/333
f 50/413/381 49/414/135 339/368/336
f 49/414/135 48/415/134 340/370/338
f 48/415/134 47/417/132 341/373/341
f 46/416/131 342/372/340 341/373/341
f 45/418/382 343/374/342 342/372/340
f 44/419/130 344/376/344 343/374/342
f 4/420/66 29/421/65 344/376/344
f 29/421/65 28/422/64 351/383/351
f 28/422/64 27/441/63 358/423/383
f 358/423/383 27/441/63 26/424/62
f 365/391/359 26/424/62 25/425/61
f 372/398/366 25/425/61 24/426/60
f 379/405/373 24/426/60 23/427/384
f 386/412/380 23/427/384 2/428/58
f 385/411/379 386/412/380 92/429/277
f 384/409/377 385/411/379 91/430/276
f 383/410/378 384/409/377 90/431/275
f 383/410/378 89/432/273 88/433/385
f 382/408/376 88/433/385 87/434/272
f 381/407/375 87/434/272 86/435/271
f 380/406/374 86/435/271 6/207/207
f 373/399/367 380/406/374 71/436/386
f 366/392/360 373/399/367 70/205/205
f 359/385/353 366/392/360 69/204/204
f 352/379/347 359/385/353 68/203/203
f 66/201/201 345/367/335 352/379/347
f 65/200/200 338/365/333 345/367/335
o hulitou.003
v 3.013663 2.269467 -3.587919
v 2.873240 3.335505 -4.025559
v 2.916665 1.860573 -4.747176
v 2.822613 2.889283 -5.139586
v 2.603331 1.763728 -4.774298
v 2.131973 1.717181 -4.760762
v 2.095393 2.970196 -5.211923
v 2.527246 2.943589 -5.205534
v 2.932408 2.665389 -5.132983
v 3.005859 2.342679 -5.058985
v 2.991105 2.043683 -4.907345
v 3.104544 2.118016 -3.801640
v 3.128964 1.962530 -4.139841
v 3.046449 1.873542 -4.495965
v 2.911190 3.174392 -5.053581
v 2.836866 3.457379 -4.307238
v 3.019744 3.145702 -3.883104
v 3.115352 2.831778 -3.713957
v 3.099630 2.504967 -3.610317
v 2.249016 2.208055 -3.361939
v 2.713838 2.227950 -3.453583
v 2.605421 3.413538 -3.964961
v 2.203964 3.453808 -3.914355
v 2.107350 1.931243 -5.058208
v 2.092291 2.252209 -5.242004
v 2.088075 2.619828 -5.296209
v 2.595024 1.965634 -5.044237
v 2.589555 2.274654 -5.218031
v 2.554575 2.625210 -5.273422
v 3.246939 2.129411 -4.631272
v 3.284592 2.448025 -4.774116
v 3.168875 2.926189 -4.911532
v 3.356573 2.243546 -4.272443
v 3.403550 2.574804 -4.410057
v 3.301249 3.048004 -4.585250
v 3.307160 2.385506 -3.911545
v 3.333623 2.732263 -4.042387
v 3.026804 3.480579 -4.398795
v 2.732890 2.550797 -3.396552
v 2.734374 2.897267 -3.487247
v 2.687074 3.202416 -3.689876
v 2.255220 2.558381 -3.290951
v 2.247954 2.921444 -3.381618
v 2.229842 3.237918 -3.601900
v 2.163914 1.649566 -4.377003
v 2.664813 1.708693 -4.423211
v 2.198265 1.724462 -3.965789
v 2.720964 1.784705 -4.033857
v 2.228696 1.919482 -3.602776
v 2.726719 1.967286 -3.683344
v 2.550411 3.318778 -5.038027
v 2.113534 3.258011 -4.997119
v 2.358551 3.614478 -4.737340
v 2.140928 3.479405 -4.670407
v 2.640344 3.659247 -4.425973
v 2.173324 3.541721 -4.282547
v 2.931175 3.999771 -5.062730
v 2.933085 4.227659 -4.998899
v 2.931130 4.197226 -4.892220
v 3.062098 3.840556 -5.011366
v 3.090849 3.975853 -4.915717
v 2.990908 4.041815 -4.786798
v 2.768281 3.962627 -5.044027
v 2.717453 4.106980 -4.940025
v 2.826693 4.095256 -4.799727
v 2.843210 3.417638 -4.207584
v 3.145198 3.264868 -4.269692
v 2.499522 3.607470 -4.342414
v 2.781352 4.138487 -4.818321
v 2.942557 4.247041 -4.915170
v 3.049787 4.049390 -4.803679
v 2.828264 3.510771 -4.510263
v 2.887409 3.991191 -4.889411
v 2.973983 3.505218 -4.539790
v 2.673443 3.641855 -4.561113
v 2.798115 3.965085 -4.836163
v 2.954333 3.908465 -4.822925
v 1.468418 2.269467 -3.458625
v 1.534160 3.335506 -3.913515
v 1.371420 1.860573 -4.617882
v 1.398953 2.889283 -5.020465
v 1.673147 1.763728 -4.696467
v 1.677091 2.943589 -5.134400
v 1.291782 2.665389 -4.995708
v 1.231649 2.342679 -4.910533
v 1.271398 2.043683 -4.763453
v 1.343283 2.118016 -3.654271
v 1.263000 1.962530 -3.983711
v 1.285187 1.873542 -4.348596
v 1.325900 3.174392 -4.920936
v 1.523219 3.457379 -4.197322
v 1.413367 3.145702 -3.748695
v 1.347197 2.831778 -3.566012
v 1.379924 2.504967 -3.466425
v 1.783654 2.227950 -3.375752
v 1.806164 3.413538 -3.898085
v 1.636611 1.965634 -4.964045
v 1.613282 2.274654 -5.136344
v 1.638729 2.625210 -5.196791
v 1.064999 2.129411 -4.448704
v 1.004132 2.448025 -4.583304
v 1.095404 2.926189 -4.738040
v 1.016521 2.243546 -4.076645
v 0.947327 2.574804 -4.204539
v 1.019092 3.048004 -4.394297
v 1.125220 2.385506 -3.728977
v 1.077383 2.732263 -3.853601
v 1.320707 3.480579 -4.256042
v 1.774477 2.550797 -3.316359
v 1.758101 2.897267 -3.405560
v 1.771228 3.202416 -3.613245
v 1.670781 1.708693 -4.340038
v 1.680086 1.784705 -3.946764
v 1.732687 1.967286 -3.600171
v 1.682751 3.318778 -4.965427
v 1.921358 3.614478 -4.700759
v 1.697277 3.659247 -4.347064
v 1.304672 3.999771 -4.926637
v 1.313396 4.227659 -4.863376
v 1.333052 4.197226 -4.758505
v 1.184105 3.840556 -4.854230
v 1.171649 3.975853 -4.755133
v 1.291625 4.041816 -4.644616
v 1.468410 3.962627 -4.935264
v 1.535814 4.106980 -4.841154
v 1.451408 4.095256 -4.684654
v 1.533523 3.417638 -4.098000
v 1.225413 3.264868 -4.109059
v 1.848892 3.607470 -4.287974
v 1.493029 4.138487 -4.710524
v 1.317970 4.247041 -4.779237
v 1.230760 4.049391 -4.651476
v 1.497962 3.510771 -4.398954
v 1.376632 3.991191 -4.763001
v 1.349362 3.505218 -4.403854
v 1.642180 3.641855 -4.474825
v 1.473534 3.965085 -4.725332
v 1.321687 3.908465 -4.686318
v 2.867792 1.839320 -4.754750
v 2.794012 1.812662 -4.763237
v 2.704721 1.786859 -4.769991
v 2.492699 1.744429 -4.775750
v 2.375506 1.729765 -4.774108
v 2.254385 1.720446 -4.769177
v 2.207007 2.968262 -5.218379
v 2.317682 2.962820 -5.219292
v 2.425175 2.954415 -5.214923
v 2.621565 2.930845 -5.191577
v 2.705445 2.916523 -5.174256
v 2.775576 2.901392 -5.155311
v 2.845371 2.853886 -5.141899
v 2.874780 2.800894 -5.142416
v 2.904432 2.737111 -5.139646
v 2.957429 2.588196 -5.121951
v 2.978572 2.507473 -5.106174
v 2.994995 2.425031 -5.085302
v 3.010547 2.262122 -5.027108
v 3.009325 2.184649 -4.990499
v 3.002681 2.111442 -4.950223
v 2.975165 1.982652 -4.863055
v 2.955762 1.930014 -4.819053
v 2.934412 1.887724 -4.777797
v 3.034759 2.241339 -3.620206
v 3.060497 2.202831 -3.669950
v 3.084373 2.160970 -3.731219
v 3.119859 2.075577 -3.879216
v 3.129514 2.034816 -3.962399
v 3.132788 1.996783 -4.049753
v 3.117608 1.932939 -4.231183
v 3.099415 1.908218 -4.322119
v 3.075368 1.888406 -4.410947
v 3.013745 1.863648 -4.575320
v 2.978781 1.858677 -4.646571
v 2.943854 1.858294 -4.706643
v 2.843656 2.913057 -5.119425
v 2.869461 2.959973 -5.093012
v 2.892903 3.041608 -5.069099
v 2.930930 3.814733 -5.060766
v 2.928727 3.591928 -5.054528
v 2.922752 3.366699 -5.050104
v 2.630704 3.510412 -5.029810
v 2.691358 3.697937 -5.034008
v 2.738803 3.859631 -5.040442
v 2.853503 3.395056 -4.164219
v 2.864739 3.371820 -4.113925
v 2.871861 3.350523 -4.063413
v 2.906518 3.305641 -4.000574
v 2.946820 3.261434 -3.965538
v 2.984863 3.207962 -3.925802
v 3.051461 3.074995 -3.838904
v 3.078897 2.997652 -3.794849
v 3.100659 2.915853 -3.752635
v 3.121958 2.747430 -3.680226
v 3.120963 2.664102 -3.651715
v 3.113233 2.582909 -3.628416
v 3.081064 2.431612 -3.597419
v 3.058620 2.365062 -3.589760
v 3.034038 2.308262 -3.587134
v 2.370968 2.209448 -3.375851
v 2.490777 2.213427 -3.396454
v 2.605911 2.219694 -3.422710
v 2.811994 2.237856 -3.487936
v 2.897683 2.248915 -3.524227
v 2.967747 2.260348 -3.560141
v 2.834058 3.350242 -4.013256
v 2.771847 3.370869 -3.997433
v 2.694072 3.392886 -3.981036
v 2.510086 3.430570 -3.949863
v 2.410266 3.443220 -3.936157
v 2.307659 3.451096 -3.924202
v 2.102632 2.003660 -5.115508
v 2.098537 2.081947 -5.165401
v 2.095084 2.165123 -5.207648
v 2.090178 2.342219 -5.268237
v 2.088761 2.434159 -5.286145
v 2.088055 2.527029 -5.295534
v 2.232071 1.933636 -5.065215
v 2.356291 1.940489 -5.065328
v 2.477959 1.951317 -5.058388
v 2.218769 2.253593 -5.248467
v 2.345024 2.257770 -5.246700
v 2.469229 2.264778 -5.236592
v 2.207286 2.619928 -5.302165
v 2.326077 2.620543 -5.300253
v 2.442492 2.622146 -5.290624
v 2.595670 2.035214 -5.097489
v 2.595357 2.110611 -5.144527
v 2.593511 2.190774 -5.184869
v 2.583124 2.361183 -5.243596
v 2.574693 2.449224 -5.261409
v 2.564949 2.537618 -5.271380
v 2.092507 2.887754 -5.245714
v 2.090315 2.801203 -5.271148
v 2.088832 2.711557 -5.288040
v 2.529383 2.871253 -5.233196
v 2.535528 2.793255 -5.253986
v 2.544364 2.710829 -5.267522
v 2.850309 2.649522 -5.178340
v 2.759413 2.638093 -5.217035
v 2.660557 2.630267 -5.248814
v 2.913346 2.321481 -5.111342
v 2.812552 2.303046 -5.155350
v 2.704336 2.287421 -5.190937
v 2.904365 2.022808 -4.954818
v 2.809000 2.002243 -4.993040
v 2.705668 1.982886 -5.022637
v 2.596874 1.801132 -4.850150
v 2.594281 1.847779 -4.920467
v 2.594136 1.902877 -4.985185
v 2.125008 1.757877 -4.844705
v 2.118564 1.807604 -4.922482
v 2.112669 1.865635 -4.993761
v 3.270502 2.205328 -4.669110
v 3.284400 2.284551 -4.706207
v 3.288981 2.365858 -4.741547
v 3.271461 2.531883 -4.803658
v 3.249334 2.626485 -4.832969
v 3.217398 2.744983 -4.865939
v 3.288497 2.154534 -4.546158
v 3.320872 2.181911 -4.457083
v 3.343688 2.211572 -4.365395
v 3.330909 2.476769 -4.687539
v 3.366863 2.506787 -4.596984
v 3.391422 2.539118 -4.503981
v 3.229793 2.959987 -4.824555
v 3.269797 2.984800 -4.743337
v 3.294328 3.011734 -4.662992
v 3.383979 2.325122 -4.307699
v 3.400397 2.408732 -4.342841
v 3.406647 2.492563 -4.377187
v 3.391727 2.656711 -4.441896
v 3.370994 2.751814 -4.477657
v 3.340963 2.876712 -4.523416
v 3.359241 2.277713 -4.179522
v 3.351778 2.313346 -4.087713
v 3.334359 2.349569 -3.998044
v 3.402628 2.614265 -4.316533
v 3.389697 2.655446 -4.223894
v 3.366210 2.695671 -4.132420
v 3.288819 3.098015 -4.511297
v 3.259199 3.155836 -4.438511
v 3.214751 3.213047 -4.362736
v 3.331259 2.465546 -3.940708
v 3.344316 2.549890 -3.971904
v 3.345412 2.638731 -4.005630
v 3.308312 2.831895 -4.083075
v 3.269984 2.943892 -4.130218
v 3.218845 3.077153 -4.187457
v 3.068691 2.064239 -4.850289
v 3.137113 2.084910 -4.784497
v 3.196490 2.106400 -4.711110
v 3.089369 2.366495 -4.998453
v 3.163692 2.392405 -4.930335
v 3.228782 2.419789 -4.855325
v 3.005064 2.688173 -5.081589
v 3.068393 2.726922 -5.026277
v 3.122625 2.794293 -4.969527
v 2.975230 3.131175 -5.036355
v 3.035665 3.081183 -5.011731
v 3.096339 3.018643 -4.975204
v 2.631731 3.995621 -4.893971
v 2.537628 3.861647 -4.839214
v 2.443712 3.727214 -4.784191
v 2.919878 3.376029 -4.201383
v 2.992563 3.334514 -4.201754
v 3.063206 3.297910 -4.216486
v 3.066701 3.146315 -3.953567
v 3.100610 3.157876 -4.034828
v 3.125735 3.184902 -4.129794
v 3.184830 2.811624 -3.788664
v 3.243713 2.789222 -3.869223
v 3.292983 2.763220 -3.954256
v 3.166764 2.481190 -3.678185
v 3.223569 2.452527 -3.751230
v 3.270288 2.420218 -3.829126
v 3.171828 2.174968 -3.829742
v 3.227749 2.239249 -3.856870
v 3.272721 2.309786 -3.883859
v 3.203720 2.024378 -4.171087
v 3.266547 2.092333 -4.203804
v 3.317485 2.165640 -4.237690
v 3.113672 1.929627 -4.524792
v 3.169098 1.991173 -4.557827
v 3.213322 2.057872 -4.593757
v 2.737130 2.637480 -3.406840
v 2.739174 2.724864 -3.425712
v 2.738447 2.811832 -3.452677
v 2.726596 2.980071 -3.528904
v 2.715631 3.059207 -3.577008
v 2.702212 3.133662 -3.630889
v 2.620156 2.554673 -3.358945
v 2.501619 2.556981 -3.328457
v 2.379301 2.558093 -3.305615
v 2.618786 2.907762 -3.449180
v 2.497971 2.915327 -3.418779
v 2.373752 2.919906 -3.396206
v 2.579021 3.217099 -3.658926
v 2.465504 3.228288 -3.633908
v 2.348465 3.235416 -3.614881
v 2.254578 2.650186 -3.299545
v 2.253124 2.741935 -3.317877
v 2.250901 2.832673 -3.345414
v 2.244327 3.007295 -3.425948
v 2.240067 3.089284 -3.477828
v 2.235223 3.166471 -3.536673
v 3.022082 2.522999 -3.547943
v 2.934651 2.535949 -3.491343
v 2.838025 2.544867 -3.440789
v 3.034647 2.850730 -3.646262
v 2.943494 2.868293 -3.585865
v 2.843025 2.883970 -3.532837
v 2.956481 3.153878 -3.822495
v 2.878272 3.168036 -3.770751
v 2.787631 3.185205 -3.726877
v 2.630842 3.369982 -3.891398
v 2.652253 3.320438 -3.820674
v 2.670660 3.264664 -3.753323
v 2.210981 3.411075 -3.829782
v 2.217669 3.360617 -3.749089
v 2.223974 3.302782 -3.672915
v 2.251930 2.291487 -3.327802
v 2.253921 2.378219 -3.304779
v 2.255010 2.467450 -3.292588
v 2.716274 2.303818 -3.423159
v 2.721168 2.383318 -3.404000
v 2.727159 2.465846 -3.395374
v 2.293423 1.653426 -4.387869
v 2.421645 1.664788 -4.399005
v 2.546227 1.683320 -4.410692
v 2.172512 1.655672 -4.273948
v 2.181172 1.670440 -4.170244
v 2.189790 1.693495 -4.067117
v 2.682111 1.716364 -4.326833
v 2.697788 1.731795 -4.228940
v 2.711015 1.754678 -4.130845
v 2.333204 1.728250 -3.978610
v 2.466763 1.739582 -3.994362
v 2.596748 1.758415 -4.012845
v 2.206494 1.762958 -3.867483
v 2.214376 1.808573 -3.773408
v 2.221810 1.860887 -3.684770
v 2.727044 1.821524 -3.939290
v 2.729624 1.864608 -3.848465
v 2.729313 1.913386 -3.762708
v 2.357980 1.922452 -3.616322
v 2.485589 1.931387 -3.634790
v 2.609257 1.946321 -3.657393
v 2.139423 1.686092 -4.671096
v 2.147285 1.664579 -4.576587
v 2.155477 1.652464 -4.478226
v 2.614578 1.736145 -4.693077
v 2.629585 1.718107 -4.607048
v 2.646836 1.709120 -4.516872
v 2.967101 1.823210 -4.472253
v 2.876372 1.778834 -4.452958
v 2.775272 1.740600 -4.436977
v 3.042414 1.907440 -4.110340
v 2.944897 1.859347 -4.082749
v 2.837413 1.818389 -4.057208
v 3.025689 2.069191 -3.772048
v 2.935881 2.028183 -3.741740
v 2.835949 1.994410 -3.711807
v 2.714765 2.156231 -3.495703
v 2.718136 2.088829 -3.548750
v 2.722578 2.025821 -3.611654
v 2.245170 2.128661 -3.407273
v 2.240452 2.053807 -3.463115
v 2.234936 1.983934 -3.528577
v 2.420476 3.269651 -5.024271
v 2.312411 3.256671 -5.014000
v 2.211226 3.256191 -5.005247
v 2.477403 3.429875 -4.968947
v 2.420904 3.508556 -4.896772
v 2.379388 3.569489 -4.819177
v 2.119624 3.322637 -4.924634
v 2.126261 3.382792 -4.845536
v 2.133382 3.435905 -4.760551
v 2.288588 3.540214 -4.705068
v 2.231778 3.499690 -4.685655
v 2.183948 3.482790 -4.675351
v 2.362604 3.643963 -4.652036
v 2.387897 3.656469 -4.561884
v 2.429921 3.649198 -4.464204
v 2.148825 3.511281 -4.575983
v 2.156949 3.531766 -4.478768
v 2.165161 3.541649 -4.380409
v 2.392129 3.565780 -4.310917
v 2.311996 3.548821 -4.296393
v 2.240513 3.542664 -4.288224
v 2.529874 3.011222 -5.171527
v 2.535765 3.083889 -5.132271
v 2.542957 3.175107 -5.088762
v 2.098956 3.047819 -5.169962
v 2.103179 3.121126 -5.120035
v 2.108044 3.190922 -5.062351
v 2.196663 3.488488 -4.002229
v 2.189108 3.514857 -4.093069
v 2.181321 3.532681 -4.186600
v 2.575677 3.452021 -4.041336
v 2.544097 3.489033 -4.122509
v 2.514618 3.530694 -4.212803
v 2.761961 3.455935 -4.216104
v 2.678061 3.494715 -4.231960
v 2.593495 3.540157 -4.264047
v 2.556511 3.760271 -4.498305
v 2.630810 3.903242 -4.624080
v 2.709471 4.034310 -4.733327
v 2.840470 3.214794 -5.065882
v 2.760878 3.252350 -5.071212
v 2.669506 3.286289 -5.065696
v 2.931031 4.120639 -5.055784
v 2.931078 4.186704 -5.041089
v 2.931652 4.216274 -5.021256
v 2.935534 4.235878 -4.976294
v 2.938428 4.242796 -4.954393
v 2.941019 4.246992 -4.933812
v 3.068883 3.890729 -5.000768
v 3.078239 3.934893 -4.979166
v 3.086758 3.959855 -4.949281
v 3.087724 3.994195 -4.882896
v 3.078468 4.014647 -4.852565
v 3.065138 4.034086 -4.825801
v 2.968122 3.983587 -5.058259
v 3.003243 3.952763 -5.048461
v 3.036535 3.899323 -5.031009
v 2.970208 4.217187 -4.997474
v 3.006956 4.184040 -4.987511
v 3.046210 4.109751 -4.962446
v 2.968681 4.238905 -4.912364
v 2.994521 4.213304 -4.898810
v 3.021187 4.155158 -4.865562
v 2.756218 4.012967 -5.030571
v 2.739566 4.060125 -5.006351
v 2.724518 4.089466 -4.974938
v 2.723126 4.120340 -4.905080
v 2.738767 4.130514 -4.872079
v 2.759726 4.136799 -4.842626
v 2.914545 4.248603 -4.913364
v 2.881060 4.237731 -4.901873
v 2.838022 4.204375 -4.872818
v 2.892618 4.229153 -4.996622
v 2.845472 4.216298 -4.988578
v 2.788225 4.178954 -4.970976
v 2.891675 4.009963 -5.064456
v 2.849203 4.008774 -5.062219
v 2.804711 3.989981 -5.054476
v 2.833082 3.447700 -4.336062
v 2.828390 3.442832 -4.376214
v 2.825785 3.458586 -4.432634
v 3.134112 3.477952 -4.443183
v 3.110126 3.688957 -4.584285
v 3.080542 3.887707 -4.707473
v 3.144116 3.207664 -4.931276
v 3.112986 3.472594 -4.962940
v 3.083021 3.697833 -4.992842
v 3.142510 3.772836 -4.843953
v 3.197853 3.527011 -4.756557
v 3.252294 3.273645 -4.666125
v 2.902352 3.425534 -4.305237
v 2.958241 3.407454 -4.314322
v 3.000928 3.420137 -4.342754
v 2.766786 3.490316 -4.314641
v 2.702690 3.528972 -4.332087
v 2.656551 3.582299 -4.366791
v 2.661547 3.764284 -4.512911
v 2.709665 3.883936 -4.615128
v 2.769710 4.000247 -4.716205
v 2.944583 4.192850 -4.888944
v 2.958466 4.174361 -4.875926
v 2.973625 4.128451 -4.844699
v 2.916667 4.196975 -4.891446
v 2.897379 4.186305 -4.881222
v 2.868857 4.155603 -4.853374
v 3.033839 3.597997 -4.486372
v 3.026303 3.750474 -4.592066
v 3.010044 3.908313 -4.698126
v 3.089897 3.395773 -4.328122
v 3.060881 3.451784 -4.356779
v 3.041315 3.476542 -4.377707
v 2.837686 3.459020 -4.284819
v 2.837251 3.451631 -4.263958
v 2.838209 3.437180 -4.239822
v 2.630780 3.666788 -4.407031
v 2.610259 3.663802 -4.391082
v 2.574166 3.647593 -4.373034
v 2.822787 4.113176 -4.790252
v 2.813651 4.126515 -4.790954
v 2.799701 4.135032 -4.800691
v 2.942418 4.241832 -4.899393
v 2.940470 4.231497 -4.888655
v 2.936710 4.216480 -4.885436
v 3.004410 4.054041 -4.777472
v 3.018946 4.059484 -4.778123
v 3.034182 4.057986 -4.787332
v 2.837862 3.608811 -4.610257
v 2.852767 3.736574 -4.718628
v 2.870206 3.871541 -4.817604
v 2.881064 3.485805 -4.508070
v 2.924866 3.472399 -4.511812
v 2.956548 3.481270 -4.524047
v 2.771429 3.536750 -4.515684
v 2.721026 3.566685 -4.526033
v 2.687287 3.604789 -4.542986
v 2.690213 3.705473 -4.623275
v 2.723737 3.799971 -4.707858
v 2.765313 3.896808 -4.786275
v 2.906797 3.983479 -4.886087
v 2.925045 3.967905 -4.875059
v 2.941922 3.939822 -4.851307
v 2.866587 3.995933 -4.889812
v 2.843645 3.994305 -4.882421
v 2.818754 3.982342 -4.862061
v 2.973433 3.579898 -4.602704
v 2.968798 3.696284 -4.689315
v 2.961060 3.819731 -4.770605
v 2.657966 3.632096 -4.525706
v 2.646759 3.632731 -4.485601
v 2.643118 3.644779 -4.451894
v 2.825115 4.072414 -4.818280
v 2.818452 4.041990 -4.835848
v 2.807893 4.002594 -4.841983
v 2.902113 4.078177 -4.921633
v 2.914104 4.135839 -4.923271
v 2.923678 4.172685 -4.908681
v 3.014088 3.473314 -4.425909
v 3.001035 3.469347 -4.460787
v 2.986550 3.481476 -4.502575
v 2.978779 4.022278 -4.805227
v 2.968388 3.992150 -4.822706
v 2.960038 3.949830 -4.828764
v 1.418312 1.839320 -4.633469
v 1.489356 1.812662 -4.654073
v 1.575468 1.786859 -4.675504
v 1.587653 2.930845 -5.105068
v 1.508460 2.916523 -5.074101
v 1.442689 2.901392 -5.043785
v 1.376127 2.853886 -5.018964
v 1.347041 2.800894 -5.014586
v 1.318261 2.737111 -5.006927
v 1.268942 2.588196 -4.980671
v 1.250715 2.507473 -4.961601
v 1.237989 2.425031 -4.938290
v 1.232324 2.262122 -4.878320
v 1.239613 2.184649 -4.842423
v 1.252857 2.111442 -4.803812
v 1.294477 1.982652 -4.722428
v 1.320921 1.930014 -4.682262
v 1.348831 1.887724 -4.645128
v 1.442250 2.241339 -3.486958
v 1.408603 2.202831 -3.531732
v 1.374876 2.160970 -3.588181
v 1.315289 2.075577 -3.728224
v 1.291946 2.034816 -3.808646
v 1.274200 1.996783 -3.894241
v 1.259020 1.932939 -4.075670
v 1.261847 1.908218 -4.168365
v 1.270798 1.888406 -4.259955
v 1.304249 1.863648 -4.432282
v 1.326887 1.858677 -4.508353
v 1.351345 1.858294 -4.573394
v 1.381553 2.913057 -4.997087
v 1.360497 2.959973 -4.966753
v 1.341354 3.041608 -4.939278
v 1.305240 3.814733 -4.924740
v 1.308449 3.591928 -4.918955
v 1.315077 3.366699 -4.915586
v 1.605901 3.510412 -4.944062
v 1.545774 3.697937 -4.938154
v 1.498055 3.859631 -4.936626
v 1.530580 3.395056 -4.053527
v 1.527858 3.371820 -4.002065
v 1.529230 3.350523 -3.951072
v 1.505496 3.305641 -3.883348
v 1.471578 3.261434 -3.842101
v 1.440667 3.207962 -3.796596
v 1.389436 3.074995 -3.699838
v 1.369702 2.997652 -3.651837
v 1.355258 2.915853 -3.606593
v 1.346289 2.747430 -3.531651
v 1.352008 2.664102 -3.503702
v 1.363503 2.582909 -3.482012
v 1.400375 2.431612 -3.456792
v 1.423779 2.365062 -3.452969
v 1.448456 2.308262 -3.454464
v 1.682741 2.237856 -3.393449
v 1.593027 2.248915 -3.415064
v 1.518268 2.260348 -3.438859
v 1.574808 3.350242 -3.907891
v 1.638547 3.370868 -3.902607
v 1.717323 3.392886 -3.899309
v 1.967302 2.253593 -5.227427
v 1.845050 2.257770 -5.204866
v 1.726666 2.264778 -5.174460
v 1.627164 2.035214 -5.016452
v 1.619694 2.110611 -5.062891
v 1.614851 2.190774 -5.102983
v 1.615416 2.361183 -5.162625
v 1.620809 2.449224 -5.181595
v 1.628801 2.537618 -5.193051
v 1.970285 2.619928 -5.282334
v 1.855291 2.620543 -5.260862
v 1.744352 2.622146 -5.232208
v 1.670359 2.871253 -5.161319
v 1.660812 2.793255 -5.180797
v 1.649815 2.710829 -5.192673
v 1.365166 2.649522 -5.054075
v 1.448117 2.638093 -5.107316
v 1.539637 2.630267 -5.155024
v 1.314137 2.321481 -4.977533
v 1.405948 2.303046 -5.037656
v 1.506017 2.287421 -5.090671
v 1.349002 2.022808 -4.824677
v 1.436403 2.002243 -4.878191
v 1.532605 1.982886 -4.924484
v 1.666938 1.801131 -4.772340
v 1.657842 1.847779 -4.842113
v 1.647264 1.902877 -4.905958
v 1.035476 2.205328 -4.482100
v 1.015606 2.284551 -4.516372
v 1.005216 2.365858 -4.550459
v 1.012171 2.531883 -4.614618
v 1.029119 2.626485 -4.647199
v 1.055133 2.744983 -4.685017
v 1.038163 2.154534 -4.357868
v 1.021041 2.181911 -4.264651
v 1.013779 2.211572 -4.170446
v 0.972847 2.476769 -4.490234
v 0.952440 2.506787 -4.394964
v 0.943679 2.539118 -4.299172
v 1.049786 2.959987 -4.642149
v 1.023836 2.984800 -4.555412
v 1.012998 3.011734 -4.472108
v 0.983636 2.325122 -4.106857
v 0.961607 2.408732 -4.138781
v 0.949736 2.492563 -4.171611
v 0.953695 2.656711 -4.237901
v 0.968197 2.751814 -4.276609
v 0.990206 2.876712 -4.326723
v 1.029331 2.277713 -3.984573
v 1.051947 2.313346 -3.895280
v 1.084025 2.349569 -3.809754
v 0.963778 2.614265 -4.112468
v 0.991925 2.655446 -4.023267
v 1.030286 2.695671 -3.936967
v 1.043640 3.098015 -4.323438
v 1.084943 3.155836 -4.256586
v 1.141366 3.213047 -4.189251
v 1.096611 2.465546 -3.753730
v 1.078550 2.549890 -3.782322
v 1.071866 2.638731 -3.815398
v 1.095580 2.831895 -3.897931
v 1.125541 2.943892 -3.950788
v 1.166457 3.077153 -4.015728
v 1.204373 2.064238 -4.694297
v 1.147835 2.084910 -4.618049
v 1.101479 2.106400 -4.535816
v 1.159360 2.366495 -4.836965
v 1.097390 2.392405 -4.757443
v 1.045670 2.419789 -4.672659
v 1.228677 2.688173 -4.932955
v 1.175420 2.726922 -4.867887
v 1.131373 2.794293 -4.802914
v 1.265613 3.131175 -4.893308
v 1.210111 3.081184 -4.858983
v 1.156351 3.018643 -4.812880
v 1.627965 3.995621 -4.809983
v 1.729635 3.861647 -4.771607
v 1.830780 3.727214 -4.732906
v 1.458952 3.376029 -4.079144
v 1.387217 3.334514 -4.067431
v 1.315107 3.297910 -4.070219
v 1.355353 3.146315 -3.810374
v 1.308411 3.157876 -3.884871
v 1.267854 3.184902 -3.974341
v 1.266270 2.811624 -3.628134
v 1.194819 2.789222 -3.697787
v 1.132103 2.763220 -3.773450
v 1.302445 2.481190 -3.522193
v 1.234291 2.452527 -3.584783
v 1.175277 2.420218 -3.653831
v 1.272265 2.174968 -3.670801
v 1.212614 2.239249 -3.688259
v 1.163782 2.309786 -3.707399
v 1.184091 2.024378 -4.002100
v 1.116701 2.092333 -4.023921
v 1.060840 2.165640 -4.048871
v 1.214108 1.929627 -4.365851
v 1.153963 1.991173 -4.389215
v 1.104383 2.057872 -4.417297
v 1.768624 2.637480 -3.325803
v 1.763512 2.724864 -3.344076
v 1.759788 2.811832 -3.370790
v 1.758888 2.980071 -3.447934
v 1.761747 3.059207 -3.497195
v 1.766065 3.133662 -3.552559
v 1.957562 3.565780 -4.274556
v 2.036715 3.548821 -4.273359
v 2.106820 3.542664 -4.277038
v 1.466718 2.522999 -3.417802
v 1.562054 2.535949 -3.376495
v 1.664962 2.544867 -3.342636
v 1.437992 2.850730 -3.512666
v 1.537646 2.868293 -3.468235
v 1.644801 2.883970 -3.432579
v 1.485787 3.153878 -3.699438
v 1.571256 3.168036 -3.661390
v 1.667247 3.185205 -3.633132
v 1.793292 3.369982 -3.821318
v 1.783900 3.320438 -3.748017
v 1.776906 3.264664 -3.678541
v 1.786337 2.303818 -3.345349
v 1.784728 2.383318 -3.325646
v 1.780287 2.465846 -3.316147
v 2.064008 1.728250 -3.956085
v 1.931962 1.739582 -3.949614
v 1.803523 1.758416 -3.946473
v 1.669727 1.716364 -4.242124
v 1.670527 1.731795 -4.142987
v 1.673780 1.754678 -4.044057
v 1.889568 2.554673 -3.297815
v 2.008952 2.556981 -3.287234
v 2.131285 2.558093 -3.284863
v 2.099885 1.922452 -3.594727
v 1.973234 1.931387 -3.591920
v 1.850312 1.946321 -3.593890
v 1.689808 1.821524 -3.852502
v 1.702362 1.864608 -3.762512
v 1.716928 1.913386 -3.678000
v 1.876223 2.907763 -3.387048
v 1.997997 2.915327 -3.376945
v 2.122285 2.919906 -3.375165
v 2.035328 1.653426 -4.366274
v 1.909290 1.664788 -4.356136
v 1.787281 1.683320 -4.347190
v 1.675528 1.736145 -4.614504
v 1.675003 1.718107 -4.527176
v 1.672958 1.709120 -4.435386
v 1.367328 1.823210 -4.338397
v 1.459693 1.778834 -4.334421
v 1.561203 1.740601 -4.335393
v 1.353205 1.907439 -3.968999
v 1.453639 1.859347 -3.957972
v 1.563025 1.818389 -3.950577
v 1.425916 2.069191 -3.638192
v 1.519202 2.028183 -3.623203
v 1.621880 1.994409 -3.610223
v 1.775715 2.156231 -3.417131
v 1.763553 2.088829 -3.468878
v 1.748700 2.025821 -3.530167
v 2.127347 2.209448 -3.355467
v 2.007965 2.213427 -3.356056
v 1.892769 2.219694 -3.363039
v 1.765869 3.429875 -4.909411
v 1.833432 3.508556 -4.847617
v 1.887217 3.569489 -4.777996
v 1.984055 1.933636 -5.044463
v 1.863624 1.940489 -5.024105
v 1.747372 1.951317 -4.997258
v 1.931548 3.643963 -4.615968
v 1.921667 3.656469 -4.522873
v 1.896689 3.649198 -4.419587
v 1.993885 3.540215 -4.680409
v 2.051114 3.499690 -4.670538
v 2.098358 3.482790 -4.668190
v 1.680186 3.011222 -5.100432
v 1.680977 3.083889 -5.060749
v 1.681287 3.175107 -5.016665
v 1.779557 1.744429 -4.716080
v 1.892694 1.729765 -4.733710
v 2.010764 1.720446 -4.748793
v 1.880880 3.217099 -3.600511
v 1.994718 3.228288 -3.594516
v 2.111464 3.235416 -3.595050
v 1.822839 3.452021 -3.978344
v 1.840598 3.489033 -4.063646
v 1.854919 3.530694 -4.157605
v 1.612212 3.455935 -4.119902
v 1.692204 3.494715 -4.149471
v 1.769966 3.540157 -4.195141
v 1.767509 3.760271 -4.432288
v 1.673636 3.903242 -4.543991
v 1.578019 4.034310 -4.638656
v 1.393573 3.214794 -4.944817
v 1.471038 3.252350 -4.963288
v 1.561672 3.286289 -4.973001
v 1.305969 4.120639 -4.919811
v 1.308364 4.186704 -4.905313
v 1.311095 4.216274 -4.885661
v 1.314738 4.235878 -4.840678
v 1.315524 4.242796 -4.818601
v 1.316389 4.246992 -4.797876
v 1.179176 3.890729 -4.842652
v 1.173540 3.934893 -4.819795
v 1.170105 3.959855 -4.788910
v 1.180186 3.994195 -4.723288
v 1.194353 4.014647 -4.694917
v 1.211946 4.034086 -4.670740
v 1.268983 3.983587 -4.916088
v 1.235977 3.952763 -4.900590
v 1.206049 3.899323 -4.877848
v 1.277027 4.217187 -4.855802
v 1.242445 4.184040 -4.839870
v 1.207902 4.109751 -4.808630
v 1.292676 4.238904 -4.772129
v 1.269447 4.213304 -4.754469
v 1.248678 4.155158 -4.717252
v 1.482541 4.012967 -4.923999
v 1.502986 4.060125 -4.902884
v 1.523046 4.089466 -4.874409
v 1.536027 4.120340 -4.805752
v 1.526087 4.130514 -4.770612
v 1.510315 4.136799 -4.738084
v 1.345893 4.248603 -4.782111
v 1.380822 4.237731 -4.776345
v 1.428090 4.204375 -4.754846
v 1.353679 4.229153 -4.867855
v 1.401506 4.216298 -4.867758
v 1.460882 4.178954 -4.859914
v 1.343337 4.009963 -4.934904
v 1.385590 4.008775 -4.939754
v 1.430749 3.989981 -4.939514
v 1.522160 3.447700 -4.226374
v 1.520115 3.442832 -4.266747
v 1.513307 3.458586 -4.322816
v 1.207515 3.477952 -4.281981
v 1.207719 3.688957 -4.425107
v 1.216419 3.887707 -4.551497
v 1.116537 3.207664 -4.761624
v 1.141973 3.472594 -4.798020
v 1.166552 3.697833 -4.832487
v 1.132632 3.772836 -4.675782
v 1.092582 3.527011 -4.580405
v 1.053927 3.273644 -4.482182
v 1.458976 3.425534 -4.184467
v 1.402354 3.407454 -4.184137
v 1.355536 3.420137 -4.205080
v 1.591094 3.490316 -4.216269
v 1.651400 3.528972 -4.244123
v 1.691130 3.582299 -4.286012
v 1.661921 3.764284 -4.429270
v 1.597486 3.883936 -4.522069
v 1.521478 4.000247 -4.611763
v 1.320331 4.192850 -4.753039
v 1.308805 4.174361 -4.737895
v 1.299045 4.128451 -4.704584
v 1.347443 4.196975 -4.760145
v 1.368162 4.186305 -4.753269
v 1.400915 4.155603 -4.730548
v 1.299216 3.597997 -4.341232
v 1.289083 3.750474 -4.446709
v 1.287490 3.908313 -4.553996
v 1.270236 3.395773 -4.175867
v 1.294086 3.451784 -4.208947
v 1.309902 3.476542 -4.232836
v 1.526135 3.459020 -4.175078
v 1.530032 3.451631 -4.154579
v 1.533098 3.437180 -4.130621
v 1.709846 3.666788 -4.329974
v 1.732665 3.663802 -4.317651
v 1.771042 3.647593 -4.305835
v 1.456834 4.113176 -4.675960
v 1.465726 4.126515 -4.678170
v 1.477865 4.135032 -4.690090
v 1.320730 4.241832 -4.763703
v 1.324435 4.231497 -4.753437
v 1.328678 4.216480 -4.750888
v 1.279860 4.054040 -4.633175
v 1.265418 4.059484 -4.631402
v 1.248863 4.057986 -4.637950
v 1.471881 3.608811 -4.495962
v 1.439174 3.736574 -4.600349
v 1.405529 3.871541 -4.695050
v 1.446261 3.485805 -4.388016
v 1.402446 3.472399 -4.384428
v 1.369171 3.481270 -4.391227
v 1.553106 3.536750 -4.413743
v 1.601088 3.566685 -4.432325
v 1.631541 3.604789 -4.454649
v 1.615313 3.705473 -4.533336
v 1.568199 3.799971 -4.611172
v 1.514170 3.896808 -4.681590
v 1.358067 3.983479 -4.756502
v 1.341905 3.967905 -4.742594
v 1.329209 3.939822 -4.716367
v 1.397098 3.995933 -4.766856
v 1.420949 3.994305 -4.763381
v 1.448878 3.982342 -4.747440
v 1.339449 3.579898 -4.465985
v 1.329627 3.696284 -4.552162
v 1.323748 3.819731 -4.633607
v 1.663326 3.632096 -4.442482
v 1.681042 3.632731 -4.404798
v 1.690234 3.644779 -4.372164
v 1.449881 4.072414 -4.703211
v 1.453531 4.041990 -4.721642
v 1.462924 4.002594 -4.729446
v 1.356778 4.078177 -4.792332
v 1.344682 4.135839 -4.791954
v 1.337666 4.172684 -4.775976
v 1.328740 3.473314 -4.284892
v 1.335815 3.469347 -4.321454
v 1.343155 3.481476 -4.365068
v 1.300523 4.022278 -4.664804
v 1.307865 3.992151 -4.683766
v 1.315091 3.949830 -4.691127
v 1.900757 3.430570 -3.898879
v 1.999339 3.443220 -3.901774
v 2.100783 3.451096 -3.906893
v 1.810945 3.269651 -4.973270
v 1.917019 3.256671 -4.980917
v 2.016540 3.256191 -4.988957
v 1.984967 2.968262 -5.199800
v 1.877403 2.962820 -5.182453
v 1.774258 2.954415 -5.160459
v 2.228373 2.005815 -5.122337
v 2.225031 2.083857 -5.172095
v 2.221884 2.166777 -5.214226
v 2.353752 2.012037 -5.121735
v 2.351248 2.089428 -5.170969
v 2.348449 2.171670 -5.212725
v 2.476831 2.021958 -5.113514
v 2.475314 2.098425 -5.161839
v 2.472938 2.179703 -5.202990
v 2.215585 2.343318 -5.274568
v 2.212476 2.434952 -5.292336
v 2.209641 2.527490 -5.301595
v 2.340764 2.346730 -5.272614
v 2.335931 2.437529 -5.290284
v 2.330908 2.529142 -5.299550
v 2.463886 2.352627 -5.262311
v 2.457285 2.442188 -5.279977
v 2.449972 2.532385 -5.289458
v 2.205617 2.711257 -5.293936
v 2.204860 2.800445 -5.277074
v 2.205247 2.886459 -5.251811
v 2.321842 2.710696 -5.292315
v 2.318691 2.798520 -5.275967
v 2.317135 2.882925 -5.251522
v 2.435445 2.710383 -5.283427
v 2.429637 2.795949 -5.268160
v 2.425927 2.877680 -5.245200
v 2.646731 2.712644 -5.244867
v 2.634331 2.791068 -5.233821
v 2.625255 2.864218 -5.215979
v 2.741449 2.716837 -5.215787
v 2.724570 2.790437 -5.208214
v 2.711290 2.857325 -5.194486
v 2.827630 2.724559 -5.180616
v 2.805003 2.792823 -5.177680
v 2.785277 2.852116 -5.169690
v 2.696812 2.372564 -5.216434
v 2.686479 2.458941 -5.234599
v 2.674129 2.545269 -5.245401
v 2.803927 2.386910 -5.180918
v 2.791622 2.471666 -5.199681
v 2.776498 2.555874 -5.211700
v 2.903608 2.404355 -5.137167
v 2.889271 2.487733 -5.156818
v 2.871212 2.569995 -5.170482
v 2.708530 2.051394 -5.073451
v 2.709683 2.125721 -5.118861
v 2.708495 2.204763 -5.158235
v 2.814476 2.069912 -5.041105
v 2.817317 2.143371 -5.084713
v 2.816887 2.221467 -5.123063
v 2.912772 2.090138 -5.000134
v 2.917463 2.163151 -5.041965
v 2.917850 2.240661 -5.079353
v 2.699336 1.822355 -4.840784
v 2.699161 1.867453 -4.906356
v 2.701954 1.921261 -4.966932
v 2.790866 1.845591 -4.826785
v 2.794864 1.888913 -4.885817
v 2.801796 1.941518 -4.941205
v 2.869501 1.868849 -4.807150
v 2.880481 1.910540 -4.857522
v 2.893045 1.962420 -4.906969
v 2.247227 1.760938 -4.852646
v 2.241275 1.810451 -4.930036
v 2.236299 1.868258 -5.001005
v 2.368308 1.769644 -4.856133
v 2.363058 1.818542 -4.932219
v 2.359228 1.875734 -5.002053
v 2.485705 1.783280 -4.855268
v 2.481523 1.831209 -4.929029
v 2.479244 1.887470 -4.996810
v 3.313859 2.232512 -4.583384
v 3.328969 2.313196 -4.620018
v 3.334446 2.395108 -4.655067
v 3.347409 2.261548 -4.493737
v 3.363361 2.343410 -4.529910
v 3.369567 2.425741 -4.564645
v 3.370875 2.292423 -4.401424
v 3.387273 2.375240 -4.437109
v 3.393811 2.458110 -4.471584
v 3.318785 2.559435 -4.717319
v 3.297727 2.655282 -4.747808
v 3.267456 2.780839 -4.782998
v 3.355850 2.587884 -4.626934
v 3.336163 2.682739 -4.658352
v 3.307377 2.808635 -4.695868
v 3.380769 2.619554 -4.534492
v 3.361452 2.713518 -4.567541
v 3.332823 2.838376 -4.608587
v 3.386507 2.359504 -4.213768
v 3.402514 2.443771 -4.248271
v 3.407730 2.529147 -4.282652
v 3.378496 2.394901 -4.120646
v 3.393739 2.479594 -4.154338
v 3.397481 2.566688 -4.188763
v 3.360046 2.430514 -4.029304
v 3.374273 2.515275 -4.061923
v 3.376505 2.603709 -4.096196
v 3.387676 2.700466 -4.350647
v 3.363335 2.799919 -4.390194
v 3.330126 2.927491 -4.441545
v 3.370557 2.747380 -4.260704
v 3.341008 2.853005 -4.304157
v 3.302685 2.985017 -4.360677
v 3.343114 2.792815 -4.171646
v 3.307982 2.903989 -4.217968
v 3.262669 3.040228 -4.277442
v 2.987433 1.898325 -4.732477
v 3.020926 1.945730 -4.768477
v 3.047820 2.001314 -4.808686
v 3.033928 1.906273 -4.673072
v 3.077385 1.959637 -4.706875
v 3.111396 2.019258 -4.744784
v 3.076082 1.916245 -4.602989
v 3.126610 1.974299 -4.636069
v 3.166426 2.037738 -4.672695
v 3.083574 2.133357 -4.891279
v 3.092207 2.207530 -4.930372
v 3.094252 2.285622 -4.966464
v 3.155243 2.156074 -4.824098
v 3.165812 2.231772 -4.862332
v 3.168677 2.310913 -4.898108
v 3.217586 2.179946 -4.749701
v 3.229943 2.257428 -4.787302
v 3.233646 2.337743 -4.822861
v 3.077397 2.448921 -5.025521
v 3.058882 2.531311 -5.047999
v 3.034541 2.611849 -5.066499
v 3.150814 2.475400 -4.958312
v 3.130401 2.560025 -4.982896
v 3.102860 2.645560 -5.005261
v 3.215429 2.503549 -4.884213
v 3.193618 2.593349 -4.911343
v 3.163137 2.692871 -4.939057
v 2.971117 2.757955 -5.093773
v 2.933299 2.819546 -5.103313
v 2.891723 2.871567 -5.110860
v 3.027310 2.799053 -5.046355
v 2.980560 2.861369 -5.064369
v 2.928623 2.914563 -5.079413
v 3.071624 2.876747 -5.002634
v 3.015931 2.941952 -5.031066
v 2.957105 2.995528 -5.052559
v 2.910555 4.172238 -4.908046
v 2.892682 4.161695 -4.898120
v 2.865675 4.131596 -4.870847
v 2.900779 4.135854 -4.922787
v 2.883091 4.126338 -4.913135
v 2.857065 4.098241 -4.886473
v 2.886444 4.079777 -4.921428
v 2.867339 4.073022 -4.912327
v 2.842171 4.050263 -4.887209
v 2.658562 3.569376 -4.393980
v 2.703176 3.517193 -4.360134
v 2.765297 3.479544 -4.343184
v 2.660968 3.560394 -4.430644
v 2.703071 3.510003 -4.398949
v 2.762794 3.473588 -4.383018
v 2.670157 3.568074 -4.479116
v 2.707789 3.521740 -4.452662
v 2.763502 3.487607 -4.438905
v 3.062000 3.254595 -4.142214
v 2.995690 3.306056 -4.147109
v 2.926680 3.352597 -4.155126
v 3.048154 3.226817 -4.063159
v 2.991470 3.282704 -4.084191
v 2.930573 3.330550 -4.101562
v 3.023728 3.211664 -3.990170
v 2.976904 3.266943 -4.021794
v 2.926146 3.313148 -4.047531
v 3.268301 2.861109 -3.995026
v 3.231385 2.966438 -4.040521
v 3.183362 3.079468 -4.089503
v 3.221767 2.882634 -3.909244
v 3.189389 2.978054 -3.952422
v 3.148306 3.072585 -3.996280
v 3.166560 2.899924 -3.827833
v 3.139663 2.987188 -3.869911
v 3.105806 3.070514 -3.912700
v 3.292210 2.499184 -3.855755
v 3.304030 2.582590 -3.885136
v 3.304652 2.670561 -3.917794
v 3.242883 2.530551 -3.775041
v 3.253407 2.612834 -3.802367
v 3.254047 2.699137 -3.833624
v 3.183238 2.558756 -3.699087
v 3.192400 2.640159 -3.724320
v 3.193261 2.724686 -3.754105
v 3.146864 2.214918 -3.757047
v 3.198155 2.276948 -3.781010
v 3.239062 2.345799 -3.804595
v 3.116009 2.252707 -3.692093
v 3.160694 2.312077 -3.711219
v 3.196275 2.379234 -3.730362
v 3.079192 2.285682 -3.635829
v 3.114704 2.342454 -3.647698
v 3.143825 2.408428 -3.661295
v 3.207128 2.058391 -4.080879
v 3.269625 2.126293 -4.112951
v 3.320317 2.199673 -4.145866
v 3.202542 2.095544 -3.993014
v 3.263875 2.162797 -4.024015
v 3.313592 2.235692 -4.055538
v 3.190572 2.134763 -3.908849
v 3.249760 2.200799 -3.938241
v 3.297623 2.272722 -3.967827
v 3.146067 1.947042 -4.440756
v 3.204943 2.011251 -4.473873
v 3.252314 2.080569 -4.509330
v 3.172449 1.968629 -4.352675
v 3.233601 2.034770 -4.385826
v 3.283025 2.106059 -4.420863
v 3.191954 1.994402 -4.262227
v 3.254370 2.061781 -4.295273
v 3.304925 2.134397 -4.329826
v 2.622851 2.643491 -3.368371
v 2.623827 2.732632 -3.386906
v 2.622625 2.821067 -3.414019
v 2.503052 2.647411 -3.337394
v 2.503128 2.737934 -3.355792
v 2.501537 2.827567 -3.383103
v 2.379654 2.649543 -3.314316
v 2.378939 2.740968 -3.332680
v 2.377018 2.831409 -3.360158
v 2.612025 2.991696 -3.491847
v 2.602753 3.071882 -3.541428
v 2.591557 3.147342 -3.597322
v 2.492240 3.000236 -3.462270
v 2.484640 3.081335 -3.513004
v 2.475589 3.157670 -3.570408
v 2.369066 3.005499 -3.440271
v 2.363132 3.087243 -3.491786
v 2.356186 3.164196 -3.550180
v 2.975306 2.315247 -3.542630
v 2.991004 2.377809 -3.536614
v 3.007527 2.447585 -3.538757
v 2.901865 2.313565 -3.500192
v 2.911828 2.383133 -3.487940
v 2.923605 2.457502 -3.485420
v 2.814865 2.309073 -3.460049
v 2.821550 2.384297 -3.443634
v 2.829920 2.463071 -3.437560
v 3.032957 2.602373 -3.563515
v 3.039192 2.684325 -3.585206
v 3.040013 2.767547 -3.612845
v 2.943022 2.617530 -3.504739
v 2.947760 2.700996 -3.525166
v 2.948155 2.785025 -3.552312
v 2.844166 2.629020 -3.452408
v 2.847482 2.714411 -3.471900
v 2.847320 2.799806 -3.498849
v 3.022641 2.932519 -3.685102
v 3.004837 3.011369 -3.728271
v 2.982396 3.085686 -3.774495
v 2.933350 2.949489 -3.625402
v 2.918435 3.027347 -3.670051
v 2.899744 3.100614 -3.718828
v 2.834198 2.965694 -3.573386
v 2.821448 3.043867 -3.619769
v 2.805638 3.117399 -3.671196
v 2.928017 3.214624 -3.871029
v 2.896980 3.267685 -3.919000
v 2.864028 3.313000 -3.965779
v 2.854777 3.228617 -3.824918
v 2.829074 3.282395 -3.880753
v 2.801052 3.329683 -3.938009
v 2.768022 3.246438 -3.786094
v 2.746335 3.301218 -3.848401
v 2.721868 3.349910 -3.913455
v 2.565463 3.280347 -3.725627
v 2.550133 3.336971 -3.796785
v 2.532013 3.387027 -3.871747
v 2.454600 3.292370 -3.702911
v 2.442287 3.349643 -3.776747
v 2.427773 3.399972 -3.854725
v 2.340096 3.300068 -3.685299
v 2.330778 3.357757 -3.760776
v 2.320102 3.408195 -3.840636
v 2.608263 2.298970 -3.390527
v 2.612012 2.381689 -3.369512
v 2.616271 2.467155 -3.359154
v 2.493232 2.295056 -3.363119
v 2.496205 2.380029 -3.340927
v 2.499175 2.467589 -3.329499
v 2.373635 2.292440 -3.341892
v 2.376068 2.378738 -3.319074
v 2.378033 2.467552 -3.307085
v 2.304112 1.659584 -4.285403
v 2.434433 1.671161 -4.297901
v 2.561193 1.690167 -4.311644
v 2.314509 1.674356 -4.182230
v 2.446549 1.685995 -4.195950
v 2.575054 1.705195 -4.211491
v 2.324308 1.697369 -4.079562
v 2.457493 1.708923 -4.094366
v 2.587132 1.728060 -4.111477
v 2.340957 1.766616 -3.880586
v 2.473993 1.777593 -3.897157
v 2.603417 1.795894 -3.916843
v 2.347603 1.812055 -3.786713
v 2.479345 1.822527 -3.803995
v 2.607414 1.840030 -3.824747
v 2.353244 1.864141 -3.698217
v 2.483112 1.873939 -3.716123
v 2.609205 1.890336 -3.737837
v 2.262881 1.689546 -4.680071
v 2.384981 1.699475 -4.686548
v 2.503092 1.715226 -4.690794
v 2.272456 1.668203 -4.586180
v 2.396271 1.678703 -4.594249
v 2.516168 1.695523 -4.601101
v 2.282755 1.656226 -4.488461
v 2.408713 1.667217 -4.498104
v 2.530892 1.684996 -4.507469
v 2.716838 1.761566 -4.693842
v 2.807396 1.790765 -4.694245
v 2.883825 1.823045 -4.696411
v 2.734130 1.745946 -4.612645
v 2.828094 1.778725 -4.619442
v 2.910019 1.816257 -4.629577
v 2.754314 1.739199 -4.526845
v 2.852006 1.775053 -4.538781
v 2.938830 1.816562 -4.554331
v 2.795119 1.749517 -4.343746
v 2.899001 1.789394 -4.362964
v 2.992752 1.835768 -4.385146
v 2.812721 1.765621 -4.248426
v 2.918641 1.806454 -4.270234
v 3.014542 1.854064 -4.294690
v 2.827134 1.788662 -4.152440
v 2.934278 1.829832 -4.176313
v 3.031439 1.877990 -4.202537
v 2.842889 1.854476 -3.964144
v 2.949779 1.894707 -3.991066
v 3.046736 1.942161 -4.019715
v 2.843997 1.896305 -3.874636
v 2.949392 1.935189 -3.902716
v 3.044876 1.981336 -3.932155
v 2.841447 1.943180 -3.790063
v 2.944505 1.979959 -3.819130
v 3.037603 2.024000 -3.849113
v 2.828416 2.049434 -3.641222
v 2.924532 2.079156 -3.671996
v 3.010103 2.115964 -3.702515
v 2.820571 2.108237 -3.579560
v 2.912435 2.132696 -3.611439
v 2.992613 2.163453 -3.642459
v 2.814382 2.170962 -3.528053
v 2.902164 2.188956 -3.561641
v 2.976063 2.211110 -3.594047
v 2.361931 1.986565 -3.542200
v 2.487106 1.994441 -3.561192
v 2.608107 2.007535 -3.584645
v 2.365279 2.056053 -3.476810
v 2.488137 2.062714 -3.496314
v 2.606574 2.073677 -3.520627
v 2.368225 2.130490 -3.421059
v 2.489192 2.135834 -3.441091
v 2.605546 2.144485 -3.466321
v 2.383423 3.356038 -4.954329
v 2.290693 3.328834 -4.941766
v 2.203391 3.322282 -4.932183
v 2.340073 3.431794 -4.876495
v 2.264215 3.395962 -4.861943
v 2.193616 3.384038 -4.852141
v 2.305856 3.493457 -4.793003
v 2.242334 3.453798 -4.776162
v 2.185909 3.438470 -4.766190
v 2.292929 3.571602 -4.613402
v 2.236899 3.531821 -4.591466
v 2.190317 3.514858 -4.580704
v 2.315749 3.586667 -4.517210
v 2.255185 3.550128 -4.494291
v 2.203562 3.534921 -4.483614
v 2.351683 3.584538 -4.415715
v 2.282114 3.555241 -4.395112
v 2.221177 3.543854 -4.385565
v 2.783348 2.944460 -5.132779
v 2.709870 2.970210 -5.147823
v 2.624681 2.992424 -5.161246
v 2.800814 2.998992 -5.106572
v 2.722060 3.032592 -5.118590
v 2.633282 3.061253 -5.127235
v 2.820727 3.083360 -5.082475
v 2.738988 3.120890 -5.091081
v 2.646440 3.153072 -5.092889
v 2.427660 3.026422 -5.177699
v 2.320306 3.037841 -5.179532
v 2.210050 3.045197 -5.176978
v 2.431340 3.099692 -5.133874
v 2.322837 3.110519 -5.132275
v 2.212994 3.118118 -5.127665
v 2.432465 3.180723 -5.083391
v 2.322019 3.183461 -5.077349
v 2.214067 3.188174 -5.070444
v 2.425028 3.535185 -4.209613
v 2.339961 3.532803 -4.200579
v 2.259301 3.532295 -4.193061
v 2.454946 3.502169 -4.116758
v 2.365590 3.509157 -4.108552
v 2.276932 3.513330 -4.100551
v 2.483859 3.468136 -4.030957
v 2.389284 3.479404 -4.020595
v 2.293177 3.486196 -4.010899
v 2.775009 3.432896 -4.171940
v 2.691726 3.468542 -4.181933
v 2.604557 3.503711 -4.197855
v 2.793156 3.407316 -4.119792
v 2.715418 3.438732 -4.122076
v 2.631698 3.466990 -4.123610
v 2.812148 3.380324 -4.065256
v 2.742875 3.406629 -4.059433
v 2.663095 3.430996 -4.051028
v 2.858456 3.401896 -5.060290
v 2.787603 3.435528 -5.063182
v 2.709974 3.468583 -5.055038
v 2.873562 3.619215 -5.061910
v 2.814414 3.644182 -5.062936
v 2.752336 3.667598 -5.054683
v 2.884852 3.832949 -5.065145
v 2.835971 3.844700 -5.064467
v 2.785601 3.848642 -5.056558
v 2.447936 3.753492 -4.710144
v 2.472439 3.765943 -4.633905
v 2.510868 3.764986 -4.557709
v 2.542349 3.883738 -4.779130
v 2.564135 3.896734 -4.720081
v 2.596095 3.901777 -4.665569
v 2.637069 4.013090 -4.847694
v 2.655829 4.025103 -4.803614
v 2.681991 4.031946 -4.764395
v 3.033492 4.007895 -5.028141
v 2.999325 4.075430 -5.045404
v 2.965638 4.107827 -5.053432
v 3.037237 4.068053 -5.013075
v 3.000609 4.142119 -5.031953
v 2.966023 4.175521 -5.039721
v 3.042678 4.096361 -4.989720
v 3.004026 4.171988 -5.011457
v 2.967966 4.205652 -5.020076
v 3.045192 4.122539 -4.935191
v 3.007375 4.193804 -4.963272
v 2.971685 4.225685 -4.974514
v 3.039961 4.135833 -4.909407
v 3.005186 4.203049 -4.939938
v 2.972042 4.233100 -4.952239
v 3.031599 4.147438 -4.885921
v 3.000773 4.210105 -4.918215
v 2.971100 4.237989 -4.931304
v 2.896154 4.237494 -4.973938
v 2.850066 4.225313 -4.964570
v 2.793610 4.189530 -4.943259
v 2.901956 4.244512 -4.952121
v 2.859078 4.232893 -4.941700
v 2.805960 4.198155 -4.917048
v 2.908570 4.248713 -4.931740
v 2.870184 4.237534 -4.920594
v 2.821892 4.203536 -4.893261
v 2.893918 4.125686 -5.055639
v 2.852822 4.116529 -5.052016
v 2.806739 4.082562 -5.043398
v 2.893351 4.189156 -5.039777
v 2.850393 4.176503 -5.034774
v 2.799823 4.137356 -5.024065
v 2.892198 4.217816 -5.019285
v 2.846565 4.204417 -5.012760
v 2.791682 4.165251 -4.998881
v 3.246307 3.242111 -4.733409
v 3.224496 3.220515 -4.802431
v 3.189602 3.205688 -4.870119
v 3.192587 3.501417 -4.811761
v 3.174909 3.483348 -4.866868
v 3.147735 3.470693 -4.918280
v 3.137857 3.752662 -4.887293
v 3.124967 3.732435 -4.928438
v 3.106789 3.708073 -4.963531
v 3.091784 3.243487 -4.978709
v 3.037409 3.288946 -5.012115
v 2.981705 3.329841 -5.034782
v 3.072341 3.496367 -4.998489
v 3.027519 3.530782 -5.024817
v 2.979808 3.562951 -5.042738
v 3.051284 3.724711 -5.019024
v 3.014060 3.763432 -5.039654
v 2.973903 3.792992 -5.052915
v 2.561661 3.572603 -4.983054
v 2.505242 3.635804 -4.922909
v 2.464113 3.687915 -4.855707
v 2.635934 3.741660 -4.998919
v 2.589215 3.789441 -4.952257
v 2.554582 3.830204 -4.897923
v 2.700498 3.895887 -5.015481
v 2.668523 3.938744 -4.981368
v 2.643715 3.971906 -4.939720
v 3.176278 3.423868 -4.484137
v 3.214012 3.370620 -4.541816
v 3.240680 3.318316 -4.602586
v 3.139971 3.648944 -4.614475
v 3.168008 3.605746 -4.656549
v 3.188730 3.563213 -4.704459
v 3.102121 3.861300 -4.732591
v 3.121924 3.830510 -4.764946
v 3.136490 3.799543 -4.802547
v 3.012774 3.416045 -4.320240
v 2.966498 3.405077 -4.291437
v 2.906819 3.425242 -4.282480
v 3.027647 3.394425 -4.297217
v 2.975148 3.390401 -4.269016
v 2.910381 3.415283 -4.260953
v 3.046795 3.352260 -4.266125
v 2.984674 3.364817 -4.241183
v 2.914403 3.397923 -4.235615
v 2.764292 3.493516 -4.292617
v 2.697201 3.533463 -4.310619
v 2.648472 3.588067 -4.346244
v 2.760090 3.487843 -4.272200
v 2.688021 3.528685 -4.290678
v 2.632590 3.583529 -4.327338
v 2.757897 3.474789 -4.248405
v 2.678955 3.515308 -4.266701
v 2.610093 3.567657 -4.303720
v 2.652187 3.774454 -4.496427
v 2.701692 3.897089 -4.601391
v 2.763635 4.016094 -4.704869
v 2.632483 3.775876 -4.486117
v 2.685788 3.903848 -4.596906
v 2.751321 4.026861 -4.703863
v 2.600137 3.768414 -4.481916
v 2.661664 3.904776 -4.602569
v 2.733086 4.032748 -4.713159
v 2.952432 4.211343 -4.882204
v 2.968430 4.191592 -4.868919
v 2.985492 4.143675 -4.836902
v 2.959190 4.225402 -4.885503
v 2.977995 4.203978 -4.871958
v 2.997656 4.153310 -4.839128
v 2.964669 4.234698 -4.896377
v 2.986809 4.211291 -4.882701
v 3.009695 4.157192 -4.849356
v 2.867267 4.174786 -4.845176
v 2.898181 4.206027 -4.873811
v 2.919878 4.216669 -4.884463
v 2.861343 4.189645 -4.846953
v 2.895528 4.221564 -4.876318
v 2.920479 4.232203 -4.887426
v 2.851467 4.199676 -4.856802
v 2.889721 4.232327 -4.886440
v 2.918644 4.243031 -4.897879
v 3.024838 3.916446 -4.686399
v 3.041892 3.753885 -4.577231
v 3.049493 3.596844 -4.468106
v 3.041526 3.915862 -4.684325
v 3.060620 3.744917 -4.570204
v 3.069851 3.577866 -4.453606
v 3.060121 3.906217 -4.691328
v 3.083330 3.722271 -4.570881
v 3.097528 3.536209 -4.440954
v 2.883141 3.587798 -4.607737
v 2.921496 3.574212 -4.607636
v 2.951163 3.574353 -4.609111
v 2.888970 3.720255 -4.715772
v 2.920765 3.705904 -4.711445
v 2.947343 3.696970 -4.703376
v 2.897238 3.859932 -4.814460
v 2.921795 3.844942 -4.806248
v 2.943467 3.827080 -4.789742
v 2.712053 3.680751 -4.626421
v 2.744844 3.653315 -4.620350
v 2.789165 3.630048 -4.614475
v 2.745367 3.782427 -4.718659
v 2.776501 3.766943 -4.722361
v 2.813842 3.752041 -4.721456
v 2.784003 3.889320 -4.802591
v 2.811563 3.887220 -4.815241
v 2.841163 3.881169 -4.819075
v 2.769770 3.979157 -4.736481
v 2.711185 3.865020 -4.637437
v 2.664081 3.747710 -4.537167
v 2.765999 3.952472 -4.758020
v 2.710698 3.842937 -4.663697
v 2.666478 3.730920 -4.567480
v 2.761928 3.921619 -4.773684
v 2.713305 3.820568 -4.688578
v 2.674935 3.718819 -4.599862
v 2.896059 3.417143 -4.334239
v 2.949439 3.400230 -4.343228
v 2.989873 3.413497 -4.371073
v 2.889186 3.413454 -4.374419
v 2.940309 3.397650 -4.382736
v 2.978484 3.411405 -4.408754
v 2.883546 3.430912 -4.430701
v 2.931579 3.416531 -4.437295
v 2.966532 3.429992 -4.458581
v 3.020315 3.588472 -4.511620
v 3.012740 3.737646 -4.614998
v 2.997024 3.891934 -4.718610
v 3.006759 3.578990 -4.542962
v 2.999745 3.720703 -4.641938
v 2.985312 3.867759 -4.740413
v 2.991401 3.578070 -4.576946
v 2.985716 3.705318 -4.667979
v 2.974077 3.838725 -4.756629
v 2.962530 4.106620 -4.861893
v 2.948503 4.151061 -4.892548
v 2.935841 4.168727 -4.905378
v 2.952895 4.072433 -4.877245
v 2.939129 4.114668 -4.907269
v 2.926452 4.131682 -4.919939
v 2.945545 4.019221 -4.877517
v 2.931027 4.056607 -4.905955
v 2.916676 4.072892 -4.918269
v 1.978350 2.005815 -5.101417
v 1.856864 2.012037 -5.080159
v 1.739396 2.021958 -5.051811
v 1.973521 2.083857 -5.151051
v 1.851265 2.089428 -5.129134
v 1.732935 2.098425 -5.099723
v 1.969771 2.166777 -5.193131
v 1.847202 2.171670 -5.170784
v 1.728516 2.179703 -5.140703
v 1.966254 2.343318 -5.253706
v 1.845062 2.346730 -5.231138
v 1.727738 2.352628 -5.200716
v 1.966516 2.434952 -5.271757
v 1.847008 2.437529 -5.249374
v 1.731388 2.442188 -5.219240
v 1.967917 2.527490 -5.281369
v 1.850534 2.529142 -5.259356
v 1.737098 2.532385 -5.229810
v 1.973432 2.711257 -5.274508
v 1.860891 2.710696 -5.253746
v 1.752566 2.710383 -5.226289
v 1.977106 2.800445 -5.258017
v 1.866814 2.798520 -5.238157
v 1.760896 2.795949 -5.212205
v 1.981041 2.886459 -5.233051
v 1.872502 2.882925 -5.214319
v 1.768430 2.877680 -5.190186
v 1.553941 2.712644 -5.153430
v 1.466043 2.716837 -5.109071
v 1.387152 2.724559 -5.060088
v 1.568019 2.791068 -5.144600
v 1.483950 2.790437 -5.104408
v 1.409953 2.792823 -5.060953
v 1.579947 2.864218 -5.128515
v 1.499331 2.857325 -5.093079
v 1.430733 2.852116 -5.056352
v 1.509217 2.372564 -5.117065
v 1.410209 2.386910 -5.064302
v 1.319448 2.404355 -5.004616
v 1.516405 2.458941 -5.136696
v 1.419230 2.471666 -5.084849
v 1.330321 2.487733 -5.026378
v 1.526804 2.545269 -5.149402
v 1.432152 2.555874 -5.099216
v 1.345859 2.569995 -5.042852
v 1.521354 2.051394 -4.974117
v 1.423020 2.069912 -4.924678
v 1.333181 2.090138 -4.867967
v 1.512688 2.125721 -5.018706
v 1.412977 2.143371 -4.967209
v 1.321605 2.163151 -4.908436
v 1.507333 2.204763 -5.057731
v 1.407033 2.221467 -5.005097
v 1.315011 2.240661 -4.945240
v 1.569027 1.822355 -4.746208
v 1.481901 1.845591 -4.717260
v 1.407919 1.868849 -4.684855
v 1.558316 1.867453 -4.810899
v 1.468152 1.888913 -4.774808
v 1.388721 1.910540 -4.732703
v 1.545509 1.921261 -4.870170
v 1.452116 1.941518 -4.828273
v 1.368115 1.962420 -4.779374
v 2.004058 1.760938 -4.832300
v 1.886244 1.769644 -4.815798
v 1.773294 1.783280 -4.795659
v 1.997184 1.810451 -4.909612
v 1.878869 1.818542 -4.891705
v 1.765220 1.831209 -4.869094
v 1.990423 1.868258 -4.980433
v 1.871139 1.875734 -4.961213
v 1.756268 1.887470 -4.936317
v 1.006968 2.232512 -4.390361
v 0.988781 2.261548 -4.296385
v 0.980983 2.292423 -4.201457
v 0.985980 2.313196 -4.423975
v 0.967040 2.343410 -4.329404
v 0.958883 2.375240 -4.233921
v 0.974755 2.395108 -4.457626
v 0.955149 2.425741 -4.362625
v 0.946707 2.458110 -4.266829
v 0.979853 2.559435 -4.521615
v 0.958323 2.587884 -4.426327
v 0.949113 2.619554 -4.331029
v 0.995551 2.655282 -4.555181
v 0.972516 2.682739 -4.460581
v 0.962670 2.713518 -4.366830
v 1.019554 2.780839 -4.594911
v 0.994667 2.808635 -4.502359
v 0.984079 2.838376 -4.412063
v 0.996753 2.359504 -4.013811
v 1.020128 2.394901 -3.923316
v 1.053501 2.430514 -3.836309
v 0.975235 2.443771 -4.045175
v 0.999499 2.479594 -3.954007
v 1.034052 2.515275 -3.866111
v 0.964378 2.529147 -4.078211
v 0.990088 2.566688 -3.987331
v 1.026154 2.603709 -3.899537
v 0.972854 2.700466 -4.148593
v 1.004682 2.747380 -4.062745
v 1.046542 2.792815 -3.979486
v 0.990284 2.799919 -4.191636
v 1.026599 2.853005 -4.110505
v 1.073488 2.903989 -4.031003
v 1.014498 2.927491 -4.247791
v 1.054996 2.985017 -4.172607
v 1.108288 3.040228 -4.097180
v 1.304079 1.898325 -4.591627
v 1.268102 1.906273 -4.525321
v 1.238181 1.916245 -4.449207
v 1.265069 1.945730 -4.621561
v 1.219632 1.959637 -4.551433
v 1.182858 1.974299 -4.473431
v 1.231866 2.001314 -4.656741
v 1.179794 2.019258 -4.583162
v 1.137509 2.037738 -4.502931
v 1.182884 2.133357 -4.732244
v 1.123376 2.156074 -4.654087
v 1.074263 2.179946 -4.570364
v 1.167875 2.207530 -4.769358
v 1.106600 2.231772 -4.690033
v 1.055830 2.257428 -4.605390
v 1.159861 2.285622 -4.804609
v 1.097830 2.310913 -4.724835
v 1.046269 2.337743 -4.639838
v 1.166667 2.448921 -4.865645
v 1.105440 2.475400 -4.787170
v 1.054038 2.503549 -4.703365
v 1.181189 2.531311 -4.890889
v 1.121483 2.560025 -4.814806
v 1.071037 2.593349 -4.733741
v 1.202118 2.611849 -4.913176
v 1.144925 2.645560 -4.841436
v 1.096488 2.692871 -4.766136
v 1.260127 2.757955 -4.950611
v 1.212596 2.799053 -4.894514
v 1.176163 2.876747 -4.844036
v 1.295833 2.819546 -4.966303
v 1.255702 2.861369 -4.920046
v 1.226357 2.941952 -4.881328
v 1.335577 2.871567 -4.980654
v 1.304417 2.914564 -4.943512
v 1.280793 2.995528 -4.912298
v 1.350711 4.172238 -4.777530
v 1.357901 4.135854 -4.793691
v 1.372263 4.079777 -4.794733
v 1.369985 4.161696 -4.770713
v 1.376947 4.126338 -4.787113
v 1.392615 4.073022 -4.788934
v 1.401149 4.131596 -4.748307
v 1.407043 4.098241 -4.765146
v 1.421607 4.050263 -4.768347
v 1.684629 3.569376 -4.312488
v 1.676163 3.560394 -4.348243
v 1.659047 3.568074 -4.394515
v 1.646260 3.517193 -4.271699
v 1.639913 3.510003 -4.309992
v 1.626334 3.521740 -4.362174
v 1.587819 3.479544 -4.244661
v 1.583667 3.473588 -4.284358
v 1.573682 3.487607 -4.339351
v 1.328639 3.254595 -3.997179
v 1.355430 3.226817 -3.921524
v 1.391646 3.211664 -3.853610
v 1.393213 3.306056 -4.013025
v 1.407831 3.282704 -3.951684
v 1.432563 3.266943 -3.892576
v 1.459932 3.352597 -4.032400
v 1.464994 3.330550 -3.978933
v 1.478339 3.313148 -3.926389
v 1.149667 2.861109 -3.817755
v 1.209809 2.882634 -3.740898
v 1.277777 2.899924 -3.669795
v 1.178509 2.966438 -3.868752
v 1.234561 2.978054 -3.788857
v 1.297307 2.987188 -3.715757
v 1.217724 3.079468 -3.925033
v 1.267784 3.072585 -3.838932
v 1.323583 3.070514 -3.763577
v 1.149234 2.499184 -3.676447
v 1.211288 2.530551 -3.605052
v 1.282726 2.558756 -3.540067
v 1.132696 2.582590 -3.703455
v 1.196370 2.612834 -3.630250
v 1.269498 2.640159 -3.563426
v 1.126655 2.670561 -3.735556
v 1.190544 2.699137 -3.660965
v 1.263700 2.724686 -3.592654
v 1.308963 2.214919 -3.603265
v 1.350183 2.252707 -3.544343
v 1.395838 2.285682 -3.494979
v 1.254402 2.276948 -3.618371
v 1.302941 2.312077 -3.555777
v 1.358847 2.342454 -3.500782
v 1.210145 2.345799 -3.634831
v 1.264673 2.379234 -3.568740
v 1.327871 2.408428 -3.509350
v 1.195722 2.058391 -3.912580
v 1.214845 2.095544 -3.826698
v 1.240635 2.134763 -3.745693
v 1.128764 2.126293 -3.933820
v 1.149214 2.162797 -3.847077
v 1.177386 2.200799 -3.764840
v 1.073307 2.199673 -3.957854
v 1.094949 2.235692 -3.869899
v 1.125272 2.272722 -3.786062
v 1.196129 1.947042 -4.277600
v 1.184752 1.968629 -4.186360
v 1.180548 1.994402 -4.093928
v 1.132568 2.011251 -4.300473
v 1.118940 2.034770 -4.208887
v 1.113508 2.061781 -4.116142
v 1.079963 2.080569 -4.327565
v 1.064381 2.106059 -4.235224
v 1.057914 2.134397 -4.141814
v 1.885416 2.643491 -3.306669
v 2.006164 2.647411 -3.295818
v 2.129631 2.649543 -3.293396
v 1.881448 2.732632 -3.324790
v 2.003145 2.737934 -3.313958
v 2.127429 2.740968 -3.311635
v 1.878204 2.821067 -3.351732
v 2.000291 2.827567 -3.341163
v 2.124905 2.831409 -3.339063
v 1.875877 2.991696 -3.430251
v 1.996538 3.000236 -3.420793
v 2.119734 3.005499 -3.419409
v 1.876856 3.071882 -3.480691
v 1.995717 3.081335 -3.472094
v 2.117172 3.087243 -3.471206
v 1.878683 3.147342 -3.537675
v 1.995216 3.157670 -3.530214
v 2.114462 3.164196 -3.529954
v 1.513724 2.315247 -3.420336
v 1.592900 2.313565 -3.390668
v 1.684556 2.309073 -3.365474
v 1.499245 2.377809 -3.411796
v 1.585116 2.383133 -3.376931
v 1.680705 2.384297 -3.348177
v 1.482597 2.447585 -3.411162
v 1.573925 2.457502 -3.372490
v 1.673475 2.463071 -3.340797
v 1.453406 2.602373 -3.431350
v 1.551578 2.617530 -3.388314
v 1.656991 2.629020 -3.353074
v 1.443654 2.684325 -3.451704
v 1.543515 2.700996 -3.407670
v 1.650499 2.714411 -3.371746
v 1.438252 2.767547 -3.478822
v 1.538620 2.785025 -3.434373
v 1.646197 2.799806 -3.398348
v 1.443376 2.932519 -3.552961
v 1.541083 2.949489 -3.508908
v 1.646784 2.965694 -3.474033
v 1.453760 3.011369 -3.598489
v 1.548376 3.027347 -3.555415
v 1.651666 3.043867 -3.521891
v 1.468208 3.085686 -3.647799
v 1.558706 3.100614 -3.606621
v 1.658727 3.117399 -3.575231
v 1.505790 3.214624 -3.752028
v 1.585427 3.228617 -3.718709
v 1.676758 3.246438 -3.694785
v 1.528424 3.267685 -3.804489
v 1.601499 3.282395 -3.778039
v 1.687804 3.301218 -3.759831
v 1.553144 3.313000 -3.856094
v 1.619620 3.329683 -3.839156
v 1.701133 3.349910 -3.828048
v 1.883234 3.280347 -3.668544
v 1.994108 3.292370 -3.664381
v 2.108148 3.300068 -3.665891
v 1.886590 3.336971 -3.741265
v 1.994078 3.349643 -3.739244
v 2.104920 3.357757 -3.741878
v 1.892061 3.387027 -3.818201
v 1.995524 3.399972 -3.818558
v 2.102293 3.408195 -3.822412
v 1.895852 2.298970 -3.330918
v 2.011168 2.295056 -3.322784
v 2.130466 2.292440 -3.321546
v 1.895709 2.381689 -3.309577
v 2.012016 2.380029 -3.300414
v 2.131977 2.378738 -3.298650
v 1.893295 2.467155 -3.298661
v 2.011085 2.467589 -3.288659
v 2.132157 2.467552 -3.286511
v 2.041770 1.659584 -4.263452
v 2.048630 1.674356 -4.159984
v 2.056010 1.697369 -4.057113
v 1.913447 1.671161 -4.254309
v 1.918416 1.685995 -4.151760
v 1.924491 1.708923 -4.049768
v 1.788960 1.690167 -4.247029
v 1.791918 1.705195 -4.145964
v 1.796619 1.728060 -4.045332
v 2.072659 1.766616 -3.858137
v 2.081724 1.812055 -3.764467
v 2.090901 1.864141 -3.676266
v 1.940992 1.777593 -3.852560
v 1.951212 1.822526 -3.759805
v 1.962125 1.873939 -3.672531
v 1.812904 1.795894 -3.850699
v 1.824278 1.840030 -3.759220
v 1.836972 1.890336 -3.673222
v 2.017099 1.689546 -4.659506
v 2.023177 1.668203 -4.565322
v 2.029189 1.656226 -4.467245
v 1.897826 1.699475 -4.645786
v 1.901967 1.678703 -4.552889
v 1.905620 1.667217 -4.456009
v 1.783378 1.715226 -4.630574
v 1.785345 1.695523 -4.539952
v 1.786350 1.684996 -4.445171
v 1.576164 1.761566 -4.598399
v 1.572595 1.745946 -4.515457
v 1.566943 1.739199 -4.427495
v 1.487619 1.790765 -4.583816
v 1.479638 1.778725 -4.506613
v 1.469460 1.775053 -4.423100
v 1.412196 1.823045 -4.573276
v 1.397473 1.816257 -4.503019
v 1.381567 1.816562 -4.424031
v 1.557120 1.749517 -4.240160
v 1.555600 1.765621 -4.143240
v 1.557336 1.788662 -4.046193
v 1.452332 1.789394 -4.241918
v 1.448374 1.806454 -4.147213
v 1.448561 1.829832 -4.052000
v 1.356509 1.835768 -4.248237
v 1.350055 1.854064 -4.155418
v 1.348706 1.877990 -4.061739
v 1.573091 1.854476 -3.857898
v 1.586875 1.896305 -3.769450
v 1.603448 1.943180 -3.686477
v 1.464061 1.894707 -3.866753
v 1.479125 1.935190 -3.779696
v 1.497836 1.979959 -3.698084
v 1.364003 1.942161 -3.878917
v 1.380389 1.981336 -3.792883
v 1.401360 2.023999 -3.712205
v 1.641045 2.049434 -3.541872
v 1.659036 2.108237 -3.482372
v 1.673708 2.170962 -3.432610
v 1.541986 2.079156 -3.556316
v 1.563980 2.132696 -3.498611
v 1.582387 2.188956 -3.451211
v 1.452840 2.115964 -3.572215
v 1.480067 2.163453 -3.515901
v 1.504433 2.211110 -3.470912
v 2.108365 1.986565 -3.520984
v 2.116001 2.056053 -3.455952
v 2.122444 2.130490 -3.400494
v 1.984014 1.994441 -3.519097
v 1.993834 2.062714 -3.454955
v 2.002037 2.135834 -3.400329
v 1.863564 2.007535 -3.522348
v 1.875751 2.073677 -3.459478
v 1.885833 2.144485 -3.406101
v 1.859054 3.356038 -4.910454
v 1.914659 3.431794 -4.840900
v 1.962246 3.493457 -4.764252
v 1.950456 3.328834 -4.913298
v 1.989827 3.395962 -4.838984
v 2.025661 3.453798 -4.758032
v 2.036452 3.322282 -4.918215
v 2.059421 3.384037 -4.840912
v 2.081322 3.438470 -4.757439
v 2.004844 3.571602 -4.589297
v 1.998376 3.586667 -4.490655
v 1.979935 3.584538 -4.384610
v 2.061714 3.531821 -4.576807
v 2.059837 3.550128 -4.477946
v 2.049784 3.555241 -4.375672
v 2.107799 3.514858 -4.573800
v 2.110857 3.534921 -4.475858
v 2.109754 3.543854 -4.376242
v 1.438770 2.944460 -5.020275
v 1.425904 2.998992 -4.991530
v 1.410277 3.083360 -4.964459
v 1.508494 2.970210 -5.047302
v 1.501349 3.032592 -5.016450
v 1.489264 3.120890 -4.986514
v 1.589638 2.992424 -5.074641
v 1.586857 3.061253 -5.039678
v 1.579702 3.153072 -5.003632
v 1.778048 3.026422 -5.123344
v 1.781784 3.099692 -5.079525
v 1.789192 3.180724 -5.029566
v 1.881498 3.037841 -5.142816
v 1.886935 3.110519 -5.095802
v 1.896954 3.183461 -5.041782
v 1.988943 3.045197 -5.158477
v 1.994319 3.118118 -5.109367
v 2.002844 3.188174 -5.052770
v 1.941807 3.535185 -4.169180
v 1.927556 3.502169 -4.072630
v 1.913200 3.468136 -3.983209
v 2.024988 3.532803 -4.174224
v 2.014908 3.509157 -4.079209
v 2.006074 3.479404 -3.988530
v 2.104047 3.532295 -4.180070
v 2.101958 3.513329 -4.085911
v 2.100752 3.486196 -3.994798
v 1.606676 3.432896 -4.074183
v 1.597441 3.407316 -4.019743
v 1.587773 3.380325 -3.962809
v 1.686977 3.468542 -4.097863
v 1.673509 3.438732 -4.034897
v 1.656819 3.406629 -3.968561
v 1.769815 3.503711 -4.128010
v 1.755227 3.466990 -4.050274
v 1.736258 3.430996 -3.973477
v 1.376775 3.401896 -4.936315
v 1.361617 3.619215 -4.935402
v 1.349949 3.832949 -4.936717
v 1.446088 3.435528 -4.950934
v 1.419748 3.644182 -4.946241
v 1.398261 3.844700 -4.944170
v 1.523803 3.468583 -4.955789
v 1.482278 3.667598 -4.948414
v 1.449237 3.848642 -4.944741
v 1.838929 3.753492 -4.659187
v 1.734968 3.883738 -4.711575
v 1.630392 4.013090 -4.763463
v 1.827493 3.765943 -4.579941
v 1.723318 3.896734 -4.649728
v 1.619221 4.025103 -4.716878
v 1.802413 3.764985 -4.498431
v 1.700910 3.901777 -4.590667
v 1.599947 4.031946 -4.673858
v 1.209526 4.007895 -4.875525
v 1.208337 4.068053 -4.860047
v 1.206853 4.096361 -4.836113
v 1.240349 4.075430 -4.898227
v 1.241318 4.142119 -4.884748
v 1.241355 4.171988 -4.863971
v 1.272234 4.107827 -4.911741
v 1.274132 4.175521 -4.898157
v 1.275482 4.205653 -4.878462
v 1.213435 4.122539 -4.781924
v 1.222878 4.135833 -4.757367
v 1.235027 4.147438 -4.735598
v 1.246060 4.193804 -4.815898
v 1.252096 4.203048 -4.793252
v 1.260058 4.210105 -4.772565
v 1.279386 4.225685 -4.832915
v 1.282736 4.233100 -4.810891
v 1.287143 4.237989 -4.790403
v 1.353962 4.237494 -4.844900
v 1.351867 4.244512 -4.822422
v 1.348732 4.248713 -4.801224
v 1.400966 4.225313 -4.843320
v 1.395880 4.232893 -4.819272
v 1.388436 4.237534 -4.796613
v 1.460178 4.189530 -4.831688
v 1.452356 4.198155 -4.803789
v 1.440598 4.203536 -4.777685
v 1.342590 4.125686 -4.925836
v 1.345785 4.189156 -4.910288
v 1.350327 4.217816 -4.890273
v 1.383716 4.116529 -4.929092
v 1.388977 4.176503 -4.912494
v 1.396410 4.204417 -4.891422
v 1.430591 4.082562 -4.928253
v 1.440623 4.137356 -4.910337
v 1.452837 4.165251 -4.886857
v 1.048649 3.242111 -4.549526
v 1.088601 3.501417 -4.635716
v 1.130019 3.752662 -4.719293
v 1.058686 3.220515 -4.621212
v 1.096876 3.483348 -4.692994
v 1.135892 3.732435 -4.762007
v 1.081847 3.205688 -4.693758
v 1.115129 3.470693 -4.748207
v 1.147986 3.708073 -4.799633
v 1.160259 3.243487 -4.817093
v 1.176145 3.496367 -4.839830
v 1.193496 3.724711 -4.863579
v 1.208327 3.288946 -4.859071
v 1.215969 3.530782 -4.873240
v 1.226774 3.763432 -4.890107
v 1.259490 3.329841 -4.890680
v 1.260038 3.562951 -4.898841
v 1.264170 3.792992 -4.909858
v 1.681566 3.572603 -4.909414
v 1.606205 3.741660 -4.912759
v 1.539968 3.895887 -4.918376
v 1.747095 3.635803 -4.859473
v 1.659995 3.789441 -4.874507
v 1.577163 3.938744 -4.890051
v 1.798784 3.687915 -4.800037
v 1.703162 3.830203 -4.826683
v 1.608545 3.971906 -4.853105
v 1.159129 3.423868 -4.315357
v 1.173271 3.648944 -4.449917
v 1.190966 3.861300 -4.572680
v 1.112335 3.370620 -4.365963
v 1.138632 3.605746 -4.486746
v 1.166062 3.830510 -4.601295
v 1.075938 3.318316 -4.421457
v 1.110236 3.563213 -4.530547
v 1.145450 3.799543 -4.635953
v 1.347596 3.416045 -4.180911
v 1.336756 3.394425 -4.155737
v 1.323041 3.352260 -4.121894
v 1.398015 3.405077 -4.160198
v 1.393211 3.390401 -4.136652
v 1.388444 3.364817 -4.107623
v 1.458353 3.425242 -4.161283
v 1.458418 3.415283 -4.139464
v 1.458663 3.397923 -4.113810
v 1.597213 3.493516 -4.194965
v 1.604747 3.487843 -4.175529
v 1.610859 3.474789 -4.152429
v 1.660378 3.533463 -4.223866
v 1.672727 3.528685 -4.205726
v 1.685609 3.515308 -4.183585
v 1.702504 3.588067 -4.267093
v 1.721259 3.583529 -4.251084
v 1.747236 3.567657 -4.231522
v 1.673883 3.774455 -4.414570
v 1.694978 3.775876 -4.407674
v 1.727442 3.768414 -4.408895
v 1.607628 3.897089 -4.509848
v 1.624039 3.903848 -4.508067
v 1.646845 3.904776 -4.517656
v 1.529352 4.016094 -4.601593
v 1.541660 4.026861 -4.602648
v 1.558092 4.032748 -4.614844
v 1.313711 4.211343 -4.745089
v 1.306499 4.225402 -4.747218
v 1.299289 4.234698 -4.757031
v 1.300143 4.191592 -4.729330
v 1.290206 4.203978 -4.730737
v 1.279729 4.211291 -4.739866
v 1.288639 4.143675 -4.694922
v 1.276274 4.153310 -4.695096
v 1.262703 4.157192 -4.703182
v 1.403845 4.174786 -4.722728
v 1.409392 4.189645 -4.725465
v 1.417494 4.199676 -4.736818
v 1.368603 4.206027 -4.745828
v 1.370802 4.221564 -4.748741
v 1.374846 4.232327 -4.759687
v 1.345437 4.216669 -4.752726
v 1.344352 4.232203 -4.755548
v 1.344425 4.243031 -4.766160
v 1.274851 3.916446 -4.539973
v 1.258740 3.915862 -4.535155
v 1.239240 3.906217 -4.538971
v 1.276176 3.753885 -4.429490
v 1.258876 3.744917 -4.419448
v 1.236369 3.722271 -4.416342
v 1.286815 3.596844 -4.320618
v 1.269149 3.577866 -4.302937
v 1.243961 3.536209 -4.285861
v 1.427650 3.587798 -4.485952
v 1.403948 3.720255 -4.591516
v 1.379395 3.859932 -4.687459
v 1.389845 3.574212 -4.479479
v 1.373314 3.705904 -4.581966
v 1.356544 3.844942 -4.675280
v 1.360345 3.574353 -4.476004
v 1.348447 3.696970 -4.569593
v 1.337917 3.827080 -4.655402
v 1.593254 3.680751 -4.532809
v 1.545075 3.782427 -4.618228
v 1.493029 3.889320 -4.694572
v 1.561927 3.653315 -4.521373
v 1.513759 3.766943 -4.616704
v 1.463750 3.887220 -4.702467
v 1.519199 3.630048 -4.508214
v 1.477087 3.752042 -4.609607
v 1.433924 3.881169 -4.701328
v 1.518049 3.979157 -4.631746
v 1.518188 3.952472 -4.653613
v 1.519600 3.921619 -4.669735
v 1.592280 3.865020 -4.543815
v 1.588395 3.842937 -4.569791
v 1.581690 3.820568 -4.593893
v 1.655391 3.747710 -4.452767
v 1.647990 3.730920 -4.482260
v 1.634270 3.718819 -4.512787
v 1.460362 3.417142 -4.214111
v 1.460462 3.413454 -4.254874
v 1.456671 3.430912 -4.311311
v 1.406230 3.400229 -4.214104
v 1.408668 3.397651 -4.254580
v 1.408209 3.416531 -4.309832
v 1.361731 3.413497 -4.234842
v 1.366700 3.411405 -4.273892
v 1.370205 3.429992 -4.325013
v 1.308356 3.588473 -4.368376
v 1.316515 3.578990 -4.401536
v 1.326012 3.578070 -4.437599
v 1.298647 3.737646 -4.471576
v 1.306983 3.720704 -4.500300
v 1.316490 3.705318 -4.528311
v 1.296926 3.891934 -4.576359
v 1.304851 3.867759 -4.599805
v 1.313235 3.838725 -4.617662
v 1.307129 4.106620 -4.723382
v 1.314079 4.072433 -4.740121
v 1.321281 4.019221 -4.741611
v 1.315867 4.151061 -4.755941
v 1.322663 4.114668 -4.772016
v 1.330871 4.056607 -4.772067
v 1.326220 4.168726 -4.770697
v 1.333059 4.131682 -4.786615
v 1.342977 4.072892 -4.786594
vn -0.0045 -0.4959 -0.8684
vn 0.0662 -0.5756 -0.8151
vn -0.0010 -0.5797 -0.8149
vn -0.0076 -0.4106 -0.9118
vn 0.0643 -0.4924 -0.8680
vn 0.1357 -0.5680 -0.8118
vn 0.1347 -0.4021 -0.9056
vn 0.1359 -0.4859 -0.8634
vn -0.0680 -0.5809 -0.8111
vn 0.0029 -0.6612 -0.7502
vn -0.0626 -0.6627 -0.7463
vn -0.0725 -0.4969 -0.8648
vn -0.0761 -0.4115 -0.9082
vn -0.0104 -0.3238 -0.9461
vn 0.0594 -0.3208 -0.9453
vn 0.0620 -0.4076 -0.9111
vn 0.1324 -0.3155 -0.9396
vn 0.2105 -0.3071 -0.9281
vn 0.2124 -0.3934 -0.8945
vn 0.2123 -0.4758 -0.8536
vn 0.2098 -0.5562 -0.8041
vn 0.2050 -0.6343 -0.7454
vn 0.1343 -0.6477 -0.7499
vn 0.0679 -0.6565 -0.7513
vn -0.0127 -0.2355 -0.9718
vn 0.0542 -0.1431 -0.9882
vn 0.0568 -0.2326 -0.9709
vn -0.0146 -0.1457 -0.9892
vn 0.0514 -0.0518 -0.9973
vn 0.1257 -0.1389 -0.9823
vn 0.1294 -0.2275 -0.9651
vn 0.1211 -0.0490 -0.9914
vn -0.0790 -0.3247 -0.9425
vn -0.0811 -0.2365 -0.9682
vn -0.0826 -0.1465 -0.9858
vn -0.0161 -0.0536 -0.9984
vn -0.0834 -0.0542 -0.9950
vn -0.0172 0.0412 -0.9990
vn 0.0484 0.0420 -0.9979
vn 0.1155 0.0427 -0.9924
vn 0.1865 0.0436 -0.9815
vn 0.1952 -0.0450 -0.9797
vn 0.2021 -0.1323 -0.9704
vn 0.2071 -0.2195 -0.9534
vn -0.0179 0.1373 -0.9904
vn 0.0429 0.2313 -0.9719
vn 0.0455 0.1367 -0.9896
vn -0.0181 0.2336 -0.9722
vn 0.0411 0.3262 -0.9444
vn 0.1035 0.2271 -0.9683
vn 0.1095 0.1351 -0.9848
vn 0.0990 0.3198 -0.9423
vn -0.0834 0.0408 -0.9957
vn -0.0827 0.1374 -0.9871
vn -0.0812 0.2344 -0.9687
vn -0.0177 0.3303 -0.9437
vn -0.0788 0.3318 -0.9400
vn -0.0163 0.4267 -0.9042
vn 0.0405 0.4203 -0.9065
vn 0.0969 0.4104 -0.9068
vn 0.1555 0.3982 -0.9040
vn 0.1588 0.3116 -0.9368
vn 0.1666 0.2213 -0.9609
vn 0.1765 0.1326 -0.9753
vn 0.2480 0.1297 -0.9600
vn 0.3045 0.2073 -0.9297
vn 0.3246 0.1285 -0.9371
vn 0.2331 0.2142 -0.9486
vn 0.2876 0.2917 -0.9123
vn 0.3821 0.2058 -0.9009
vn 0.4067 0.1333 -0.9038
vn 0.3575 0.2826 -0.8901
vn 0.2625 0.0456 -0.9639
vn 0.2214 0.3020 -0.9272
vn 0.2168 0.3851 -0.8971
vn 0.2810 0.3711 -0.8850
vn 0.3440 0.3565 -0.8687
vn 0.3971 0.3410 -0.8521
vn 0.4258 0.2848 -0.8588
vn 0.4573 0.2163 -0.8626
vn 0.4877 0.1477 -0.8604
vn 0.4287 0.0616 -0.9013
vn 0.5141 0.0808 -0.8539
vn 0.3433 0.0506 -0.9378
vn 0.2900 -0.2079 -0.9342
vn 0.3698 -0.1084 -0.9228
vn 0.3775 -0.1916 -0.9060
vn 0.2837 -0.1226 -0.9510
vn 0.3585 -0.0283 -0.9331
vn 0.4596 -0.0882 -0.8837
vn 0.4686 -0.1695 -0.8670
vn 0.4465 -0.0119 -0.8947
vn 0.2939 -0.2950 -0.9092
vn 0.2745 -0.0386 -0.9608
vn 0.5350 0.0123 -0.8448
vn 0.5505 -0.0607 -0.8326
vn 0.5611 -0.1409 -0.8156
vn 0.4737 -0.2565 -0.8425
vn 0.5672 -0.2286 -0.7912
vn 0.3819 -0.2784 -0.8813
vn 0.2941 -0.4617 -0.8368
vn 0.3748 -0.5204 -0.7673
vn 0.2896 -0.5401 -0.7902
vn 0.3831 -0.3643 -0.8488
vn 0.3808 -0.4440 -0.8111
vn 0.4649 -0.4979 -0.7321
vn 0.4747 -0.3430 -0.8106
vn 0.4719 -0.4229 -0.7736
vn 0.2817 -0.6160 -0.7356
vn 0.2954 -0.3810 -0.8761
vn 0.5681 -0.3168 -0.7596
vn 0.5641 -0.3987 -0.7231
vn 0.5562 -0.4746 -0.6822
vn 0.5444 -0.5475 -0.6355
vn 0.4535 -0.5703 -0.6849
vn 0.3648 -0.5940 -0.7170
vn 0.2594 -0.7626 -0.5926
vn 0.3203 -0.8065 -0.4970
vn 0.2514 -0.8294 -0.4989
vn 0.2709 -0.6905 -0.6707
vn 0.3344 -0.7380 -0.5861
vn 0.3949 -0.7780 -0.4887
vn 0.3508 -0.6665 -0.6579
vn 0.4181 -0.7107 -0.5658
vn 0.1916 -0.8986 -0.3946
vn 0.2512 -0.8829 -0.3966
vn 0.1916 -0.7823 -0.5927
vn 0.1886 -0.8462 -0.4983
vn 0.1985 -0.7101 -0.6755
vn 0.4379 -0.6408 -0.6305
vn 0.5277 -0.6183 -0.5825
vn 0.5054 -0.6878 -0.5210
vn 0.4787 -0.7496 -0.4571
vn 0.4478 -0.8042 -0.3909
vn 0.3817 -0.8353 -0.3957
vn 0.3165 -0.8614 -0.3974
vn 0.0193 -0.8715 -0.4899
vn 0.0722 -0.8046 -0.5894
vn 0.0762 -0.8665 -0.4934
vn 0.0074 -0.7386 -0.6741
vn 0.0129 -0.8096 -0.5869
vn 0.1311 -0.7959 -0.5910
vn 0.1320 -0.8580 -0.4964
vn 0.0695 -0.7335 -0.6761
vn -0.0319 -0.9243 -0.3803
vn 0.0267 -0.9226 -0.3849
vn -0.0407 -0.8733 -0.4855
vn -0.0562 -0.7403 -0.6700
vn -0.0489 -0.8112 -0.5828
vn 0.1322 -0.7243 -0.6767
vn 0.1360 -0.9099 -0.3919
vn 0.0820 -0.9177 -0.3887
vn 0.8927 -0.3557 -0.2767
vn 0.9480 -0.2245 -0.2255
vn 0.9277 -0.3256 -0.1828
vn 0.9112 -0.2570 -0.3220
vn 0.9558 -0.1282 -0.2647
vn 0.9742 -0.1871 -0.1266
vn 0.9528 -0.2909 -0.0873
vn 0.9829 -0.0889 -0.1614
vn 0.8184 -0.4795 -0.3168
vn 0.8601 -0.4573 -0.2262
vn 0.8474 -0.3821 -0.3687
vn 0.8635 -0.2866 -0.4151
vn 0.9176 -0.1608 -0.3636
vn 0.8688 -0.1911 -0.4567
vn 0.9131 -0.0662 -0.4024
vn 0.9528 -0.0351 -0.3015
vn 0.9812 0.0054 -0.1928
vn 0.9946 0.0572 -0.0864
vn 0.9974 -0.0426 -0.0581
vn 0.9893 -0.1431 -0.0265
vn 0.9678 -0.2513 0.0099
vn 0.9154 -0.4003 -0.0428
vn 0.9300 -0.3640 0.0520
vn 0.8919 -0.4315 -0.1354
vn 0.9000 0.0163 -0.4356
vn 0.9297 0.0911 -0.3569
vn 0.9417 0.0450 -0.3334
vn 0.8847 0.0651 -0.4616
vn 0.9216 0.0991 -0.3752
vn 0.9630 0.1309 -0.2357
vn 0.9721 0.0840 -0.2191
vn 0.9601 0.1413 -0.2414
vn 0.8641 -0.0949 -0.4943
vn 0.8508 -0.0091 -0.5254
vn 0.8310 0.0478 -0.5542
vn 0.8667 0.0773 -0.4927
vn 0.7507 0.0395 -0.6595
vn 0.8043 0.0697 -0.5902
vn 0.9167 0.0867 -0.3900
vn 0.9609 0.1334 -0.2426
vn 0.9754 0.1992 -0.0942
vn 0.9766 0.1872 -0.1054
vn 0.9849 0.1393 -0.1028
vn 0.9723 -0.2079 0.1068
vn 0.9852 -0.0424 0.1662
vn 0.9660 -0.1622 0.2015
vn 0.9930 -0.0937 0.0715
vn 0.9879 0.0712 0.1378
vn 0.9660 0.0073 0.2585
vn 0.9488 -0.1151 0.2941
vn 0.9661 0.1253 0.2259
vn 0.9347 -0.3237 0.1468
vn 0.9989 0.0129 0.0443
vn 0.9922 0.1230 0.0201
vn 0.9761 0.1869 0.1114
vn 0.9510 0.2411 0.1935
vn 0.9345 0.1708 0.3122
vn 0.9353 0.0528 0.3500
vn 0.9203 -0.0674 0.3854
vn 0.9154 -0.2339 0.3276
vn 0.8914 -0.1837 0.4144
vn 0.9297 -0.2805 0.2386
vn 0.9674 0.2529 0.0161
vn 0.9572 0.2722 0.0984
vn 0.9781 0.2081 0.0082
vn 0.9634 0.2643 0.0450
vn 0.9424 0.3156 0.1113
vn 0.9294 0.3257 0.1735
vn 0.9326 0.3261 0.1545
vn 0.9110 0.3701 0.1821
vn 0.9779 0.1941 -0.0777
vn 0.9627 0.2585 0.0803
vn 0.9251 0.3177 0.2078
vn 0.8952 0.3812 0.2308
vn 0.8673 0.3835 0.3175
vn 0.8406 0.4552 0.2935
vn 0.8748 0.4201 0.2414
vn 0.8986 0.3654 0.2429
vn 0.9198 0.2819 0.2730
vn 0.5826 -0.6765 -0.4505
vn 0.5882 -0.7511 -0.2998
vn 0.5435 -0.7475 -0.3819
vn 0.6107 -0.6025 -0.5139
vn 0.6424 -0.6729 -0.3669
vn 0.6228 -0.7515 -0.2178
vn 0.6797 -0.5925 -0.4323
vn 0.6869 -0.6702 -0.2812
vn 0.4835 -0.8154 -0.3183
vn 0.6297 -0.5285 -0.5693
vn 0.7049 -0.5127 -0.4902
vn 0.7344 -0.5842 -0.3455
vn 0.7675 -0.4974 -0.4044
vn 0.7765 -0.5746 -0.2587
vn 0.7211 -0.6641 -0.1975
vn 0.6497 -0.7473 -0.1393
vn 0.5659 -0.8196 -0.0896
vn 0.5431 -0.8235 -0.1641
vn 0.5151 -0.8220 -0.2428
vn 0.6438 -0.4514 -0.6179
vn 0.7341 -0.3436 -0.5857
vn 0.7230 -0.4284 -0.5420
vn 0.6533 -0.3716 -0.6596
vn 0.7389 -0.2545 -0.6239
vn 0.8044 -0.3152 -0.5035
vn 0.7909 -0.4058 -0.4580
vn 0.8094 -0.2222 -0.5436
vn 0.6578 -0.2866 -0.6965
vn 0.6565 -0.1959 -0.7284
vn 0.7366 -0.1609 -0.6569
vn 0.8057 -0.1264 -0.5787
vn 0.6490 -0.1068 -0.7532
vn 0.7112 0.0057 -0.7030
vn 0.7270 -0.0713 -0.6830
vn 0.6356 -0.0284 -0.7715
vn 0.6858 0.0630 -0.7251
vn 0.7748 0.0327 -0.6313
vn 0.7940 -0.0379 -0.6068
vn 0.6146 0.0392 -0.7879
vn 0.5844 0.0995 -0.8053
vn 0.6436 0.1061 -0.7580
vn 0.7447 0.0703 -0.6637
vn 0.6888 0.0795 -0.7206
vn 0.5447 0.1571 -0.8238
vn 0.5064 0.1791 -0.8435
vn 0.5832 0.1433 -0.7996
vn 0.4965 0.2157 -0.8408
vn 0.4238 0.2108 -0.8809
vn 0.6015 0.0884 -0.7939
vn 0.4874 0.0980 -0.8676
vn 0.4438 0.2721 -0.8538
vn 0.3919 0.3184 -0.8631
vn 0.3531 0.2354 -0.9055
vn 0.3804 0.1120 -0.9180
vn 0.2958 0.1285 -0.9466
vn 0.3399 0.0298 -0.9400
vn 0.4662 0.0235 -0.8844
vn 0.6080 0.0222 -0.7936
vn 0.7276 -0.4446 0.5224
vn 0.3175 -0.2591 0.9122
vn 0.3465 -0.5028 0.7919
vn 0.8593 -0.3736 0.3493
vn 0.6965 -0.2937 0.6547
vn 0.2401 0.1000 0.9656
vn 0.8524 -0.3149 0.4175
vn 0.5958 -0.0092 0.8031
vn 0.3358 -0.4639 0.8198
vn -0.1471 -0.4327 0.8895
vn -0.1415 -0.4011 0.9050
vn 0.7153 -0.3793 0.5869
vn 0.8465 -0.2721 0.4576
vn 0.8852 -0.2028 0.4188
vn 0.9010 -0.3285 0.2835
vn 0.9004 -0.3172 0.2977
vn 0.8035 -0.1188 0.5834
vn 0.8843 -0.2064 0.4187
vn 0.6792 0.1297 0.7224
vn 0.4291 0.2823 0.8580
vn 0.1755 0.3867 0.9054
vn 0.0432 0.4210 0.9060
vn -0.0602 0.1851 0.9809
vn -0.1248 -0.1623 0.9788
vn 0.9073 0.4123 -0.0827
vn 0.6380 0.7693 0.0338
vn 0.8650 0.4931 0.0932
vn 0.6787 0.7046 -0.2070
vn 0.4687 0.8830 0.0264
vn 0.5179 0.7717 0.3691
vn 0.7343 0.5686 0.3708
vn 0.3873 0.8407 0.3784
vn 0.9608 0.1729 0.2167
vn 0.9946 0.0711 0.0757
vn 0.8778 0.4775 0.0378
vn 0.6642 0.7364 -0.1285
vn 0.4903 0.8356 -0.2477
vn 0.4894 0.8491 -0.1985
vn 0.4307 0.8669 -0.2509
vn 0.4283 0.9031 0.0320
vn 0.3735 0.8442 0.3846
vn 0.2978 0.7311 0.6138
vn 0.2939 0.7348 0.6114
vn 0.3821 0.6999 0.6035
vn 0.5634 0.5875 0.5809
vn 0.8880 0.2792 0.3653
vn 0.7443 0.3931 0.5399
vn 0.9744 0.1444 0.1725
vn 0.5940 0.7006 0.3954
vn 0.5613 0.7605 0.3265
vn 0.6325 0.6895 0.3527
vn 0.5209 0.7751 0.3577
vn 0.4985 0.8121 0.3033
vn 0.5690 0.7445 0.3493
vn 0.6264 0.6800 0.3812
vn 0.5103 0.7984 0.3197
vn 0.7201 0.5233 0.4556
vn 0.7219 0.5825 0.3736
vn 0.5395 0.6974 0.4718
vn 0.4568 0.7678 0.4493
vn 0.4702 0.8192 0.3283
vn 0.4298 0.8090 0.4011
vn 0.4152 0.8507 0.3224
vn 0.4360 0.8497 0.2964
vn 0.4471 0.8407 0.3054
vn 0.4477 0.8271 0.3397
vn 0.4891 0.7896 0.3707
vn 0.5349 0.7396 0.4084
vn 0.5790 0.6822 0.4464
vn 0.6764 0.6137 0.4072
vn 0.6167 0.6231 0.4811
vn 0.7076 0.6070 0.3618
vn 0.8636 0.3926 0.3163
vn 0.7970 0.4772 0.3703
vn 0.8182 0.4111 0.4018
vn 0.8394 0.4561 0.2955
vn 0.7629 0.5376 0.3590
vn 0.7408 0.4914 0.4580
vn 0.7580 0.4239 0.4957
vn 0.7146 0.5519 0.4298
vn 0.8825 0.3088 0.3548
vn 0.8017 0.5124 0.3078
vn 0.6459 0.5646 0.5139
vn 0.6672 0.5039 0.5486
vn 0.6818 0.4362 0.5873
vn 0.7686 0.3429 0.5401
vn 0.6905 0.3571 0.6290
vn 0.8326 0.3279 0.4463
vn 0.8796 -0.0203 0.4753
vn 0.8367 0.1274 0.5326
vn 0.8261 0.0241 0.5630
vn 0.8923 0.0927 0.4418
vn 0.8392 0.2302 0.4926
vn 0.7688 0.1574 0.6198
vn 0.7601 0.0635 0.6467
vn 0.7721 0.2514 0.5836
vn 0.8562 -0.1307 0.4998
vn 0.8932 0.2047 0.4003
vn 0.6931 0.2704 0.6681
vn 0.6903 0.1829 0.7000
vn 0.6832 0.0957 0.7240
vn 0.7463 -0.0300 0.6650
vn 0.6716 0.0077 0.7409
vn 0.8082 -0.0779 0.5837
vn 0.7048 -0.4548 0.5444
vn 0.7420 -0.2877 0.6055
vn 0.6843 -0.3940 0.6136
vn 0.7720 -0.3496 0.5308
vn 0.7817 -0.1809 0.5969
vn 0.6957 -0.2268 0.6816
vn 0.6513 -0.3300 0.6833
vn 0.7260 -0.1257 0.6761
vn 0.6306 -0.5964 0.4966
vn 0.6219 -0.5459 0.5615
vn 0.7172 -0.5087 0.4764
vn 0.7910 -0.4064 0.4573
vn 0.8216 -0.2398 0.5172
vn 0.8490 -0.2965 0.4375
vn 0.6545 -0.0832 0.7515
vn 0.6300 -0.1799 0.7555
vn 0.5998 -0.2759 0.7511
vn 0.5886 -0.4229 0.6890
vn 0.5670 -0.3613 0.7403
vn 0.6076 -0.4872 0.6273
vn 0.7257 -0.6371 0.2597
vn 0.8089 -0.5018 0.3065
vn 0.7272 -0.5985 0.3362
vn 0.8093 -0.5426 0.2250
vn 0.8770 -0.3946 0.2740
vn 0.8028 -0.4568 0.3832
vn 0.7243 -0.5561 0.4076
vn 0.8669 -0.3481 0.3569
vn 0.6263 -0.7503 0.2118
vn 0.6332 -0.7173 0.2905
vn 0.7191 -0.6720 0.1772
vn 0.8032 -0.5795 0.1381
vn 0.8798 -0.4370 0.1870
vn 0.8744 -0.4756 0.0958
vn 0.6351 -0.6409 0.4311
vn 0.6360 -0.6808 0.3632
vn 0.7487 -0.6527 -0.1158
vn 0.6911 -0.7226 0.0138
vn 0.6721 -0.7378 -0.0629
vn 0.8112 -0.5593 -0.1708
vn 0.7714 -0.6354 -0.0342
vn 0.7070 -0.7010 0.0935
vn 0.8605 -0.5094 0.0043
vn 0.7900 -0.6110 0.0505
vn 0.5851 -0.8108 -0.0170
vn 0.8390 -0.5375 -0.0846
vn 0.6153 -0.7772 0.1320
vn 0.6014 -0.7970 0.0559
vn 0.2870 0.1430 0.9472
vn 0.2176 0.2416 0.9457
vn 0.2180 0.1439 0.9653
vn 0.2880 0.2387 0.9274
vn 0.2155 0.3321 0.9183
vn 0.1492 0.2435 0.9584
vn 0.1504 0.1448 0.9780
vn 0.1468 0.3344 0.9309
vn 0.3530 0.0421 0.9347
vn 0.2830 0.0397 0.9583
vn 0.3595 0.1416 0.9223
vn 0.3622 0.2344 0.9021
vn 0.2864 0.3282 0.9001
vn 0.3613 0.3222 0.8750
vn 0.2828 0.4123 0.8661
vn 0.2120 0.4165 0.8841
vn 0.1436 0.4189 0.8966
vn 0.0756 0.4197 0.9045
vn 0.0784 0.3353 0.9388
vn 0.0807 0.2442 0.9664
vn 0.0824 0.1452 0.9860
vn 0.1504 0.0378 0.9879
vn 0.0832 0.0378 0.9958
vn 0.2163 0.0382 0.9756
vn 0.2704 0.5639 0.7803
vn 0.2074 0.4952 0.8437
vn 0.2774 0.4909 0.8259
vn 0.2616 0.6323 0.7292
vn 0.2017 0.5687 0.7974
vn 0.1396 0.4976 0.8561
vn 0.1949 0.6380 0.7450
vn 0.1350 0.5714 0.8095
vn 0.3513 0.4843 0.8013
vn 0.3575 0.4060 0.8410
vn 0.3428 0.5564 0.7569
vn 0.3317 0.6235 0.7080
vn 0.3180 0.6867 0.6537
vn 0.2510 0.6968 0.6719
vn 0.1868 0.7034 0.6859
vn 0.1296 0.6411 0.7565
vn 0.1234 0.7070 0.6964
vn 0.0638 0.6421 0.7640
vn 0.0683 0.5722 0.8172
vn 0.0722 0.4984 0.8639
vn 0.5225 -0.2664 0.8100
vn 0.4709 -0.1610 0.8674
vn 0.4486 -0.2787 0.8492
vn 0.5505 -0.1597 0.8194
vn 0.4913 -0.0545 0.8693
vn 0.3974 -0.1708 0.9016
vn 0.3808 -0.2920 0.8774
vn 0.4141 -0.0587 0.9083
vn 0.4995 -0.3809 0.7780
vn 0.5731 -0.0602 0.8173
vn 0.5895 0.0315 0.8072
vn 0.5069 0.0421 0.8609
vn 0.4276 0.0441 0.9029
vn 0.3427 -0.0656 0.9372
vn 0.3303 -0.1811 0.9264
vn 0.3180 -0.3028 0.8985
vn 0.3082 -0.4212 0.8530
vn 0.3688 -0.4105 0.8339
vn 0.4336 -0.3971 0.8089
vn 0.6002 0.1184 0.7910
vn 0.5222 0.2180 0.8245
vn 0.5171 0.1320 0.8457
vn 0.6063 0.2033 0.7688
vn 0.5229 0.3023 0.7970
vn 0.4405 0.2280 0.8683
vn 0.4364 0.1388 0.8890
vn 0.4404 0.3138 0.8412
vn 0.6080 0.2878 0.7400
vn 0.6045 0.3722 0.7043
vn 0.5195 0.3859 0.7624
vn 0.4366 0.3971 0.8072
vn 0.5833 0.5181 0.6256
vn 0.5118 0.4631 0.7236
vn 0.5962 0.4499 0.6650
vn 0.5649 0.5797 0.5872
vn 0.4997 0.5326 0.6831
vn 0.4296 0.4750 0.7680
vn 0.4830 0.5960 0.6414
vn 0.4192 0.5459 0.7254
vn 0.5403 0.6381 0.5485
vn 0.4614 0.6560 0.5972
vn 0.4054 0.6112 0.6798
vn 0.3880 0.6729 0.6299
vn 0.4726 0.7503 0.4623
vn 0.4352 0.7137 0.5489
vn 0.5094 0.6954 0.5069
vn 0.4328 0.8005 0.4145
vn 0.4056 0.7682 0.4954
vn 0.3674 0.7313 0.5747
vn 0.3757 0.8174 0.4366
vn 0.3447 0.7852 0.5145
vn 0.4004 0.8429 0.3594
vn 0.3507 0.8580 0.3753
vn 0.3217 0.8330 0.4501
vn 0.3004 0.8722 0.3861
vn 0.2671 0.8465 0.4606
vn 0.2851 0.7995 0.5287
vn 0.3023 0.7459 0.5935
vn 0.2259 0.8103 0.5408
vn 0.1778 0.7638 0.6205
vn 0.2390 0.7566 0.6086
vn 0.2114 0.8571 0.4698
vn 0.1677 0.8177 0.5506
vn 0.1165 0.7678 0.6300
vn 0.1562 0.8648 0.4772
vn 0.1087 0.8222 0.5588
vn 0.2483 0.8849 0.3940
vn 0.1946 0.8959 0.3993
vn 0.1417 0.9046 0.4020
vn 0.0997 0.8697 0.4833
vn 0.0885 0.9103 0.4043
vn 0.0408 0.8715 0.4886
vn 0.0472 0.8237 0.5650
vn 0.0532 0.7691 0.6369
vn 0.0588 0.7081 0.7036
vn 0.2589 -0.3106 0.9146
vn 0.2073 -0.1938 0.9589
vn 0.2012 -0.3157 0.9273
vn 0.2677 -0.1889 0.9448
vn 0.2126 -0.0751 0.9743
vn 0.1460 -0.1963 0.9696
vn 0.1419 -0.3184 0.9373
vn 0.1489 -0.0767 0.9859
vn 0.2508 -0.4291 0.8677
vn 0.2763 -0.0714 0.9584
vn 0.0830 -0.0770 0.9936
vn 0.0816 -0.1969 0.9770
vn 0.0789 -0.3192 0.9444
vn 0.0748 -0.4393 0.8952
vn 0.1367 -0.4381 0.8885
vn 0.1946 -0.4347 0.8793
vn 0.1266 -0.9881 0.0876
vn 0.0743 -0.9821 0.1729
vn 0.0673 -0.9933 0.0940
vn 0.1882 -0.9788 0.0803
vn 0.1345 -0.9769 0.1660
vn 0.0810 -0.9654 0.2481
vn 0.1974 -0.9676 0.1577
vn 0.1417 -0.9601 0.2411
vn 0.0597 -0.9982 0.0099
vn 0.0082 -0.9950 0.0995
vn 0.0012 -0.9999 0.0152
vn 0.1178 -0.9930 0.0043
vn 0.1776 -0.9841 -0.0015
vn 0.2421 -0.9702 -0.0079
vn 0.2549 -0.9643 0.0716
vn 0.2657 -0.9527 0.1472
vn 0.2055 -0.9507 0.2324
vn 0.2749 -0.9357 0.2213
vn 0.2129 -0.9280 0.3058
vn 0.1485 -0.9377 0.3143
vn 0.0874 -0.9430 0.3210
vn 0.0272 -0.9448 0.3266
vn 0.0211 -0.9670 0.2537
vn 0.0148 -0.9838 0.1785
vn 0.0937 -0.9149 0.3928
vn 0.1613 -0.8744 0.4575
vn 0.1000 -0.8800 0.4643
vn 0.1551 -0.9093 0.3861
vn 0.2255 -0.8646 0.4490
vn 0.1671 -0.8318 0.5293
vn 0.1062 -0.8372 0.5365
vn 0.2304 -0.8225 0.5200
vn 0.0332 -0.9167 0.3983
vn 0.2196 -0.8994 0.3780
vn 0.2897 -0.8838 0.3675
vn 0.2950 -0.8492 0.4380
vn 0.2985 -0.8081 0.5078
vn 0.3000 -0.7587 0.5783
vn 0.2341 -0.7712 0.5920
vn 0.1725 -0.7795 0.6023
vn 0.1123 -0.7844 0.6100
vn 0.0453 -0.8390 0.5422
vn 0.0514 -0.7862 0.6159
vn 0.0392 -0.8819 0.4698
vn 0.0897 -0.9551 -0.2822
vn 0.0433 -0.9834 -0.1760
vn 0.0348 -0.9599 -0.2782
vn 0.1437 -0.9476 -0.2854
vn 0.0987 -0.9786 -0.1804
vn 0.0516 -0.9955 -0.0800
vn 0.1541 -0.9708 -0.1839
vn 0.1083 -0.9905 -0.0849
vn -0.0230 -0.9616 -0.2735
vn 0.1998 -0.9366 -0.2878
vn 0.2126 -0.9592 -0.1865
vn 0.1659 -0.9821 -0.0893
vn 0.2274 -0.9693 -0.0934
vn -0.0064 -0.9972 -0.0750
vn -0.0144 -0.9851 -0.1712
vn 0.3282 -0.8986 -0.2912
vn 0.2768 -0.9422 -0.1888
vn 0.2605 -0.9211 -0.2893
vn 0.4025 -0.8664 -0.2957
vn 0.3493 -0.9168 -0.1938
vn 0.2955 -0.9503 -0.0983
vn 0.4307 -0.8782 -0.2083
vn 0.3718 -0.9221 -0.1076
vn 0.4559 -0.8808 -0.1275
vn 0.4772 -0.8772 -0.0531
vn 0.3918 -0.9196 -0.0299
vn 0.3132 -0.9495 -0.0163
vn 0.4083 -0.9118 0.0433
vn 0.3406 -0.9307 0.1336
vn 0.3282 -0.9427 0.0600
vn 0.4948 -0.8688 0.0185
vn 0.4219 -0.8993 0.1152
vn 0.3507 -0.9133 0.2069
vn 0.5095 -0.8557 0.0899
vn 0.4332 -0.8814 0.1882
vn 0.5219 -0.8371 0.1637
vn 0.5320 -0.8119 0.2406
vn 0.4425 -0.8572 0.2634
vn 0.3593 -0.8898 0.2812
vn 0.2828 -0.9127 0.2951
vn 0.3662 -0.8605 0.3541
vn 0.4536 -0.7928 0.4072
vn 0.3710 -0.8261 0.4241
vn 0.4494 -0.8272 0.3374
vn 0.5426 -0.7455 0.3870
vn 0.4547 -0.7540 0.4740
vn 0.3731 -0.7864 0.4923
vn 0.5428 -0.7069 0.4535
vn 0.5390 -0.7806 0.3165
vn 0.5396 -0.6635 0.5183
vn 0.4524 -0.7095 0.5403
vn 0.3725 -0.7395 0.5607
vn 0.3693 -0.6824 0.6308
vn 0.4386 -0.5903 0.6777
vn 0.3653 -0.6109 0.7024
vn 0.4466 -0.6566 0.6078
vn 0.5210 -0.5527 0.6505
vn 0.4321 -0.5044 0.7475
vn 0.3640 -0.5205 0.7724
vn 0.5062 -0.4789 0.7172
vn 0.3000 -0.6982 0.6500
vn 0.5323 -0.6134 0.5835
vn 0.3021 -0.5310 0.7917
vn 0.3000 -0.6233 0.7222
vn 0.1184 -0.7198 0.6840
vn 0.1825 -0.6376 0.7484
vn 0.1245 -0.6416 0.7569
vn 0.1774 -0.7154 0.6758
vn 0.2400 -0.6316 0.7372
vn 0.1882 -0.5441 0.8176
vn 0.1306 -0.5478 0.8263
vn 0.2444 -0.5386 0.8063
vn 0.0576 -0.7214 0.6901
vn 0.2370 -0.7084 0.6648
vn 0.0696 -0.5492 0.8328
vn 0.0637 -0.6431 0.7631
vn -0.2145 0.6771 -0.7039
vn -0.4832 0.5317 -0.6956
vn -0.3648 0.5335 -0.7631
vn -0.0988 0.7521 -0.6516
vn -0.3230 0.7048 -0.6317
vn -0.6161 0.5763 -0.5369
vn -0.1485 0.7979 -0.5842
vn -0.4289 0.7434 -0.5132
vn -0.1814 0.5031 -0.8450
vn -0.4715 0.3255 -0.8196
vn -0.2456 0.2824 -0.9273
vn -0.1189 0.6520 -0.7488
vn -0.0617 0.7081 -0.7034
vn -0.0578 0.7211 -0.6904
vn -0.0532 0.7699 -0.6359
vn -0.0475 0.8206 -0.5695
vn -0.2045 0.8475 -0.4897
vn -0.0402 0.8740 -0.4843
vn -0.2454 0.8991 -0.3624
vn -0.4964 0.7976 -0.3427
vn -0.6843 0.6541 -0.3223
vn -0.7833 0.5395 -0.3088
vn -0.7127 0.4302 -0.5541
vn -0.6013 0.3442 -0.7211
vn -0.4815 0.8610 -0.1638
vn -0.5632 0.8179 0.1174
vn -0.6659 0.7416 -0.0814
vn -0.1919 0.9752 -0.1106
vn -0.3806 0.9246 -0.0161
vn -0.3835 0.8928 0.2361
vn -0.1176 0.9930 -0.0090
vn -0.2601 0.9629 0.0718
vn -0.7614 0.6476 -0.0284
vn -0.0308 0.9259 -0.3766
vn -0.2430 0.9420 -0.2316
vn -0.0119 0.9888 -0.1489
vn -0.0035 0.9990 -0.0450
vn 0.0044 0.9987 0.0511
vn -0.0485 0.9957 0.0784
vn -0.1282 0.9782 0.1635
vn -0.1566 0.9402 0.3024
vn -0.1711 0.8090 0.5623
vn -0.5116 0.7599 0.4009
vn -0.6616 0.7203 0.2083
vn 0.2733 0.3838 -0.8820
vn 0.2944 0.2655 -0.9181
vn 0.3364 0.3527 -0.8732
vn 0.2090 0.4156 -0.8852
vn 0.2305 0.3109 -0.9221
vn 0.2239 0.1544 -0.9623
vn 0.1660 0.3688 -0.9146
vn 0.1452 0.1992 -0.9691
vn 0.1477 0.4474 -0.8820
vn 0.1061 0.4371 -0.8931
vn 0.0671 0.2669 -0.9614
vn -0.0276 0.3980 -0.9170
vn -0.0790 0.1607 -0.9838
vn 0.0486 0.0942 -0.9944
vn 0.1526 0.0595 -0.9865
vn 0.2410 0.0407 -0.9697
vn 0.0371 0.5031 -0.8635
vn 0.0535 0.5099 -0.8585
vn 0.0902 0.4783 -0.8736
vn -0.0154 0.5168 -0.8559
vn 0.0155 0.5663 -0.8241
vn -0.0116 0.5487 -0.8360
vn -0.0203 0.5941 -0.8041
vn -0.0379 0.6155 -0.7873
vn -0.0754 0.4290 -0.9002
vn -0.0713 0.5208 -0.8507
vn -0.0667 0.6010 -0.7965
vn -0.0357 0.6577 -0.7524
vn -0.0622 0.6673 -0.7422
vn 0.0432 0.9574 0.2857
vn 0.0762 0.9586 0.2743
vn 0.1233 0.9391 0.3207
vn -0.0060 0.9749 0.2228
vn 0.0474 0.9690 0.2423
vn 0.1196 0.9357 0.3320
vn 0.1710 0.9233 0.3439
vn 0.0727 0.9435 0.3233
vn 0.1134 0.9094 0.4001
vn 0.0071 0.9869 0.1609
vn 0.0120 0.9896 0.1436
vn 0.0196 0.9719 0.2344
vn 0.0269 0.9461 0.3228
vn 0.0340 0.9124 0.4078
vn 0.2277 0.9095 0.3479
vn 0.1987 0.9171 0.3456
vn 0.3602 0.8738 0.3269
vn 0.3235 0.8922 0.3151
vn 0.3760 0.8762 0.3014
vn 0.3145 0.8840 0.3459
vn 0.2689 0.9030 0.3351
vn 0.3340 0.8835 0.3285
vn 0.3877 0.8663 0.3150
vn 0.2827 0.8966 0.3408
vn 0.3857 0.8346 0.3934
vn 0.3368 0.8527 0.3994
vn 0.2963 0.8500 0.4356
vn 0.2521 0.8868 0.3874
vn 0.2073 0.8290 0.5195
vn -0.0174 0.0271 -0.9995
vn 0.0680 -0.0157 -0.9976
vn 0.1016 0.0034 -0.9948
vn -0.1672 0.0707 -0.9834
vn -0.0550 0.0039 -0.9985
vn 0.0372 -0.0079 -0.9993
vn -0.2097 0.0379 -0.9770
vn -0.0848 0.0126 -0.9963
vn 0.1990 -0.0099 -0.9800
vn -0.3581 0.1350 -0.9239
vn -0.3831 0.0873 -0.9196
vn -0.2320 0.0401 -0.9719
vn -0.3954 0.0997 -0.9131
vn -0.2774 0.0872 -0.9568
vn -0.1325 0.0694 -0.9888
vn -0.0043 0.0453 -0.9990
vn 0.0895 0.0239 -0.9957
vn 0.1276 -0.0206 -0.9916
vn 0.1647 -0.0272 -0.9860
vn -0.8004 0.5995 -0.0037
vn -0.7150 0.6588 0.2339
vn -0.8072 0.5902 0.0050
vn -0.7041 0.6698 0.2358
vn -0.6112 0.6915 0.3849
vn -0.7032 0.6735 0.2278
vn -0.7929 0.6092 0.0126
vn -0.6034 0.7042 0.3741
vn -0.8247 0.4799 -0.2993
vn -0.5883 0.7037 0.3984
vn -0.4340 0.7099 0.5547
vn -0.4929 0.7075 0.5065
vn -0.4880 0.7212 0.4917
vn -0.4577 0.7489 0.4791
vn -0.5739 0.7418 0.3469
vn -0.6647 0.7200 0.1992
vn -0.7430 0.6693 0.0009
vn -0.7817 0.5644 -0.2652
vn -0.8263 0.4914 -0.2752
vn -0.8350 0.4680 -0.2895
vn 0.4727 0.1017 -0.8753
vn 0.7930 0.1716 -0.5846
vn 0.6685 0.0761 -0.7398
vn 0.2334 0.1269 -0.9641
vn 0.6153 0.2593 -0.7444
vn 0.8879 0.2675 -0.3744
vn 0.3325 0.3596 -0.8718
vn 0.7418 0.4434 -0.5030
vn 0.5701 0.0155 -0.8214
vn 0.7815 0.0647 -0.6205
vn 0.6915 0.0182 -0.7221
vn 0.3842 0.0107 -0.9232
vn 0.2047 0.0137 -0.9787
vn 0.0673 0.1423 -0.9875
vn 0.0798 0.4033 -0.9116
vn 0.4331 0.6529 -0.6214
vn 0.1155 0.7465 -0.6553
vn 0.4849 0.7865 -0.3825
vn 0.7979 0.5279 -0.2911
vn 0.9250 0.3253 -0.1965
vn 0.9631 0.2335 -0.1336
vn 0.9367 0.1790 -0.3010
vn 0.8738 0.1205 -0.4711
vn 0.8075 0.5582 -0.1907
vn 0.9140 0.4026 0.0500
vn 0.9280 0.3661 -0.0690
vn 0.4989 0.8115 -0.3044
vn 0.8086 0.5809 -0.0936
vn 0.8790 0.4407 0.1821
vn 0.5043 0.8598 -0.0807
vn 0.7892 0.6121 0.0504
vn 0.9589 0.2833 0.0154
vn 0.1453 0.9313 -0.3341
vn 0.1561 0.9511 -0.2667
vn 0.5068 0.8306 -0.2309
vn 0.1697 0.9782 -0.1194
vn 0.1731 0.9748 0.1408
vn 0.4656 0.8695 0.1648
vn 0.7123 0.6514 0.2614
vn 0.7946 0.4936 0.3534
vn 0.8109 0.4264 0.4007
vn 0.8907 0.3702 0.2637
vn 0.9342 0.3265 0.1434
vn -0.1473 0.9451 -0.2916
vn -0.4238 0.9041 -0.0547
vn -0.1410 0.9675 -0.2100
vn -0.4426 0.8787 -0.1787
vn -0.5896 0.8004 0.1082
vn -0.3872 0.9164 0.1014
vn -0.1227 0.9906 -0.0600
vn -0.5210 0.8124 0.2620
vn 0.1370 0.9043 -0.4043
vn -0.1539 0.9117 -0.3810
vn -0.4581 0.8269 -0.3261
vn -0.6408 0.7653 -0.0609
vn -0.6727 0.6858 -0.2778
vn -0.4154 0.8050 0.4237
vn -0.3098 0.9004 0.3055
vn -0.0796 0.9801 0.1820
vn -0.0624 0.1686 -0.9837
vn -0.3407 0.4085 -0.8468
vn -0.1215 0.4273 -0.8959
vn -0.2240 0.1865 -0.9566
vn -0.5259 0.3454 -0.7772
vn -0.4349 0.6835 -0.5863
vn -0.1535 0.7569 -0.6352
vn -0.6421 0.5469 -0.5371
vn -0.3888 0.1820 -0.9032
vn -0.5002 0.1685 -0.8494
vn -0.6289 0.2756 -0.7270
vn -0.7401 0.4219 -0.5237
vn 0.9142 0.0763 -0.3980
vn 0.9596 0.1286 -0.2502
vn 0.9615 0.1262 -0.2439
vn 0.8455 0.0395 -0.5325
vn 0.9103 0.0781 -0.4065
vn 0.9019 0.0900 -0.4224
vn 0.9536 0.1415 -0.2658
vn 0.8243 0.0445 -0.5645
vn 0.9798 0.1879 -0.0688
vn 0.8512 0.0491 -0.5226
vn 0.7405 0.0112 -0.6720
vn 0.8368 0.0379 -0.5461
vn 0.7262 0.0046 -0.6874
vn 0.9754 0.1993 -0.0942
vn 0.9792 0.1888 -0.0740
vn 0.4415 -0.0178 -0.8971
vn 0.5756 -0.0200 -0.8175
vn 0.5965 -0.0090 -0.8026
vn 0.3047 -0.0171 -0.9523
vn 0.4121 -0.0323 -0.9106
vn 0.5493 -0.0185 -0.8354
vn 0.2698 -0.0336 -0.9623
vn 0.3807 -0.0282 -0.9243
vn 0.2306 -0.0285 -0.9726
vn 0.7063 0.0068 -0.7079
vn -0.6515 0.2485 -0.7168
vn -0.5369 0.1446 -0.8311
vn -0.5254 0.1858 -0.8303
vn -0.7571 0.3441 -0.5553
vn -0.6616 0.2171 -0.7177
vn -0.5396 0.1409 -0.8301
vn -0.7702 0.3255 -0.5485
vn -0.6608 0.2258 -0.7158
vn -0.7694 0.3479 -0.5357
vn -0.3942 0.0800 -0.9156
vn 0.8737 0.3453 0.3426
vn 0.9288 0.2947 0.2245
vn 0.8827 0.3358 0.3286
vn 0.9247 0.3016 0.2325
vn 0.9645 0.2473 0.0930
vn 0.9335 0.3000 0.1965
vn 0.8886 0.3423 0.3053
vn 0.9648 0.2544 0.0668
vn 0.7798 0.4027 0.4792
vn 0.9632 0.2498 0.0989
vn 0.8168 0.3947 0.4208
vn 0.8117 0.3860 0.4383
vn 0.2109 0.9282 0.3064
vn 0.2626 0.7036 0.6603
vn -0.0860 0.8355 0.5427
vn 0.3763 0.8265 0.4187
vn 0.3087 0.7965 0.5198
vn 0.3795 0.7502 0.5414
vn 0.4458 0.6389 0.6269
vn 0.3899 0.7927 0.4686
vn -0.4990 0.8370 0.2247
vn -0.3073 0.6568 0.6886
vn -0.7532 0.5067 0.4195
vn 0.0334 0.9978 -0.0571
vn 0.3833 0.9108 0.1535
vn 0.3577 0.9144 -0.1896
vn 0.4204 0.8989 0.1234
vn 0.3732 0.8390 0.3959
vn 0.3610 0.8137 0.4557
vn 0.4906 0.5498 0.6760
vn 0.2226 0.6207 0.7517
vn 0.4418 0.8863 0.1389
vn 0.3614 0.7931 0.4903
vn 0.3532 0.8418 0.4083
vn 0.5412 0.8093 0.2284
vn 0.3286 0.6959 0.6386
vn 0.2846 0.8001 0.5281
vn 0.3197 0.8253 0.4654
vn 0.1636 0.7376 0.6551
vn 0.4331 0.8769 -0.2085
vn 0.6506 0.6426 0.4047
vn 0.6950 0.4558 0.5561
vn 0.2496 0.6306 0.7349
vn -0.0163 0.6825 0.7307
vn 0.6948 0.3306 0.6387
vn 0.1396 0.6111 0.7791
vn 0.1789 0.6137 0.7690
vn 0.6861 0.2664 0.6770
vn 0.1574 0.5974 0.7863
vn -0.2896 0.7062 0.6460
vn -0.2180 0.6874 0.6928
vn -0.2833 0.7190 0.6347
vn 0.9459 -0.0144 0.3242
vn 0.9217 -0.1005 0.3747
vn 0.6914 0.2153 0.6896
vn 0.9036 -0.1526 0.4004
vn 0.7011 0.1511 0.6969
vn 0.2040 0.5629 0.8009
vn -0.2414 0.7278 0.6418
vn -0.3146 0.1389 0.9390
vn 0.0704 0.5573 0.8273
vn 0.0532 0.5526 0.8317
vn -0.4808 0.2825 0.8301
vn 0.1094 0.5623 0.8197
vn 0.5112 0.6619 0.5483
vn 0.3359 0.7982 0.5000
vn 0.5860 0.5600 0.5857
vn -0.5313 -0.1945 0.8245
vn -0.0696 -0.0113 0.9975
vn -0.7667 0.0411 0.6407
vn -0.4941 0.3800 0.7820
vn -0.8122 0.1637 0.5600
vn -0.4554 0.4349 0.7768
vn 0.1711 0.5639 0.8079
vn 0.6246 0.5078 0.5934
vn 0.1417 0.8542 0.5002
vn 0.0525 0.5091 0.8591
vn 0.5696 -0.0226 0.8216
vn 0.2307 0.5249 0.8193
vn 0.6873 0.0707 0.7229
vn 0.2530 -0.0580 0.9657
vn 0.1921 0.4971 0.8462
vn -0.1984 0.7507 0.6302
vn 0.1057 0.5022 0.8583
vn -0.1372 0.8005 0.5834
vn -0.0061 0.8544 0.5196
vn -0.3829 0.4999 0.7769
vn 0.2343 0.5576 0.7963
vn -0.4107 0.4686 0.7821
vn -0.3686 0.5464 0.7521
vn 0.2597 0.5610 0.7860
vn 0.6546 0.4757 0.5876
vn 0.2410 0.5782 0.7795
vn 0.6540 0.4670 0.5951
vn -0.8092 0.2236 0.5433
vn -0.7965 0.2966 0.5269
vn -0.8010 0.2615 0.5386
vn -0.7923 0.3551 0.4961
vn 0.6015 0.4843 0.6354
vn 0.2419 0.6425 0.7271
vn 0.0537 0.5895 0.8060
vn 0.1795 0.5879 0.7888
vn 0.1339 0.6491 0.7488
vn -0.2609 0.5567 0.7887
vn -0.0947 0.5216 0.8479
vn 0.0818 0.5298 0.8442
vn -0.3987 0.4758 0.7840
vn 0.2393 0.6470 0.7240
vn 0.2987 0.7296 0.6152
vn -0.1638 0.7235 0.6706
vn 0.1671 0.7492 0.6409
vn -0.5006 0.5832 0.6398
vn -0.1604 0.6228 0.7657
vn -0.6463 0.4213 0.6362
vn -0.7242 0.3365 0.6019
vn -0.7681 0.2718 0.5798
vn -0.6071 0.3434 0.7165
vn -0.3546 0.3992 0.8455
vn -0.0970 0.4170 0.9037
vn 0.1321 0.5339 0.8352
vn 0.1912 0.5924 0.7826
vn 0.4845 0.5288 0.6969
vn 0.2871 0.5606 0.7767
vn 0.4990 0.4449 0.7436
vn 0.3070 0.6252 0.7175
vn 0.1975 0.5931 0.7805
vn 0.5536 0.3416 0.7595
vn 0.1738 0.5250 0.8332
vn 0.3132 0.4717 0.8243
vn 0.7541 0.2996 0.5844
vn 0.2330 0.6509 0.7225
vn 0.8257 -0.0116 0.5639
vn 0.8145 0.0816 0.5743
vn 0.7836 0.1951 0.5898
vn 0.9456 -0.2366 0.2234
vn 0.9242 -0.2876 0.2513
vn 0.9229 -0.2901 0.2532
vn 0.9713 -0.0989 0.2163
vn 0.9479 -0.2192 0.2310
vn 0.9183 -0.1805 0.3524
vn 0.9263 0.0473 0.3738
vn 0.9297 -0.0766 0.3603
vn 0.9741 -0.1408 0.1767
vn 0.3437 0.9075 -0.2412
vn 0.0392 0.9940 0.1024
vn 0.3676 0.9292 0.0393
vn -0.5992 0.7949 0.0954
vn -0.0329 0.9881 -0.1501
vn 0.1323 0.8937 0.4287
vn 0.3520 0.8519 0.3878
vn -0.5003 0.8235 0.2674
vn -0.8599 0.4256 0.2820
vn -0.8127 0.4663 0.3495
vn -0.3310 0.7937 0.5104
vn -0.6734 0.5412 0.5037
vn -0.9076 0.1875 0.3756
vn -0.8956 0.2644 0.3579
vn -0.9019 0.2536 0.3496
vn -0.9205 0.1354 0.3666
vn -0.9161 0.1812 0.3577
vn -0.8143 0.3441 0.4675
vn -0.8850 0.1877 0.4261
vn -0.8598 0.2566 0.4416
vn -0.9052 0.1200 0.4076
vn -0.9079 0.1510 0.3910
vn -0.9119 0.1108 0.3952
vn -0.8688 0.1630 0.4676
vn -0.5665 0.4947 0.6590
vn -0.8908 0.0738 0.4483
vn -0.7657 0.0574 0.6406
vn -0.8752 0.0945 0.4744
vn -0.8234 -0.0271 0.5668
vn -0.4983 -0.0546 0.8653
vn -0.6077 0.2270 0.7610
vn -0.7843 0.1998 0.5874
vn -0.3293 0.2087 0.9209
vn -0.5683 -0.2469 0.7849
vn -0.2033 -0.5753 -0.7923
vn -0.1408 -0.4957 -0.8570
vn -0.1354 -0.5795 -0.8036
vn -0.2726 -0.5675 -0.7769
vn -0.2102 -0.4921 -0.8448
vn -0.2150 -0.4073 -0.8876
vn -0.1449 -0.4105 -0.9003
vn -0.2872 -0.4016 -0.8696
vn -0.1285 -0.6611 -0.7392
vn -0.1943 -0.6562 -0.7292
vn -0.2610 -0.6472 -0.7162
vn -0.3301 -0.6337 -0.6996
vn -0.3446 -0.5556 -0.7567
vn -0.2813 -0.4854 -0.8278
vn -0.3621 -0.3928 -0.8453
vn -0.3657 -0.3065 -0.8788
vn -0.2905 -0.3150 -0.9035
vn -0.2181 -0.3205 -0.9218
vn -0.1479 -0.3236 -0.9346
vn -0.1499 -0.2354 -0.9603
vn -0.2200 -0.1428 -0.9650
vn -0.1509 -0.1456 -0.9778
vn -0.2198 -0.2323 -0.9475
vn -0.2909 -0.1383 -0.9467
vn -0.2188 -0.0515 -0.9744
vn -0.1509 -0.0534 -0.9871
vn -0.2878 -0.0485 -0.9565
vn -0.2918 -0.2269 -0.9292
vn -0.3665 -0.2188 -0.9043
vn -0.3644 -0.1317 -0.9219
vn -0.3591 -0.0443 -0.9322
vn -0.3508 0.0442 -0.9354
vn -0.2824 0.0432 -0.9583
vn -0.2159 0.0422 -0.9755
vn -0.1499 0.0413 -0.9878
vn -0.1478 0.1374 -0.9794
vn -0.2061 0.2314 -0.9508
vn -0.1446 0.2337 -0.9615
vn -0.2116 0.1369 -0.9677
vn -0.2665 0.2274 -0.9366
vn -0.1996 0.3263 -0.9240
vn -0.1402 0.3304 -0.9334
vn -0.2576 0.3199 -0.9118
vn -0.2751 0.1355 -0.9518
vn -0.3398 0.1330 -0.9310
vn -0.3275 0.2216 -0.9185
vn -0.3158 0.3117 -0.8961
vn -0.3070 0.3980 -0.8645
vn -0.2495 0.4103 -0.8772
vn -0.1927 0.4203 -0.8867
vn -0.1349 0.4267 -0.8942
vn -0.4069 0.1302 -0.9041
vn -0.4563 0.2076 -0.8653
vn -0.3903 0.2145 -0.8953
vn -0.4774 0.1289 -0.8692
vn -0.5270 0.2060 -0.8245
vn -0.4368 0.2918 -0.8509
vn -0.3752 0.3021 -0.8763
vn -0.5011 0.2827 -0.8179
vn -0.4218 0.0462 -0.9055
vn -0.4960 0.0510 -0.8668
vn -0.5517 0.1335 -0.8233
vn -0.5731 0.0618 -0.8172
vn -0.6240 0.1478 -0.7674
vn -0.5943 0.2164 -0.7746
vn -0.5627 0.2849 -0.7760
vn -0.5333 0.3410 -0.7742
vn -0.4843 0.3564 -0.7990
vn -0.4259 0.3710 -0.8253
vn -0.3656 0.3849 -0.8475
vn -0.4441 -0.2072 -0.8717
vn -0.5196 -0.1080 -0.8476
vn -0.4407 -0.1220 -0.8893
vn -0.5244 -0.1912 -0.8297
vn -0.6006 -0.0880 -0.7947
vn -0.5102 -0.0279 -0.8596
vn -0.4332 -0.0380 -0.9005
vn -0.5895 -0.0117 -0.8077
vn -0.4439 -0.2944 -0.8463
vn -0.5247 -0.2780 -0.8046
vn -0.6067 -0.1694 -0.7767
vn -0.6077 -0.2563 -0.7517
vn -0.6890 -0.1408 -0.7110
vn -0.6813 -0.0607 -0.7295
vn -0.6680 0.0124 -0.7440
vn -0.6489 0.0809 -0.7566
vn -0.4988 -0.5201 -0.6933
vn -0.4321 -0.4612 -0.7750
vn -0.4199 -0.5396 -0.7297
vn -0.5807 -0.4978 -0.6442
vn -0.5120 -0.4436 -0.7356
vn -0.5205 -0.3639 -0.7724
vn -0.4399 -0.3804 -0.8135
vn -0.6033 -0.3429 -0.7200
vn -0.4031 -0.6155 -0.6773
vn -0.4806 -0.5936 -0.6455
vn -0.5616 -0.5701 -0.5996
vn -0.6425 -0.5475 -0.5361
vn -0.6765 -0.3986 -0.6193
vn -0.5944 -0.4228 -0.6840
vn -0.6865 -0.3168 -0.6545
vn -0.6908 -0.2286 -0.6859
vn -0.3552 -0.4752 -0.8050
vn -0.4003 -0.8059 -0.4362
vn -0.3562 -0.7628 -0.5397
vn -0.3331 -0.8283 -0.4506
vn -0.4713 -0.7777 -0.4159
vn -0.4290 -0.7376 -0.5215
vn -0.3817 -0.6899 -0.6151
vn -0.5070 -0.7105 -0.4880
vn -0.4570 -0.6661 -0.5895
vn -0.2585 -0.8977 -0.3568
vn -0.2740 -0.8447 -0.4598
vn -0.3168 -0.8820 -0.3489
vn -0.3801 -0.8606 -0.3388
vn -0.5067 -0.8041 -0.3110
vn -0.4430 -0.8349 -0.3266
vn -0.5481 -0.7496 -0.3711
vn -0.5850 -0.6878 -0.4297
vn -0.5372 -0.6407 -0.5486
vn -0.6172 -0.6183 -0.4866
vn -0.3121 -0.7094 -0.6319
vn -0.2924 -0.7819 -0.5505
vn -0.1014 -0.8715 -0.4799
vn -0.1716 -0.8043 -0.5689
vn -0.1111 -0.8095 -0.5766
vn -0.1596 -0.8662 -0.4736
vn -0.2313 -0.7953 -0.5603
vn -0.1202 -0.7386 -0.6634
vn -0.1834 -0.7332 -0.6548
vn -0.0912 -0.9225 -0.3750
vn -0.1478 -0.9174 -0.3694
vn -0.2164 -0.8574 -0.4670
vn -0.2029 -0.9092 -0.3634
vn -0.2467 -0.7237 -0.6445
vn -0.9263 -0.3557 -0.1245
vn -0.9723 -0.2245 -0.0648
vn -0.9520 -0.2570 -0.1661
vn -0.9451 -0.3256 -0.0261
vn -0.9816 -0.1871 0.0370
vn -0.9865 -0.1282 -0.1021
vn -0.9652 -0.1608 -0.2060
vn -0.9960 -0.0889 0.0042
vn -0.8596 -0.4795 -0.1764
vn -0.8969 -0.3821 -0.2228
vn -0.8857 -0.4573 -0.0801
vn -0.9020 -0.4315 0.0147
vn -0.9540 -0.2909 0.0723
vn -0.9098 -0.4003 0.1099
vn -0.9527 -0.2513 0.1706
vn -0.9800 -0.1431 0.1382
vn -0.9932 -0.0427 0.1084
vn -0.9951 0.0572 0.0801
vn -0.9996 0.0054 -0.0271
vn -0.9897 -0.0351 -0.1390
vn -0.9672 -0.0662 -0.2450
vn -0.9327 -0.1911 -0.3060
vn -0.9342 -0.0949 -0.3439
vn -0.9204 -0.2866 -0.2658
vn -0.9599 0.0163 -0.2799
vn -0.9761 0.0911 -0.1974
vn -0.9491 0.0651 -0.3081
vn -0.9840 0.0450 -0.1722
vn -0.9888 0.1309 -0.0723
vn -0.9712 0.0991 -0.2169
vn -0.9366 0.0773 -0.3418
vn -0.9869 0.1413 -0.0785
vn -0.9263 -0.0091 -0.3767
vn -0.9950 0.0840 -0.0545
vn -0.9883 0.1393 0.0623
vn -0.9806 0.1872 0.0584
vn -0.9775 0.1992 0.0692
vn -0.9879 0.1334 -0.0796
vn -0.9688 0.0867 -0.2322
vn -0.9262 0.0491 -0.3739
vn -0.8498 0.0395 -0.5256
vn -0.8912 0.0697 -0.4483
vn -0.9116 0.0478 -0.4084
vn -0.9410 -0.2079 0.2669
vn -0.9439 -0.0424 0.3276
vn -0.9673 -0.0937 0.2356
vn -0.9191 -0.1622 0.3592
vn -0.9096 0.0073 0.4154
vn -0.9513 0.0712 0.3001
vn -0.9777 0.0129 0.2097
vn -0.9151 0.1253 0.3833
vn -0.9084 -0.3640 0.2058
vn -0.8973 -0.3237 0.3001
vn -0.8771 -0.2805 0.3898
vn -0.8867 -0.1151 0.4477
vn -0.8483 -0.2339 0.4751
vn -0.8435 -0.0674 0.5330
vn -0.8641 0.0528 0.5006
vn -0.8696 0.1708 0.4632
vn -0.9056 0.2411 0.3489
vn -0.9440 0.1869 0.2720
vn -0.9751 0.1230 0.1847
vn -0.9275 0.2722 0.2561
vn -0.9512 0.2529 0.1767
vn -0.9631 0.2081 0.1706
vn -0.8876 0.3257 0.3256
vn -0.9107 0.3156 0.2664
vn -0.9425 0.2643 0.2045
vn -0.8680 0.3701 0.3310
vn -0.8940 0.3261 0.3073
vn -0.8616 0.2819 0.4221
vn -0.8457 0.3654 0.3889
vn -0.8225 0.4201 0.3834
vn -0.8445 0.3812 0.3763
vn -0.7801 0.4552 0.4291
vn -0.8024 0.3835 0.4572
vn -0.8778 0.3177 0.3586
vn -0.9360 0.2585 0.2391
vn -0.9772 0.1941 0.0859
vn -0.6298 -0.7511 -0.1979
vn -0.6493 -0.6765 -0.3474
vn -0.5994 -0.7475 -0.2862
vn -0.6503 -0.7515 -0.1113
vn -0.6944 -0.6729 -0.2550
vn -0.6876 -0.6025 -0.4052
vn -0.7240 -0.6702 -0.1631
vn -0.7421 -0.5925 -0.3133
vn -0.5483 -0.8220 -0.1539
vn -0.5298 -0.8154 -0.2335
vn -0.5629 -0.8234 -0.0716
vn -0.5730 -0.8195 0.0057
vn -0.6639 -0.7473 -0.0294
vn -0.7439 -0.6641 -0.0749
vn -0.7816 -0.5842 -0.2187
vn -0.8087 -0.5746 -0.1260
vn -0.8240 -0.4974 -0.2712
vn -0.7765 -0.5127 -0.3662
vn -0.7156 -0.5285 -0.4567
vn -0.7375 -0.4514 -0.5023
vn -0.8212 -0.3436 -0.4555
vn -0.7539 -0.3716 -0.5418
vn -0.8030 -0.4284 -0.4143
vn -0.8769 -0.3152 -0.3628
vn -0.8323 -0.2545 -0.4924
vn -0.7644 -0.2866 -0.5775
vn -0.8885 -0.2222 -0.4015
vn -0.6620 -0.4745 -0.5802
vn -0.8560 -0.4058 -0.3202
vn -0.8907 -0.1264 -0.4367
vn -0.8355 -0.1609 -0.5254
vn -0.7684 -0.1959 -0.6092
vn -0.7652 -0.1068 -0.6349
vn -0.8181 0.0057 -0.5750
vn -0.7549 -0.0284 -0.6552
vn -0.8304 -0.0713 -0.5527
vn -0.8690 0.0327 -0.4938
vn -0.7967 0.0630 -0.6011
vn -0.7370 0.0392 -0.6748
vn -0.8838 -0.0379 -0.4664
vn -0.8446 0.0703 -0.5307
vn -0.7990 0.0795 -0.5961
vn -0.7606 0.1061 -0.6405
vn -0.7101 0.0995 -0.6970
vn -0.6740 0.1571 -0.7218
vn -0.6395 0.1791 -0.7476
vn -0.6293 0.2157 -0.7466
vn -0.7251 0.0884 -0.6829
vn -0.7079 0.1433 -0.6916
vn -0.5643 0.2108 -0.7982
vn -0.5795 0.2721 -0.7682
vn -0.6249 0.0980 -0.7746
vn -0.7315 0.0222 -0.6815
vn -0.6067 0.0235 -0.7946
vn -0.5277 0.1120 -0.8420
vn -0.4914 0.0298 -0.8704
vn -0.4490 0.1285 -0.8842
vn -0.4987 0.2354 -0.8342
vn -0.5300 0.3184 -0.7860
vn -0.1615 -0.2591 0.9523
vn -0.6307 -0.4446 0.6360
vn -0.2100 -0.5028 0.8385
vn -0.0763 0.1000 0.9921
vn -0.5781 -0.2937 0.7613
vn -0.7893 -0.3736 0.4873
vn -0.4540 -0.0092 0.8909
vn -0.7711 -0.3149 0.5533
vn 0.2929 -0.4327 0.8526
vn -0.1949 -0.4638 0.8642
vn 0.2899 -0.4011 0.8690
vn 0.2857 -0.1623 0.9445
vn 0.2224 0.1851 0.9572
vn 0.1079 0.4210 0.9006
vn -0.0226 0.3867 0.9219
vn -0.2805 0.2823 0.9174
vn -0.6953 -0.1188 0.7088
vn -0.5497 0.1297 0.8252
vn -0.8025 -0.2064 0.5599
vn -0.8384 -0.3172 0.4432
vn -0.8413 -0.3285 0.4293
vn -0.8033 -0.2028 0.5601
vn -0.7587 -0.2721 0.5919
vn -0.6078 -0.3793 0.6976
vn -0.9084 0.4123 0.0692
vn -0.6236 0.7693 0.1393
vn -0.7037 0.7046 -0.0913
vn -0.8375 0.4931 0.2356
vn -0.4494 0.7717 0.4500
vn -0.4578 0.8830 0.1039
vn -0.5247 0.8356 -0.1628
vn -0.3191 0.8407 0.4375
vn -0.9115 0.1728 0.3732
vn -0.8594 0.4774 0.1831
vn -0.9682 0.0711 0.2400
vn -0.9322 0.1444 0.3320
vn -0.6625 0.5686 0.4877
vn -0.8150 0.2792 0.5078
vn -0.4590 0.5875 0.6664
vn -0.2765 0.6999 0.6586
vn -0.1882 0.7348 0.6517
vn -0.1916 0.7311 0.6548
vn -0.3044 0.8442 0.4413
vn -0.4170 0.9031 0.1028
vn -0.4664 0.8669 -0.1759
vn -0.5156 0.8491 -0.1145
vn -0.4617 0.8769 -0.1336
vn -0.6764 0.7364 -0.0164
vn -0.5200 0.7006 0.4886
vn -0.4992 0.7605 0.4152
vn -0.4542 0.7751 0.4393
vn -0.5651 0.6895 0.4530
vn -0.5030 0.7445 0.4390
vn -0.4412 0.8121 0.3819
vn -0.4091 0.8192 0.4019
vn -0.4500 0.7984 0.4001
vn -0.6344 0.5233 0.5690
vn -0.4536 0.6974 0.5549
vn -0.6498 0.5825 0.4884
vn -0.6377 0.6070 0.4743
vn -0.5543 0.6800 0.4800
vn -0.5993 0.6137 0.5139
vn -0.4969 0.6822 0.5364
vn -0.4597 0.7396 0.4916
vn -0.4208 0.7896 0.4467
vn -0.3852 0.8271 0.4093
vn -0.3902 0.8407 0.3755
vn -0.3808 0.8497 0.3647
vn -0.3559 0.8507 0.3869
vn -0.3571 0.8090 0.4669
vn -0.3150 0.8346 0.4520
vn -0.3758 0.7678 0.5189
vn -0.7990 0.3926 0.4555
vn -0.7244 0.4772 0.4976
vn -0.7787 0.4561 0.4309
vn -0.7401 0.4111 0.5322
vn -0.6544 0.4914 0.5747
vn -0.6927 0.5376 0.4808
vn -0.7394 0.5124 0.4368
vn -0.6332 0.5519 0.5426
vn -0.8112 0.3088 0.4965
vn -0.7469 0.3279 0.5785
vn -0.6651 0.4239 0.6148
vn -0.6682 0.3429 0.6603
vn -0.5748 0.4362 0.6923
vn -0.5668 0.5039 0.6518
vn -0.5516 0.5645 0.6140
vn -0.5283 0.6231 0.5768
vn -0.7884 -0.0203 0.6149
vn -0.7366 0.1274 0.6642
vn -0.8065 0.0927 0.5839
vn -0.7211 0.0241 0.6924
vn -0.6552 0.1574 0.7389
vn -0.7457 0.2302 0.6252
vn -0.8143 0.2047 0.5432
vn -0.6644 0.2514 0.7038
vn -0.8101 -0.1837 0.5568
vn -0.7613 -0.1307 0.6352
vn -0.7000 -0.0779 0.7099
vn -0.6421 0.0635 0.7640
vn -0.6254 -0.0300 0.7797
vn -0.5534 0.0956 0.8274
vn -0.5645 0.1829 0.8049
vn -0.5726 0.2704 0.7740
vn -0.5765 0.3571 0.7349
vn -0.6046 -0.4548 0.6540
vn -0.6311 -0.2877 0.7204
vn -0.6731 -0.3496 0.6518
vn -0.5728 -0.3940 0.7188
vn -0.5728 -0.2268 0.7877
vn -0.6716 -0.1809 0.7185
vn -0.7242 -0.2398 0.6465
vn -0.6036 -0.1257 0.7873
vn -0.5394 -0.5963 0.5945
vn -0.6280 -0.5087 0.5889
vn -0.5200 -0.5458 0.6570
vn -0.4950 -0.4871 0.7195
vn -0.5287 -0.3300 0.7820
vn -0.4660 -0.4228 0.7772
vn -0.4667 -0.2759 0.8403
vn -0.4958 -0.1799 0.8496
vn -0.5206 -0.0833 0.8498
vn -0.5392 0.0077 0.8421
vn -0.7645 -0.2965 0.5725
vn -0.7040 -0.4064 0.5824
vn -0.6725 -0.6371 0.3767
vn -0.7467 -0.5018 0.4366
vn -0.7607 -0.5426 0.3564
vn -0.6612 -0.5985 0.4524
vn -0.7280 -0.4568 0.5112
vn -0.8193 -0.3946 0.4159
vn -0.8365 -0.4370 0.3306
vn -0.7955 -0.3481 0.4960
vn -0.5825 -0.7502 0.3129
vn -0.6796 -0.6720 0.2942
vn -0.5763 -0.7173 0.3917
vn -0.5669 -0.6808 0.4639
vn -0.6465 -0.5561 0.5223
vn -0.5548 -0.6408 0.5307
vn -0.8463 -0.4756 0.2398
vn -0.7690 -0.5795 0.2697
vn -0.6792 -0.7226 0.1285
vn -0.7576 -0.6527 0.0103
vn -0.6732 -0.7378 0.0497
vn -0.6817 -0.7010 0.2097
vn -0.7664 -0.6354 0.0945
vn -0.8283 -0.5593 -0.0336
vn -0.8478 -0.5094 0.1472
vn -0.8414 -0.5375 0.0560
vn -0.5799 -0.8107 0.0804
vn -0.5839 -0.7969 0.1551
vn -0.5849 -0.7771 0.2324
vn -0.7706 -0.6110 0.1811
vn -0.1297 0.1429 0.9812
vn -0.0601 0.2416 0.9685
vn -0.1340 0.2386 0.9618
vn -0.0572 0.1440 0.9879
vn 0.0112 0.2435 0.9698
vn -0.0625 0.3321 0.9412
vn -0.1369 0.3280 0.9347
vn 0.0090 0.3345 0.9423
vn -0.1971 0.0418 0.9795
vn -0.2056 0.1414 0.9684
vn -0.1240 0.0396 0.9915
vn -0.0539 0.0383 0.9978
vn 0.0132 0.1449 0.9894
vn 0.0149 0.0379 0.9992
vn 0.0065 0.4190 0.9080
vn -0.0647 0.4165 0.9068
vn -0.1388 0.4122 0.9005
vn -0.2151 0.3219 0.9220
vn -0.2169 0.4057 0.8879
vn -0.2115 0.2341 0.9489
vn -0.0668 0.4952 0.8662
vn -0.1408 0.5638 0.8138
vn -0.1402 0.4908 0.8599
vn 0.0037 0.4977 0.8674
vn -0.0688 0.5687 0.8196
vn -0.1405 0.6321 0.7620
vn 0.0005 0.5714 0.8206
vn -0.0707 0.6380 0.7668
vn -0.2173 0.4841 0.8476
vn -0.0029 0.6411 0.7674
vn -0.0068 0.7070 0.7072
vn -0.0726 0.7033 0.7072
vn -0.1396 0.6966 0.7037
vn -0.2089 0.6864 0.6966
vn -0.2134 0.6232 0.7524
vn -0.2162 0.5562 0.8025
vn -0.3814 -0.2664 0.8852
vn -0.3222 -0.1612 0.9328
vn -0.4075 -0.1599 0.8991
vn -0.3034 -0.2786 0.9112
vn -0.2454 -0.1708 0.9542
vn -0.3419 -0.0548 0.9381
vn -0.4300 -0.0603 0.9008
vn -0.2608 -0.0589 0.9636
vn -0.4363 -0.3613 0.8241
vn -0.3642 -0.3807 0.8499
vn -0.2286 -0.4099 0.8830
vn -0.2953 -0.3966 0.8692
vn -0.1664 -0.4206 0.8919
vn -0.2331 -0.2917 0.9277
vn -0.1761 -0.1810 0.9676
vn -0.1866 -0.0657 0.9802
vn -0.2750 0.0437 0.9604
vn -0.3587 0.0418 0.9325
vn -0.4478 0.0313 0.8936
vn -0.4611 0.1183 0.8794
vn -0.3798 0.2177 0.8991
vn -0.4707 0.2031 0.8586
vn -0.3712 0.1317 0.9192
vn -0.2933 0.2276 0.9285
vn -0.3850 0.3020 0.8721
vn -0.4772 0.2876 0.8304
vn -0.2977 0.3134 0.9018
vn -0.2859 0.1384 0.9482
vn -0.2995 0.3968 0.8677
vn -0.3873 0.3856 0.8374
vn -0.4797 0.3721 0.7946
vn -0.3862 0.4628 0.7979
vn -0.4718 0.5180 0.7135
vn -0.4780 0.4498 0.7545
vn -0.2991 0.4747 0.8278
vn -0.3810 0.5324 0.7559
vn -0.4601 0.5796 0.6726
vn -0.2959 0.5456 0.7841
vn -0.3714 0.5958 0.7121
vn -0.2898 0.6109 0.7368
vn -0.2809 0.6726 0.6847
vn -0.3575 0.6558 0.6649
vn -0.4423 0.6380 0.6303
vn -0.3397 0.7135 0.6129
vn -0.3899 0.7502 0.5340
vn -0.4186 0.6953 0.5842
vn -0.2697 0.7309 0.6269
vn -0.3193 0.7680 0.5552
vn -0.3586 0.8004 0.4803
vn -0.2573 0.7848 0.5637
vn -0.2996 0.8172 0.4923
vn -0.2032 0.7455 0.6347
vn -0.1970 0.7991 0.5679
vn -0.2453 0.8327 0.4964
vn -0.1904 0.8462 0.4977
vn -0.2349 0.8719 0.4298
vn -0.2852 0.8577 0.4277
vn -0.3358 0.8428 0.4207
vn -0.0745 0.7637 0.6412
vn -0.1364 0.8101 0.5703
vn -0.1382 0.7564 0.6393
vn -0.0110 0.7678 0.6406
vn -0.0762 0.8177 0.5706
vn -0.1338 0.8569 0.4978
vn -0.0152 0.8222 0.5690
vn -0.0769 0.8648 0.4963
vn -0.0188 0.8698 0.4931
vn -0.0209 0.9103 0.4133
vn -0.0751 0.9046 0.4197
vn -0.1289 0.8958 0.4254
vn -0.1829 0.8846 0.4289
vn -0.1073 -0.3102 0.9446
vn -0.0475 -0.1938 0.9799
vn -0.1111 -0.1887 0.9757
vn 0.0147 -0.3181 0.9479
vn -0.0467 -0.3153 0.9479
vn -0.0504 -0.0749 0.9959
vn -0.1173 -0.0714 0.9905
vn 0.0160 -0.0766 0.9969
vn -0.1071 -0.4286 0.8971
vn -0.1685 -0.3024 0.9382
vn -0.0484 -0.4344 0.8994
vn 0.0119 -0.4380 0.8989
vn 0.0161 -0.1964 0.9804
vn -0.0455 -0.9821 0.1829
vn -0.1127 -0.9878 0.1075
vn -0.0516 -0.9932 0.1039
vn -0.0395 -0.9653 0.2581
vn -0.1074 -0.9766 0.1861
vn -0.1761 -0.9782 0.1105
vn -0.1021 -0.9598 0.2613
vn -0.1723 -0.9669 0.1883
vn -0.0581 -0.9981 0.0198
vn -0.0337 -0.9430 0.3311
vn -0.0966 -0.9374 0.3347
vn -0.1679 -0.9500 0.2633
vn -0.1629 -0.9273 0.3370
vn -0.2384 -0.9347 0.2638
vn -0.2417 -0.9517 0.1892
vn -0.2436 -0.9633 0.1128
vn -0.2441 -0.9692 0.0323
vn -0.1792 -0.9834 0.0280
vn -0.1179 -0.9927 0.0239
vn -0.0280 -0.9148 0.4029
vn -0.0855 -0.8741 0.4781
vn -0.0912 -0.9090 0.4067
vn -0.0223 -0.8800 0.4745
vn -0.0793 -0.8315 0.5499
vn -0.1516 -0.8638 0.4804
vn -0.1576 -0.8987 0.4093
vn -0.1447 -0.8217 0.5512
vn -0.0165 -0.8371 0.5467
vn -0.0103 -0.7844 0.6202
vn -0.0725 -0.7791 0.6227
vn -0.1364 -0.7704 0.6228
vn -0.2040 -0.7575 0.6201
vn -0.2141 -0.8069 0.5504
vn -0.2222 -0.8481 0.4811
vn -0.2287 -0.8827 0.4106
vn -0.2340 -0.9116 0.3379
vn -0.0728 -0.9834 -0.1664
vn -0.1378 -0.9548 -0.2633
vn -0.0815 -0.9598 -0.2685
vn -0.0651 -0.9954 -0.0703
vn -0.1298 -0.9783 -0.1614
vn -0.1929 -0.9469 -0.2574
vn -0.1234 -0.9902 -0.0657
vn -0.1863 -0.9701 -0.1556
vn -0.1822 -0.9814 -0.0605
vn -0.2438 -0.9683 -0.0543
vn -0.2446 -0.9582 -0.1486
vn -0.2488 -0.9356 -0.2503
vn -0.3075 -0.9411 -0.1403
vn -0.3740 -0.8978 -0.2325
vn -0.3081 -0.9201 -0.2418
vn -0.3109 -0.9492 -0.0480
vn -0.3786 -0.9159 -0.1332
vn -0.4468 -0.8659 -0.2247
vn -0.3864 -0.9213 -0.0446
vn -0.4600 -0.8778 -0.1339
vn -0.3148 -0.9485 0.0357
vn -0.3932 -0.9188 0.0354
vn -0.4714 -0.8805 -0.0501
vn -0.4800 -0.8768 0.0268
vn -0.3168 -0.9297 0.1881
vn -0.3973 -0.9110 0.1103
vn -0.3169 -0.9417 0.1135
vn -0.3147 -0.9123 0.2621
vn -0.3987 -0.8985 0.1835
vn -0.4855 -0.8684 0.1003
vn -0.3977 -0.8807 0.2574
vn -0.4882 -0.8554 0.1732
vn -0.3108 -0.8888 0.3369
vn -0.4852 -0.8115 0.3256
vn -0.4881 -0.8368 0.2481
vn -0.3055 -0.8594 0.4100
vn -0.3814 -0.7919 0.4768
vn -0.3889 -0.8264 0.4073
vn -0.2985 -0.8250 0.4799
vn -0.3714 -0.7531 0.5430
vn -0.4714 -0.7451 0.4717
vn -0.4796 -0.7802 0.4016
vn -0.4606 -0.7065 0.5373
vn -0.2894 -0.7852 0.5475
vn -0.2774 -0.7383 0.6148
vn -0.3582 -0.7086 0.6079
vn -0.4466 -0.6631 0.6007
vn -0.3944 -0.8564 0.3331
vn -0.2626 -0.6813 0.6833
vn -0.3219 -0.5894 0.7410
vn -0.3413 -0.6557 0.6735
vn -0.2469 -0.6098 0.7531
vn -0.3040 -0.5037 0.8087
vn -0.4064 -0.5522 0.7280
vn -0.4286 -0.6129 0.6638
vn -0.3808 -0.4785 0.7912
vn -0.1920 -0.6970 0.6909
vn -0.1801 -0.6222 0.7619
vn -0.2339 -0.5196 0.8218
vn -0.1706 -0.5301 0.8306
vn -0.0040 -0.7197 0.6942
vn -0.0582 -0.6373 0.7685
vn -0.0652 -0.7150 0.6961
vn 0.0021 -0.6415 0.7671
vn -0.0523 -0.5438 0.8376
vn -0.1181 -0.6309 0.7668
vn -0.1271 -0.7076 0.6951
vn -0.1109 -0.5380 0.8356
vn 0.0076 -0.5477 0.8366
vn 0.3679 0.5267 -0.7663
vn 0.0975 0.6760 -0.7304
vn 0.2379 0.5310 -0.8133
vn 0.5278 0.5686 -0.6310
vn 0.2195 0.7021 -0.6774
vn -0.0101 0.7519 -0.6592
vn 0.3471 0.7387 -0.5778
vn 0.0514 0.7974 -0.6012
vn 0.3328 0.3231 -0.8859
vn 0.0403 0.5022 -0.8638
vn 0.0896 0.2818 -0.9553
vn 0.6162 0.4243 -0.6635
vn 0.4777 0.3401 -0.8100
vn 0.7273 0.5325 -0.4330
vn 0.6323 0.6445 -0.4298
vn 0.4450 0.7910 -0.4198
vn 0.1244 0.8466 -0.5175
vn 0.1879 0.8977 -0.3985
vn -0.0560 0.7081 -0.7039
vn -0.0063 0.6517 -0.7585
vn 0.5854 0.8104 0.0234
vn 0.4604 0.8546 -0.2403
vn 0.6545 0.7321 -0.1890
vn 0.4260 0.8886 0.1698
vn 0.3833 0.9203 -0.0779
vn 0.1758 0.9743 -0.1407
vn 0.2076 0.9406 -0.2688
vn 0.1173 0.9927 -0.0281
vn 0.7524 0.6406 -0.1533
vn 0.6931 0.7144 0.0956
vn 0.5770 0.7559 0.3094
vn 0.2655 0.8081 0.5258
vn 0.1572 0.9775 0.1405
vn 0.2758 0.9608 0.0283
vn 0.0620 0.9957 0.0695
vn -0.0211 0.9650 -0.2616
vn -0.4433 0.2653 -0.8562
vn -0.4177 0.3834 -0.8237
vn -0.4775 0.3524 -0.8049
vn -0.3810 0.1543 -0.9116
vn -0.3818 0.3107 -0.8705
vn -0.3558 0.4152 -0.8373
vn -0.3051 0.1992 -0.9313
vn -0.3178 0.3686 -0.8736
vn -0.3989 0.0407 -0.9161
vn -0.3146 0.0595 -0.9473
vn -0.2135 0.0942 -0.9724
vn -0.2271 0.2669 -0.9366
vn -0.0855 0.1608 -0.9833
vn -0.1261 0.3983 -0.9086
vn -0.2557 0.4370 -0.8624
vn -0.2956 0.4471 -0.8442
vn -0.1979 0.5098 -0.8372
vn -0.1820 0.5030 -0.8449
vn -0.2372 0.4781 -0.8457
vn -0.1284 0.5489 -0.8260
vn -0.1539 0.5662 -0.8098
vn -0.1278 0.5169 -0.8465
vn -0.0941 0.6154 -0.7826
vn -0.1142 0.5941 -0.7962
vn -0.0902 0.6577 -0.7479
vn 0.0047 0.9574 0.2886
vn -0.0309 0.9586 0.2831
vn 0.0433 0.9748 0.2189
vn -0.0707 0.9391 0.3364
vn -0.0647 0.9356 0.3470
vn -0.0070 0.9690 0.2469
vn 0.0198 0.9869 0.1600
vn -0.0187 0.9435 0.3308
vn -0.0468 0.9097 0.4126
vn 0.2096 0.9389 0.2729
vn -0.1415 0.9170 0.3729
vn -0.1146 0.9232 0.3669
vn -0.1701 0.9093 0.3799
vn -0.3013 0.8737 0.3820
vn -0.2681 0.8921 0.3638
vn -0.2539 0.8839 0.3927
vn -0.3213 0.8761 0.3595
vn -0.2764 0.8832 0.3788
vn -0.2119 0.9028 0.3741
vn -0.1864 0.8868 0.4230
vn -0.2248 0.8963 0.3821
vn -0.2660 0.8527 0.4497
vn -0.3306 0.8661 0.3748
vn -0.1197 0.8290 0.5462
vn -0.2207 0.8500 0.4784
vn -0.2329 -0.0157 -0.9724
vn -0.1490 0.0272 -0.9885
vn -0.2656 0.0034 -0.9641
vn -0.2028 -0.0079 -0.9792
vn -0.1117 0.0039 -0.9937
vn 0.0018 0.0706 -0.9975
vn -0.0819 0.0126 -0.9966
vn 0.0446 0.0378 -0.9983
vn -0.3591 -0.0099 -0.9333
vn -0.3263 -0.0272 -0.9449
vn -0.2906 -0.0206 -0.9566
vn -0.2537 0.0239 -0.9670
vn -0.1617 0.0453 -0.9858
vn 0.1145 0.0872 -0.9896
vn 0.0673 0.0401 -0.9969
vn 0.2382 0.0997 -0.9661
vn 0.2367 0.0798 -0.9683
vn 0.2256 0.0869 -0.9703
vn 0.2010 0.1344 -0.9703
vn 0.7915 0.5959 -0.1360
vn 0.7450 0.6576 0.1119
vn 0.7362 0.6668 0.1155
vn 0.7980 0.5887 -0.1288
vn 0.7317 0.6731 0.1079
vn 0.6677 0.6906 0.2778
vn 0.6491 0.7014 0.2944
vn 0.6575 0.7040 0.2686
vn 0.7663 0.4763 -0.4312
vn 0.7763 0.4667 -0.4237
vn 0.7844 0.6087 -0.1192
vn 0.7269 0.5643 -0.3914
vn 0.7695 0.4909 -0.4086
vn 0.7329 0.6692 -0.1226
vn 0.6886 0.7200 0.0860
vn 0.5310 0.7489 0.3964
vn 0.5631 0.7210 0.4038
vn 0.5711 0.7070 0.4171
vn 0.5227 0.7087 0.4738
vn -0.8791 0.1716 -0.4447
vn -0.6116 0.1017 -0.7846
vn -0.7821 0.0761 -0.6185
vn -0.9377 0.2675 -0.2216
vn -0.7305 0.2593 -0.6318
vn -0.3903 0.1269 -0.9119
vn -0.8151 0.4434 -0.3728
vn -0.4728 0.3596 -0.8045
vn -0.8738 0.0647 -0.4820
vn -0.6987 0.0155 -0.7153
vn -0.8019 0.0182 -0.5971
vn -0.9400 0.1205 -0.3193
vn -0.9737 0.1790 -0.1412
vn -0.9719 0.2335 0.0284
vn -0.9448 0.3253 -0.0401
vn -0.8352 0.5279 -0.1544
vn -0.5304 0.6529 -0.5408
vn -0.5417 0.7865 -0.2966
vn -0.2228 0.7465 -0.6270
vn -0.2302 0.4033 -0.8856
vn -0.2304 0.1423 -0.9626
vn -0.3645 0.0137 -0.9311
vn -0.5323 0.0107 -0.8465
vn -0.8930 0.4026 0.2012
vn -0.8280 0.5582 -0.0539
vn -0.9266 0.3661 0.0862
vn -0.8365 0.4407 0.3256
vn -0.8129 0.5809 0.0421
vn -0.5425 0.8115 -0.2172
vn -0.5107 0.8598 0.0042
vn -0.5381 0.8306 -0.1435
vn -0.9430 0.2833 0.1745
vn -0.8974 0.3265 0.2967
vn -0.8345 0.3702 0.4081
vn -0.7330 0.4264 0.5299
vn -0.6590 0.6514 0.3761
vn -0.7698 0.6121 0.1808
vn -0.4318 0.8695 0.2399
vn -0.1473 0.9748 0.1676
vn -0.1872 0.9782 -0.0895
vn -0.1982 0.9511 -0.2371
vn -0.1988 0.9313 -0.3053
vn -0.2023 0.9043 -0.3759
vn 0.0968 0.9451 -0.3120
vn 0.4089 0.9041 -0.1244
vn 0.4067 0.8787 -0.2498
vn 0.1041 0.9675 -0.2305
vn 0.3987 0.9164 0.0357
vn 0.5993 0.8004 0.0087
vn 0.6218 0.7653 -0.1665
vn 0.5573 0.8124 0.1718
vn 0.0884 0.9117 -0.4013
vn 0.1111 0.9906 -0.0796
vn 0.1088 0.9801 0.1663
vn 0.3563 0.9004 0.2498
vn 0.4800 0.8050 0.3488
vn 0.6236 0.7417 0.2468
vn 0.6172 0.6858 -0.3857
vn 0.3975 0.8269 -0.3977
vn -0.1020 0.1686 -0.9804
vn 0.1953 0.4085 -0.8916
vn 0.0619 0.1865 -0.9805
vn -0.0291 0.4273 -0.9036
vn 0.3314 0.6835 -0.6504
vn 0.3894 0.3454 -0.8538
vn 0.2333 0.1820 -0.9552
vn 0.5440 0.5469 -0.6364
vn 0.0458 0.7569 -0.6519
vn 0.6428 0.4219 -0.6394
vn 0.4994 0.2756 -0.8214
vn 0.3522 0.1684 -0.9207
vn -0.0337 0.0694 -0.9970
vn -0.9878 0.1286 -0.0873
vn -0.9676 0.0763 -0.2405
vn -0.9887 0.1262 -0.0807
vn -0.9596 0.0900 -0.2666
vn -0.9652 0.0781 -0.2495
vn -0.9222 0.0395 -0.3846
vn -0.9066 0.0445 -0.4196
vn -0.9160 0.0379 -0.3995
vn -0.9776 0.1879 0.0950
vn -0.9779 0.1888 0.0897
vn -0.9845 0.1415 -0.1036
vn -0.9775 0.1993 0.0692
vn -0.8141 0.0068 -0.5807
vn -0.8304 0.0046 -0.5572
vn -0.8419 0.0112 -0.5396
vn -0.7035 -0.0200 -0.7105
vn -0.5844 -0.0178 -0.8113
vn -0.7215 -0.0090 -0.6923
vn -0.6805 -0.0185 -0.7325
vn -0.5577 -0.0323 -0.8294
vn -0.4587 -0.0171 -0.8884
vn -0.5290 -0.0282 -0.8482
vn -0.4259 -0.0336 -0.9041
vn -0.3890 -0.0285 -0.9208
vn 0.3922 0.1440 -0.9086
vn 0.5256 0.2462 -0.8143
vn 0.3822 0.1844 -0.9055
vn 0.3944 0.1406 -0.9081
vn 0.5341 0.2161 -0.8173
vn 0.6568 0.3409 -0.6726
vn 0.5330 0.2255 -0.8155
vn 0.6692 0.3243 -0.6686
vn 0.6700 0.3475 -0.6560
vn -0.8047 0.3453 0.4830
vn -0.8786 0.2947 0.3757
vn -0.8732 0.3016 0.3830
vn -0.8159 0.3358 0.4708
vn -0.8879 0.3000 0.3489
vn -0.9356 0.2473 0.2520
vn -0.9334 0.2498 0.2576
vn -0.9403 0.2544 0.2262
vn -0.6894 0.4027 0.6021
vn -0.7276 0.3860 0.5671
vn -0.8255 0.3423 0.4487
vn -0.7355 0.3947 0.5507
vn -0.1492 0.7036 0.6947
vn -0.1571 0.9282 0.3372
vn 0.1750 0.8355 0.5209
vn -0.2843 0.7502 0.5970
vn -0.2180 0.7965 0.5639
vn -0.3014 0.8265 0.4754
vn -0.3524 0.9108 0.2151
vn -0.3066 0.7927 0.5269
vn 0.4174 0.6568 0.6280
vn 0.5294 0.8370 0.1387
vn 0.8124 0.5067 0.2885
vn -0.0946 0.6207 0.7783
vn -0.3715 0.5498 0.7481
vn -0.3354 0.6389 0.6923
vn -0.2802 0.8137 0.5093
vn -0.3023 0.8390 0.4524
vn -0.3940 0.8989 0.1915
vn -0.3842 0.9144 -0.1275
vn -0.0425 0.9978 -0.0507
vn -0.4126 0.8863 0.2104
vn -0.2752 0.7931 0.5434
vn -0.4959 0.8092 0.3150
vn -0.2805 0.8418 0.4613
vn -0.1935 0.8001 0.5678
vn -0.2186 0.6959 0.6840
vn -0.5748 0.6425 0.5068
vn -0.0528 0.7378 0.6729
vn -0.2381 0.8253 0.5120
vn 0.1382 0.6825 0.7177
vn -0.1246 0.6305 0.7661
vn -0.5936 0.4554 0.6635
vn -0.5794 0.3302 0.7451
vn -0.0081 0.6111 0.7915
vn -0.5642 0.2662 0.7815
vn -0.0488 0.6137 0.7880
vn 0.3935 0.7062 0.5887
vn -0.0246 0.5974 0.8015
vn -0.5672 0.2153 0.7949
vn 0.3850 0.7189 0.5787
vn -0.8789 -0.0145 0.4768
vn 0.3312 0.6873 0.6465
vn 0.3447 0.7278 0.5928
vn -0.0681 0.5629 0.8237
vn -0.5755 0.1511 0.8037
vn -0.8245 -0.1526 0.5450
vn -0.8466 -0.1005 0.5227
vn 0.4663 0.1389 0.8737
vn 0.0680 0.5573 0.8275
vn 0.6121 0.2825 0.7386
vn 0.0857 0.5526 0.8290
vn -0.4130 0.6619 0.6256
vn 0.0283 0.5623 0.8264
vn 0.6171 0.3800 0.6890
vn -0.4806 0.5600 0.6749
vn 0.2344 -0.0113 0.9721
vn 0.6610 -0.1945 0.7248
vn 0.0910 0.5091 0.8559
vn -0.2481 0.7982 0.5489
vn -0.0566 0.8542 0.5168
vn -0.7249 0.4936 0.4805
vn -0.5173 0.5078 0.6889
vn -0.0344 0.5639 0.8251
vn 0.5781 0.4349 0.6904
vn 0.8939 0.1637 0.4172
vn 0.8882 0.2236 0.4013
vn 0.8625 0.0411 0.5044
vn -0.0913 0.5249 0.8463
vn -0.4252 -0.0226 0.9048
vn -0.5577 0.0707 0.8271
vn 0.3003 0.7507 0.5885
vn -0.0488 0.4971 0.8663
vn -0.0890 -0.0580 0.9943
vn 0.2322 0.8005 0.5525
vn 0.0384 0.5022 0.8639
vn 0.0924 0.8544 0.5114
vn -0.0987 0.5576 0.8242
vn 0.5067 0.4999 0.7024
vn 0.5350 0.4686 0.7030
vn -0.5478 0.4757 0.6882
vn -0.1255 0.5610 0.8183
vn 0.4884 0.5464 0.6804
vn -0.5460 0.4670 0.6955
vn -0.1081 0.5782 0.8087
vn 0.8793 0.2615 0.3980
vn -0.4875 0.4843 0.7265
vn 0.8637 0.3551 0.3575
vn 0.8730 0.2966 0.3872
vn -0.1177 0.6425 0.7572
vn 0.0810 0.5895 0.8037
vn -0.0076 0.6491 0.7607
vn -0.0459 0.5879 0.8076
vn 0.2343 0.5216 0.8204
vn 0.3883 0.5567 0.7344
vn 0.2854 0.6228 0.7284
vn 0.5234 0.4758 0.7069
vn -0.1923 0.7296 0.6563
vn -0.1156 0.6470 0.7537
vn -0.0585 0.5924 0.8035
vn 0.0596 0.5298 0.8460
vn 0.0085 0.5339 0.8455
vn 0.2458 0.4170 0.8750
vn 0.4902 0.3992 0.7748
vn 0.7178 0.3434 0.6057
vn 0.8538 0.2718 0.4441
vn 0.8142 0.3365 0.4731
vn 0.7431 0.4213 0.5200
vn 0.6682 0.4947 0.5557
vn 0.6000 0.5832 0.5477
vn 0.2730 0.7235 0.6340
vn -0.0583 0.7492 0.6598
vn -0.3620 0.5288 0.7677
vn -0.1540 0.5606 0.8136
vn -0.1835 0.6252 0.7586
vn -0.4197 0.3416 0.8409
vn -0.3685 0.4449 0.8162
vn -0.0650 0.5931 0.8025
vn -0.1097 0.6509 0.7512
vn -0.0330 0.5250 0.8505
vn -0.6443 0.3931 0.6561
vn -0.6465 0.2996 0.7016
vn -0.7078 0.0816 0.7017
vn -0.6747 0.1951 0.7119
vn -0.7205 -0.0116 0.6933
vn -0.1719 0.4717 0.8649
vn -0.8696 -0.2876 0.4014
vn -0.8953 -0.2366 0.3774
vn -0.8680 -0.2901 0.4031
vn -0.8470 -0.1805 0.5001
vn -0.8964 -0.2192 0.3853
vn -0.9219 -0.0989 0.3747
vn -0.9312 -0.1408 0.3361
vn -0.8513 0.0473 0.5225
vn -0.8569 -0.0766 0.5098
vn -0.3791 0.9075 -0.1808
vn -0.0216 0.9940 0.1075
vn 0.0075 0.9881 -0.1535
vn -0.3560 0.9292 0.0999
vn -0.0592 0.8937 0.4448
vn 0.6067 0.7949 -0.0055
vn 0.5378 0.8235 0.1805
vn -0.2826 0.8519 0.4409
vn 0.4112 0.7937 0.4483
vn 0.7477 0.5412 0.3848
vn 0.8594 0.4663 0.2096
vn 0.8948 0.4256 0.1351
vn 0.9426 0.2644 0.2041
vn 0.9574 0.1875 0.2196
vn 0.9475 0.2536 0.1949
vn 0.8807 0.3441 0.3257
vn 0.9628 0.1812 0.2005
vn 0.9686 0.1354 0.2086
vn 0.9603 0.1510 0.2346
vn 0.9435 0.1877 0.2731
vn 0.9212 0.2566 0.2926
vn 0.9344 0.1630 0.3167
vn 0.9649 0.1108 0.2382
vn 0.9604 0.1200 0.2515
vn 0.9529 0.0738 0.2941
vn 0.8615 0.0574 0.5045
vn 0.9061 -0.0271 0.4221
vn 0.9419 0.0945 0.3223
vn 0.7257 0.2270 0.6495
vn 0.6351 -0.0546 0.7705
vn 0.6908 -0.2469 0.6796
vn 0.4778 0.2087 0.8533
vn 0.8710 0.1998 0.4489
vt 0.725223 0.205271
vt 0.710241 0.193917
vt 0.725367 0.194098
vt 0.725065 0.216557
vt 0.709949 0.205001
vt 0.695312 0.193555
vt 0.694383 0.215574
vt 0.694852 0.204494
vt 0.740528 0.194137
vt 0.725472 0.182998
vt 0.740533 0.183003
vt 0.740526 0.205350
vt 0.740521 0.216677
vt 0.724926 0.227990
vt 0.709358 0.227549
vt 0.709641 0.216192
vt 0.693956 0.226823
vt 0.678845 0.225826
vt 0.679418 0.214691
vt 0.680067 0.203744
vt 0.680729 0.192972
vt 0.681312 0.182368
vt 0.695684 0.182730
vt 0.710463 0.182922
vt 0.724814 0.239600
vt 0.708941 0.250820
vt 0.709132 0.239085
vt 0.724720 0.251409
vt 0.708747 0.262767
vt 0.693345 0.249888
vt 0.693621 0.238258
vt 0.693079 0.261717
vt 0.740523 0.228136
vt 0.740527 0.239772
vt 0.740534 0.251606
vt 0.724622 0.263438
vt 0.740543 0.263664
vt 0.724500 0.275711
vt 0.708509 0.274943
vt 0.692764 0.273743
vt 0.677435 0.272216
vt 0.677761 0.260372
vt 0.678063 0.248677
vt 0.678404 0.237156
vt 0.724328 0.288256
vt 0.707688 0.300043
vt 0.708178 0.287365
vt 0.724075 0.301101
vt 0.706959 0.312978
vt 0.691674 0.298361
vt 0.692331 0.285964
vt 0.690666 0.310899
vt 0.740554 0.275969
vt 0.740567 0.288554
vt 0.740583 0.301452
vt 0.723703 0.314270
vt 0.740601 0.314696
vt 0.723168 0.327789
vt 0.705899 0.326169
vt 0.689150 0.323533
vt 0.673279 0.320017
vt 0.675129 0.308165
vt 0.676291 0.296184
vt 0.676995 0.284173
vt 0.662331 0.282155
vt 0.648178 0.291173
vt 0.648353 0.280136
vt 0.661756 0.293699
vt 0.647506 0.301609
vt 0.635575 0.288952
vt 0.635006 0.278364
vt 0.635917 0.298497
vt 0.662642 0.270495
vt 0.660647 0.304978
vt 0.658653 0.315831
vt 0.645693 0.311225
vt 0.634888 0.306581
vt 0.627605 0.303049
vt 0.625814 0.296669
vt 0.623798 0.287558
vt 0.622170 0.277118
vt 0.634553 0.267153
vt 0.621061 0.265888
vt 0.648374 0.268749
vt 0.663565 0.235827
vt 0.648672 0.245717
vt 0.649083 0.234311
vt 0.663180 0.247261
vt 0.648452 0.257230
vt 0.634465 0.244116
vt 0.634889 0.232647
vt 0.634358 0.255668
vt 0.664107 0.224578
vt 0.662893 0.258838
vt 0.620494 0.254272
vt 0.620447 0.242533
vt 0.620881 0.230865
vt 0.635640 0.221367
vt 0.621758 0.219404
vt 0.649725 0.223090
vt 0.665688 0.202714
vt 0.652920 0.190901
vt 0.666601 0.192117
vt 0.650620 0.212097
vt 0.651705 0.201356
vt 0.639629 0.189220
vt 0.636720 0.210341
vt 0.638074 0.199606
vt 0.667475 0.181762
vt 0.664835 0.213539
vt 0.623046 0.208230
vt 0.624699 0.197388
vt 0.626671 0.186943
vt 0.628934 0.176975
vt 0.641352 0.179237
vt 0.654174 0.180772
vt 0.668554 0.161710
vt 0.656354 0.152479
vt 0.668255 0.151852
vt 0.668202 0.171648
vt 0.656194 0.161593
vt 0.645793 0.152621
vt 0.655351 0.171006
vt 0.644718 0.160845
vt 0.680116 0.140438
vt 0.666965 0.141938
vt 0.681796 0.161494
vt 0.681334 0.151064
vt 0.681722 0.171903
vt 0.643117 0.169745
vt 0.631412 0.167593
vt 0.634007 0.158993
vt 0.636569 0.151472
vt 0.638549 0.146146
vt 0.645323 0.145036
vt 0.655235 0.143523
vt 0.725277 0.149327
vt 0.710480 0.160919
vt 0.710120 0.149704
vt 0.725515 0.171906
vt 0.725467 0.160723
vt 0.695841 0.161201
vt 0.695377 0.150306
vt 0.710564 0.171954
vt 0.740581 0.137406
vt 0.724913 0.137581
vt 0.740566 0.149216
vt 0.740538 0.171883
vt 0.740554 0.160669
vt 0.695897 0.171974
vt 0.694364 0.139147
vt 0.709402 0.138172
vt 0.561919 0.165038
vt 0.542458 0.171982
vt 0.547869 0.158456
vt 0.557171 0.177787
vt 0.538050 0.185790
vt 0.526950 0.165467
vt 0.533100 0.151020
vt 0.521922 0.180194
vt 0.580378 0.159277
vt 0.567606 0.152765
vt 0.575405 0.170846
vt 0.571274 0.182923
vt 0.553318 0.190879
vt 0.567940 0.195413
vt 0.550296 0.204164
vt 0.534590 0.199655
vt 0.517994 0.194925
vt 0.500094 0.190237
vt 0.504625 0.174146
vt 0.510402 0.158190
vt 0.517421 0.142636
vt 0.540372 0.137069
vt 0.525639 0.127684
vt 0.554316 0.145396
vt 0.547928 0.217931
vt 0.529283 0.230863
vt 0.531858 0.213860
vt 0.545779 0.234329
vt 0.526647 0.253901
vt 0.512194 0.227841
vt 0.514976 0.209930
vt 0.509729 0.251986
vt 0.565349 0.208224
vt 0.563388 0.221604
vt 0.561818 0.237185
vt 0.543556 0.256370
vt 0.559689 0.289415
vt 0.560662 0.257307
vt 0.524030 0.286659
vt 0.508093 0.285742
vt 0.492405 0.252208
vt 0.494102 0.226426
vt 0.496632 0.206788
vt 0.488551 0.539820
vt 0.478475 0.559614
vt 0.473126 0.545781
vt 0.494377 0.554471
vt 0.482921 0.574069
vt 0.463367 0.564308
vt 0.458534 0.551180
vt 0.467364 0.578316
vt 0.497535 0.517878
vt 0.481627 0.525545
vt 0.505037 0.533307
vt 0.511280 0.548963
vt 0.499206 0.569436
vt 0.520639 0.580178
vt 0.516368 0.564618
vt 0.503134 0.584727
vt 0.486499 0.589306
vt 0.470510 0.593494
vt 0.452405 0.582021
vt 0.448892 0.568501
vt 0.444601 0.556013
vt 0.452798 0.538718
vt 0.439498 0.544283
vt 0.466788 0.532479
vt 0.509000 0.620094
vt 0.489333 0.605847
vt 0.506290 0.600804
vt 0.511292 0.645538
vt 0.491722 0.625806
vt 0.472867 0.610443
vt 0.493848 0.651768
vt 0.474573 0.631000
vt 0.523994 0.596190
vt 0.526688 0.615339
vt 0.528548 0.640808
vt 0.529161 0.675582
vt 0.513094 0.680095
vt 0.496362 0.686527
vt 0.475779 0.657516
vt 0.478264 0.693076
vt 0.457433 0.659540
vt 0.457774 0.633999
vt 0.456880 0.613774
vt 0.455070 0.596916
vt 0.623856 0.155618
vt 0.619874 0.142647
vt 0.628238 0.147974
vt 0.620095 0.164318
vt 0.613898 0.150849
vt 0.610985 0.136000
vt 0.608952 0.159953
vt 0.603758 0.144903
vt 0.633942 0.141878
vt 0.616790 0.173831
vt 0.604777 0.169806
vt 0.597738 0.154583
vt 0.592694 0.164944
vt 0.586226 0.148260
vt 0.593222 0.137899
vt 0.601480 0.128226
vt 0.611224 0.119347
vt 0.619704 0.128018
vt 0.627346 0.135579
vt 0.613935 0.183974
vt 0.598272 0.191310
vt 0.601240 0.180294
vt 0.611485 0.194631
vt 0.595874 0.202781
vt 0.584920 0.187417
vt 0.588451 0.175920
vt 0.582075 0.199364
vt 0.609482 0.205723
vt 0.607948 0.217185
vt 0.594044 0.214644
vt 0.579890 0.211694
vt 0.606913 0.228977
vt 0.592201 0.239769
vt 0.592792 0.226909
vt 0.606446 0.241047
vt 0.592362 0.253361
vt 0.577345 0.238747
vt 0.578322 0.224537
vt 0.606647 0.253275
vt 0.607665 0.265375
vt 0.593817 0.267013
vt 0.577104 0.255157
vt 0.578716 0.272974
vt 0.609626 0.277001
vt 0.601517 0.291853
vt 0.596919 0.279940
vt 0.612582 0.287843
vt 0.607456 0.302715
vt 0.583604 0.288943
vt 0.590217 0.302498
vt 0.616636 0.297615
vt 0.622426 0.306136
vt 0.615095 0.312730
vt 0.597762 0.314299
vt 0.606557 0.325099
vt 0.587242 0.335974
vt 0.578767 0.324124
vt 0.570297 0.309923
vt 0.467970 0.880350
vt 0.468663 0.875840
vt 0.471158 0.880252
vt 0.461352 0.879110
vt 0.466098 0.875656
vt 0.465242 0.870300
vt 0.460633 0.874131
vt 0.462722 0.870183
vt 0.473303 0.884552
vt 0.472899 0.879730
vt 0.475704 0.883662
vt 0.469095 0.884847
vt 0.461234 0.883442
vt 0.448638 0.878256
vt 0.449960 0.874185
vt 0.450687 0.869264
vt 0.458082 0.868431
vt 0.449849 0.863754
vt 0.452449 0.860757
vt 0.456637 0.861681
vt 0.459562 0.861174
vt 0.461789 0.859788
vt 0.466901 0.869578
vt 0.470143 0.875381
vt 0.387994 0.786976
vt 0.397355 0.778201
vt 0.394075 0.789609
vt 0.392137 0.773881
vt 0.404276 0.768759
vt 0.403138 0.784783
vt 0.400424 0.794388
vt 0.409310 0.776494
vt 0.384148 0.804724
vt 0.389682 0.804182
vt 0.382370 0.785529
vt 0.387349 0.770910
vt 0.399995 0.763470
vt 0.396205 0.759659
vt 0.409739 0.755003
vt 0.413205 0.760873
vt 0.417300 0.769290
vt 0.423276 0.782220
vt 0.416372 0.788538
vt 0.410808 0.795461
vt 0.407986 0.802942
vt 0.402356 0.806564
vt 0.407761 0.809427
vt 0.395940 0.804511
vt 0.428550 0.690246
vt 0.411976 0.692141
vt 0.418348 0.679721
vt 0.418923 0.701739
vt 0.404254 0.703495
vt 0.403907 0.684521
vt 0.407838 0.672336
vt 0.398645 0.695507
vt 0.455199 0.698409
vt 0.436730 0.675714
vt 0.436777 0.703634
vt 0.423989 0.711949
vt 0.408666 0.712830
vt 0.411804 0.721904
vt 0.397478 0.723392
vt 0.394961 0.713667
vt 0.391743 0.704662
vt 0.388803 0.698467
vt 0.391711 0.690563
vt 0.394687 0.679799
vt 0.396848 0.668006
vt 0.410574 0.659040
vt 0.398212 0.655469
vt 0.423097 0.665457
vt 0.441504 0.615364
vt 0.426944 0.631918
vt 0.426800 0.615797
vt 0.441797 0.633747
vt 0.425876 0.648991
vt 0.412844 0.630139
vt 0.412597 0.615844
vt 0.412214 0.644756
vt 0.440157 0.599355
vt 0.440695 0.654820
vt 0.398940 0.642380
vt 0.399065 0.629115
vt 0.398613 0.616040
vt 0.411594 0.602294
vt 0.397627 0.603449
vt 0.425701 0.601021
vt 0.431172 0.560280
vt 0.421241 0.575329
vt 0.418059 0.563972
vt 0.434909 0.572170
vt 0.423815 0.587609
vt 0.407755 0.578011
vt 0.405089 0.567075
vt 0.409949 0.589714
vt 0.426738 0.549178
vt 0.437950 0.585101
vt 0.396158 0.591526
vt 0.394286 0.580241
vt 0.392088 0.569567
vt 0.402014 0.556832
vt 0.389639 0.559502
vt 0.414312 0.553375
vt 0.408062 0.519883
vt 0.404914 0.534295
vt 0.398819 0.526019
vt 0.415415 0.528930
vt 0.409989 0.543458
vt 0.394682 0.538565
vt 0.390203 0.530914
vt 0.398563 0.547280
vt 0.408162 0.503540
vt 0.399195 0.511715
vt 0.418060 0.512693
vt 0.426428 0.522598
vt 0.421554 0.538722
vt 0.433501 0.533146
vt 0.387015 0.550093
vt 0.384313 0.541511
vt 0.381686 0.534038
vt 0.384392 0.524754
vt 0.379658 0.528774
vt 0.391213 0.518831
vt 0.453027 0.485290
vt 0.450645 0.507293
vt 0.440510 0.495434
vt 0.464021 0.498261
vt 0.459346 0.519652
vt 0.438142 0.515387
vt 0.428866 0.504546
vt 0.446056 0.526792
vt 0.452768 0.460278
vt 0.440334 0.472847
vt 0.466470 0.473977
vt 0.478389 0.488180
vt 0.473499 0.511690
vt 0.488694 0.502825
vt 0.418021 0.494363
vt 0.428748 0.484158
vt 0.582165 0.129922
vt 0.580621 0.109618
vt 0.591352 0.119432
vt 0.574296 0.141044
vt 0.570522 0.120949
vt 0.569345 0.098755
vt 0.548775 0.123732
vt 0.558404 0.110986
vt 0.602037 0.109646
vt 0.561851 0.132913
vt 0.535023 0.113423
vt 0.545612 0.099790
vt 0.557541 0.086685
vt 0.581844 0.087114
vt 0.571029 0.074124
vt 0.592218 0.098915
vt 0.322250 0.574846
vt 0.307425 0.586455
vt 0.307058 0.575097
vt 0.322819 0.586049
vt 0.307832 0.598071
vt 0.291850 0.586676
vt 0.291666 0.575213
vt 0.292055 0.598394
vt 0.336391 0.563690
vt 0.321789 0.563884
vt 0.337088 0.574420
vt 0.337890 0.585434
vt 0.323431 0.597522
vt 0.338720 0.596746
vt 0.324019 0.609288
vt 0.308229 0.609972
vt 0.292260 0.610394
vt 0.276254 0.610546
vt 0.276248 0.598498
vt 0.276244 0.586732
vt 0.276237 0.575231
vt 0.291527 0.563958
vt 0.276227 0.563939
vt 0.306775 0.563956
vt 0.324971 0.633748
vt 0.308569 0.622176
vt 0.324517 0.621362
vt 0.325431 0.646439
vt 0.308885 0.634700
vt 0.292431 0.622690
vt 0.309216 0.647550
vt 0.292592 0.635310
vt 0.340145 0.620296
vt 0.339498 0.608364
vt 0.340711 0.632530
vt 0.341254 0.645039
vt 0.341840 0.657784
vt 0.325959 0.659425
vt 0.309606 0.660734
vt 0.292762 0.648268
vt 0.292965 0.661581
vt 0.276245 0.648514
vt 0.276251 0.635520
vt 0.276254 0.622869
vt 0.372281 0.534899
vt 0.361742 0.543452
vt 0.361548 0.534482
vt 0.373405 0.543007
vt 0.362666 0.552796
vt 0.349197 0.543318
vt 0.349467 0.533628
vt 0.349617 0.553173
vt 0.372764 0.527488
vt 0.375099 0.551857
vt 0.376999 0.561367
vt 0.363964 0.562576
vt 0.350448 0.563299
vt 0.335894 0.553214
vt 0.335765 0.542903
vt 0.336200 0.532637
vt 0.337439 0.522274
vt 0.350780 0.523966
vt 0.362686 0.525767
vt 0.378890 0.571445
vt 0.366782 0.583472
vt 0.365376 0.572809
vt 0.380668 0.582041
vt 0.368102 0.594536
vt 0.352541 0.584588
vt 0.351460 0.573769
vt 0.353609 0.595747
vt 0.382252 0.593124
vt 0.383556 0.604675
vt 0.369249 0.605983
vt 0.354576 0.607238
vt 0.385121 0.629127
vt 0.370136 0.617804
vt 0.384518 0.616722
vt 0.385373 0.641709
vt 0.370797 0.629932
vt 0.355358 0.619057
vt 0.371269 0.642259
vt 0.356001 0.631171
vt 0.385293 0.654241
vt 0.371597 0.654649
vt 0.356559 0.643521
vt 0.357094 0.656029
vt 0.384053 0.678399
vt 0.371813 0.666981
vt 0.384886 0.666497
vt 0.382791 0.689833
vt 0.371843 0.679299
vt 0.357646 0.668641
vt 0.371631 0.691696
vt 0.358126 0.681467
vt 0.381947 0.700785
vt 0.371369 0.704345
vt 0.358397 0.694665
vt 0.358334 0.708413
vt 0.343543 0.697875
vt 0.343136 0.684062
vt 0.342507 0.670752
vt 0.327185 0.686430
vt 0.310078 0.674279
vt 0.326584 0.672719
vt 0.327577 0.700705
vt 0.310534 0.688284
vt 0.293211 0.675283
vt 0.310827 0.702867
vt 0.293448 0.689458
vt 0.343512 0.712368
vt 0.327538 0.715698
vt 0.310778 0.718161
vt 0.293595 0.704208
vt 0.293551 0.719642
vt 0.276193 0.704641
vt 0.276211 0.689847
vt 0.276225 0.675622
vt 0.276237 0.661870
vt 0.321961 0.531723
vt 0.306681 0.542027
vt 0.307017 0.531005
vt 0.321523 0.542434
vt 0.306627 0.552967
vt 0.291489 0.541756
vt 0.291658 0.530561
vt 0.291458 0.552842
vt 0.322988 0.520829
vt 0.321510 0.553112
vt 0.276214 0.552786
vt 0.276199 0.541672
vt 0.276172 0.530442
vt 0.276150 0.518903
vt 0.292023 0.519088
vt 0.307743 0.519742
vt 0.699559 0.070540
vt 0.718455 0.051432
vt 0.719998 0.068315
vt 0.679838 0.074229
vt 0.696504 0.054120
vt 0.716731 0.033287
vt 0.675381 0.058506
vt 0.693137 0.036517
vt 0.721363 0.084031
vt 0.740717 0.067623
vt 0.740681 0.083475
vt 0.702282 0.085849
vt 0.683841 0.088897
vt 0.666419 0.093070
vt 0.661228 0.079239
vt 0.655493 0.064392
vt 0.670519 0.041665
vt 0.649286 0.048475
vt 0.665329 0.023644
vt 0.689490 0.017675
vt 0.714801 0.013804
vt 0.740850 0.012304
vt 0.740802 0.032201
vt 0.740757 0.050574
vt 0.300732 0.415428
vt 0.321439 0.436746
vt 0.298849 0.433937
vt 0.325135 0.418813
vt 0.343191 0.441349
vt 0.318124 0.453273
vt 0.297183 0.450953
vt 0.338340 0.457137
vt 0.275775 0.393725
vt 0.275843 0.414304
vt 0.302863 0.395300
vt 0.329184 0.399370
vt 0.348550 0.424228
vt 0.354341 0.405658
vt 0.370561 0.431422
vt 0.363687 0.447550
vt 0.357425 0.462400
vt 0.351833 0.476087
vt 0.334036 0.471707
vt 0.315204 0.468516
vt 0.295725 0.466621
vt 0.275962 0.450245
vt 0.276012 0.466054
vt 0.275906 0.433055
vt 0.708243 0.126165
vt 0.723540 0.112405
vt 0.724333 0.125324
vt 0.692670 0.127575
vt 0.706651 0.113533
vt 0.722547 0.098685
vt 0.690314 0.115437
vt 0.704655 0.100138
vt 0.740600 0.125075
vt 0.677952 0.129487
vt 0.674882 0.118046
vt 0.687352 0.102590
vt 0.671004 0.105959
vt 0.740650 0.098246
vt 0.740623 0.112067
vt 0.652335 0.134523
vt 0.660666 0.121280
vt 0.664407 0.131813
vt 0.642040 0.137684
vt 0.647880 0.125174
vt 0.655915 0.110147
vt 0.636712 0.129838
vt 0.642253 0.115174
vt 0.630143 0.121098
vt 0.622635 0.111386
vt 0.635693 0.104350
vt 0.650320 0.098239
vt 0.628396 0.092569
vt 0.637147 0.071546
vt 0.644035 0.085394
vt 0.614382 0.100674
vt 0.620462 0.079774
vt 0.629743 0.056653
vt 0.605487 0.088938
vt 0.611984 0.065908
vt 0.596043 0.076139
vt 0.586241 0.062207
vt 0.603215 0.051102
vt 0.621958 0.040687
vt 0.642711 0.031423
vt 0.390850 0.440119
vt 0.399797 0.463856
vt 0.382604 0.455118
vt 0.409274 0.450072
vt 0.415190 0.473588
vt 0.391093 0.476438
vt 0.375060 0.468879
vt 0.405433 0.484965
vt 0.377947 0.413883
vt 0.399687 0.423736
vt 0.419428 0.434930
vt 0.425772 0.461051
vt 0.437118 0.447195
vt 0.396542 0.495272
vt 0.383219 0.487921
vt 0.368281 0.481513
vt 0.362325 0.493135
vt 0.370324 0.508046
vt 0.357325 0.503943
vt 0.376241 0.498401
vt 0.381684 0.512915
vt 0.365685 0.517058
vt 0.353424 0.514146
vt 0.376151 0.520412
vt 0.346955 0.488731
vt 0.388572 0.504570
vt 0.339674 0.511634
vt 0.342874 0.500517
vt 0.294475 0.481092
vt 0.310590 0.495732
vt 0.293436 0.494542
vt 0.312686 0.482612
vt 0.327190 0.497749
vt 0.308935 0.508048
vt 0.292616 0.507147
vt 0.324735 0.509569
vt 0.276055 0.480644
vt 0.330305 0.485188
vt 0.276123 0.506887
vt 0.276092 0.494196
vt 0.706989 0.408425
vt 0.695800 0.432257
vt 0.687710 0.410217
vt 0.724311 0.408609
vt 0.712693 0.429154
vt 0.703411 0.452766
vt 0.727201 0.428529
vt 0.718379 0.449631
vt 0.682053 0.387888
vt 0.665382 0.418960
vt 0.655112 0.391276
vt 0.703081 0.388525
vt 0.722294 0.389726
vt 0.740711 0.390289
vt 0.740727 0.408903
vt 0.740734 0.428569
vt 0.730187 0.448726
vt 0.740723 0.448619
vt 0.732451 0.468236
vt 0.722729 0.468940
vt 0.709422 0.471279
vt 0.690404 0.477003
vt 0.683365 0.460236
vt 0.674847 0.441033
vt 0.295092 0.855926
vt 0.313416 0.838494
vt 0.309474 0.858734
vt 0.286187 0.833924
vt 0.297930 0.835035
vt 0.318327 0.816030
vt 0.288173 0.812443
vt 0.301677 0.813132
vt 0.306767 0.877214
vt 0.329849 0.865032
vt 0.325840 0.881658
vt 0.293682 0.875250
vt 0.284210 0.874459
vt 0.276201 0.874231
vt 0.284741 0.854977
vt 0.276094 0.833770
vt 0.276076 0.812399
vt 0.276080 0.791598
vt 0.290112 0.791464
vt 0.305230 0.791357
vt 0.322824 0.792051
vt 0.348022 0.795970
vt 0.340140 0.825770
vt 0.334604 0.846920
vt 0.642112 0.320240
vt 0.624856 0.322035
vt 0.630967 0.313508
vt 0.655411 0.326466
vt 0.636770 0.330713
vt 0.617051 0.335493
vt 0.650801 0.338699
vt 0.629562 0.345550
vt 0.670514 0.331953
vt 0.666826 0.345532
vt 0.644466 0.355115
vt 0.662180 0.363194
vt 0.634251 0.378691
vt 0.619342 0.367970
vt 0.607006 0.357373
vt 0.596466 0.346760
vt 0.704477 0.339734
vt 0.684468 0.350685
vt 0.687016 0.336436
vt 0.722470 0.341748
vt 0.703009 0.354267
vt 0.682158 0.367543
vt 0.721829 0.356482
vt 0.702119 0.370426
vt 0.740621 0.328321
vt 0.740643 0.342411
vt 0.740666 0.357236
vt 0.721601 0.372375
vt 0.740690 0.373103
vt 0.324593 0.769158
vt 0.309174 0.751767
vt 0.325861 0.749251
vt 0.307627 0.770758
vt 0.292568 0.753160
vt 0.310220 0.734346
vt 0.326898 0.731670
vt 0.293218 0.735892
vt 0.342164 0.765081
vt 0.291568 0.771649
vt 0.276098 0.771955
vt 0.276123 0.753582
vt 0.276148 0.736359
vt 0.276172 0.720104
vt 0.342920 0.727824
vt 0.342167 0.744928
vt 0.385184 0.733313
vt 0.371449 0.730623
vt 0.383964 0.722517
vt 0.371986 0.743544
vt 0.357487 0.738392
vt 0.371291 0.717368
vt 0.382633 0.711521
vt 0.357902 0.722911
vt 0.399384 0.732225
vt 0.386534 0.742588
vt 0.373499 0.754404
vt 0.357855 0.754805
vt 0.360673 0.769705
vt 0.604782 0.399496
vt 0.579009 0.427126
vt 0.593932 0.389585
vt 0.617005 0.409893
vt 0.587925 0.434957
vt 0.564695 0.463215
vt 0.597504 0.442851
vt 0.572233 0.468089
vt 0.584288 0.379817
vt 0.629563 0.422571
vt 0.606846 0.452297
vt 0.580570 0.471908
vt 0.576546 0.492097
vt 0.568657 0.494066
vt 0.560254 0.494267
vt 0.553383 0.491934
vt 0.547601 0.488074
vt 0.557916 0.457473
vt 0.570818 0.419163
vt 0.356328 0.875949
vt 0.389717 0.878453
vt 0.385451 0.889128
vt 0.361275 0.861589
vt 0.394275 0.868246
vt 0.417417 0.892691
vt 0.414257 0.900738
vt 0.420789 0.885314
vt 0.351899 0.889809
vt 0.366740 0.846395
vt 0.373313 0.833762
vt 0.398944 0.860071
vt 0.423938 0.879134
vt 0.445788 0.890702
vt 0.443924 0.895742
vt 0.441722 0.901616
vt 0.439695 0.908021
vt 0.438375 0.914866
vt 0.411740 0.909307
vt 0.381718 0.900150
vt 0.532338 0.496548
vt 0.524351 0.493293
vt 0.529314 0.483719
vt 0.536268 0.503338
vt 0.528350 0.507086
vt 0.519403 0.497650
vt 0.532482 0.513839
vt 0.524692 0.512125
vt 0.534624 0.465556
vt 0.527546 0.461771
vt 0.532366 0.453865
vt 0.538068 0.476452
vt 0.542436 0.483436
vt 0.540994 0.507145
vt 0.537212 0.517445
vt 0.529706 0.519116
vt 0.534911 0.522955
vt 0.526612 0.522657
vt 0.520549 0.514966
vt 0.514168 0.499755
vt 0.508192 0.473031
vt 0.514837 0.471342
vt 0.521355 0.468253
vt 0.498658 0.891731
vt 0.500540 0.876950
vt 0.505491 0.878102
vt 0.492863 0.898710
vt 0.494813 0.889505
vt 0.496077 0.875994
vt 0.487519 0.893098
vt 0.491430 0.887564
vt 0.510676 0.879698
vt 0.512117 0.854146
vt 0.518619 0.854487
vt 0.502857 0.894401
vt 0.496221 0.902323
vt 0.487287 0.903083
vt 0.485256 0.899392
vt 0.489938 0.895657
vt 0.483600 0.896244
vt 0.482212 0.893583
vt 0.485510 0.890899
vt 0.488641 0.885814
vt 0.492295 0.874999
vt 0.495152 0.855574
vt 0.500033 0.855097
vt 0.505803 0.854497
vt 0.480660 0.906575
vt 0.471907 0.904497
vt 0.479635 0.902380
vt 0.471878 0.909196
vt 0.459864 0.904862
vt 0.472161 0.900288
vt 0.478904 0.898731
vt 0.461052 0.899938
vt 0.489744 0.907259
vt 0.482212 0.911180
vt 0.472510 0.914254
vt 0.458849 0.910239
vt 0.458559 0.915974
vt 0.461948 0.895620
vt 0.472284 0.896639
vt 0.478257 0.895644
vt 0.546423 0.509999
vt 0.550145 0.520842
vt 0.542804 0.520027
vt 0.553301 0.511062
vt 0.560765 0.518620
vt 0.549264 0.526850
vt 0.541114 0.525667
vt 0.561182 0.525334
vt 0.562710 0.508867
vt 0.575720 0.501456
vt 0.576347 0.511245
vt 0.578640 0.519081
vt 0.562437 0.530898
vt 0.549227 0.531761
vt 0.539931 0.530153
vt 0.532723 0.527045
vt 0.521826 0.331317
vt 0.509265 0.381723
vt 0.507983 0.330824
vt 0.535796 0.333288
vt 0.520443 0.381722
vt 0.520078 0.429663
vt 0.511466 0.431037
vt 0.528294 0.427550
vt 0.492249 0.287175
vt 0.494311 0.332690
vt 0.540552 0.288350
vt 0.548693 0.338054
vt 0.531320 0.382820
vt 0.541057 0.386409
vt 0.502769 0.432654
vt 0.498101 0.383482
vt 0.567305 0.359624
vt 0.549084 0.393653
vt 0.558790 0.348216
vt 0.575565 0.370040
vt 0.556186 0.402621
vt 0.540999 0.434854
vt 0.563277 0.411127
vt 0.546132 0.443893
vt 0.551713 0.451314
vt 0.535415 0.427896
vt 0.649412 0.457457
vt 0.615154 0.464502
vt 0.640136 0.439666
vt 0.657728 0.473492
vt 0.622634 0.477798
vt 0.593257 0.486280
vt 0.629625 0.490208
vt 0.597543 0.496990
vt 0.664812 0.487603
vt 0.635727 0.501453
vt 0.606758 0.515326
vt 0.602268 0.506650
vt 0.581395 0.525812
vt 0.588178 0.476988
vt 0.486585 0.737924
vt 0.505853 0.777761
vt 0.495681 0.782995
vt 0.500824 0.730939
vt 0.516713 0.773275
vt 0.508008 0.820418
vt 0.500484 0.823216
vt 0.516226 0.818072
vt 0.474788 0.746467
vt 0.514984 0.724888
vt 0.528772 0.720929
vt 0.527683 0.770510
vt 0.524659 0.816892
vt 0.494229 0.825879
vt 0.487513 0.788490
vt 0.428035 0.734810
vt 0.439893 0.729292
vt 0.439911 0.736534
vt 0.415108 0.735036
vt 0.427540 0.729021
vt 0.426553 0.721305
vt 0.439589 0.717961
vt 0.413798 0.729327
vt 0.439301 0.741885
vt 0.453159 0.748647
vt 0.451569 0.753185
vt 0.428551 0.739781
vt 0.416206 0.739400
vt 0.417648 0.743441
vt 0.404527 0.747315
vt 0.402763 0.743750
vt 0.401078 0.738932
vt 0.453942 0.727744
vt 0.453604 0.741383
vt 0.393254 0.756833
vt 0.380085 0.766014
vt 0.390734 0.753736
vt 0.383604 0.768692
vt 0.373234 0.782156
vt 0.376438 0.761663
vt 0.388419 0.749257
vt 0.366928 0.778081
vt 0.406709 0.750644
vt 0.377938 0.784265
vt 0.379788 0.804741
vt 0.374726 0.803673
vt 0.366248 0.801210
vt 0.391298 0.828617
vt 0.406765 0.852905
vt 0.387330 0.829048
vt 0.409250 0.851289
vt 0.428130 0.871737
vt 0.403333 0.855295
vt 0.381209 0.829642
vt 0.426405 0.874693
vt 0.394881 0.827390
vt 0.411902 0.849197
vt 0.429435 0.869501
vt 0.431166 0.866828
vt 0.447876 0.881281
vt 0.447532 0.883764
vt 0.446963 0.886718
vt 0.480481 0.884881
vt 0.484653 0.882316
vt 0.482288 0.886970
vt 0.482855 0.880481
vt 0.487185 0.872568
vt 0.486410 0.884075
vt 0.483816 0.888896
vt 0.489365 0.873833
vt 0.477797 0.882219
vt 0.478001 0.886750
vt 0.480127 0.878418
vt 0.485185 0.871268
vt 0.482392 0.869939
vt 0.486383 0.855071
vt 0.488676 0.855454
vt 0.491390 0.855666
vt 0.480937 0.891256
vt 0.479623 0.889086
vt 0.470161 0.888339
vt 0.461909 0.889250
vt 0.461424 0.886699
vt 0.475090 0.888043
vt 0.471216 0.890927
vt 0.462198 0.892056
vt 0.476445 0.890606
vt 0.471971 0.893537
vt 0.477447 0.892987
vt 0.477182 0.800677
vt 0.486555 0.829432
vt 0.484143 0.830345
vt 0.466236 0.771634
vt 0.479342 0.797950
vt 0.489660 0.827977
vt 0.467660 0.766553
vt 0.482330 0.793736
vt 0.483407 0.854658
vt 0.474351 0.802599
vt 0.481101 0.831044
vt 0.463893 0.774834
vt 0.469616 0.757777
vt 0.437747 0.796092
vt 0.450976 0.815442
vt 0.447326 0.818928
vt 0.442578 0.792662
vt 0.454005 0.812522
vt 0.458931 0.837653
vt 0.456529 0.840948
vt 0.460757 0.833571
vt 0.432283 0.800920
vt 0.429911 0.776738
vt 0.440811 0.774004
vt 0.435760 0.773584
vt 0.444673 0.776848
vt 0.446690 0.791279
vt 0.456879 0.810160
vt 0.462907 0.830450
vt 0.466362 0.844190
vt 0.466053 0.850008
vt 0.465175 0.855111
vt 0.463715 0.858040
vt 0.453596 0.843658
vt 0.443109 0.822763
vt 0.417966 0.816909
vt 0.434119 0.830355
vt 0.430218 0.833550
vt 0.421435 0.811555
vt 0.438553 0.826674
vt 0.442654 0.849008
vt 0.450339 0.846171
vt 0.446683 0.848067
vt 0.415018 0.820906
vt 0.426490 0.806145
vt 0.448021 0.858879
vt 0.439275 0.850257
vt 0.426858 0.836297
vt 0.415482 0.846089
vt 0.436027 0.858634
vt 0.433642 0.863137
vt 0.404908 0.823316
vt 0.419539 0.842520
vt 0.437600 0.853865
vt 0.410472 0.822315
vt 0.423422 0.839166
vt 0.399489 0.825256
vt 0.419842 0.748512
vt 0.430318 0.752179
vt 0.422293 0.754861
vt 0.437979 0.747837
vt 0.429280 0.745564
vt 0.432085 0.760660
vt 0.425205 0.763498
vt 0.437273 0.754390
vt 0.448572 0.757736
vt 0.445862 0.763259
vt 0.438023 0.762339
vt 0.444613 0.770164
vt 0.470136 0.804393
vt 0.455975 0.781598
vt 0.460087 0.777864
vt 0.471698 0.831604
vt 0.465218 0.806233
vt 0.452694 0.786232
vt 0.466742 0.830580
vt 0.460590 0.808131
vt 0.479227 0.854123
vt 0.476760 0.831665
vt 0.474477 0.852410
vt 0.469882 0.848679
vt 0.449978 0.790066
vt 0.478464 0.868343
vt 0.472811 0.871894
vt 0.474239 0.865372
vt 0.476392 0.875781
vt 0.471462 0.874494
vt 0.469452 0.865775
vt 0.470178 0.859864
vt 0.468312 0.868424
vt 0.474473 0.878775
vt 0.770450 0.193883
vt 0.755725 0.205247
vt 0.755583 0.194080
vt 0.785063 0.193509
vt 0.770741 0.204952
vt 0.771047 0.216145
vt 0.755872 0.216529
vt 0.785998 0.215513
vt 0.755485 0.182985
vt 0.770233 0.182899
vt 0.784690 0.182695
vt 0.798778 0.182318
vt 0.799366 0.192915
vt 0.785526 0.204439
vt 0.800689 0.214624
vt 0.801271 0.225754
vt 0.786431 0.226754
vt 0.771334 0.227492
vt 0.756016 0.227957
vt 0.756137 0.239561
vt 0.771772 0.250746
vt 0.756244 0.251365
vt 0.771569 0.239020
vt 0.787062 0.249805
vt 0.771981 0.262686
vt 0.756359 0.263389
vt 0.787341 0.261627
vt 0.786775 0.238181
vt 0.801721 0.237080
vt 0.802072 0.248597
vt 0.802385 0.260289
vt 0.802725 0.272130
vt 0.787671 0.273647
vt 0.772237 0.274855
vt 0.756502 0.275657
vt 0.756699 0.288199
vt 0.773105 0.299943
vt 0.756982 0.301039
vt 0.772590 0.287271
vt 0.788797 0.298255
vt 0.773862 0.312873
vt 0.757388 0.314205
vt 0.789827 0.310789
vt 0.788121 0.285863
vt 0.803178 0.284085
vt 0.803896 0.296095
vt 0.805073 0.308075
vt 0.806940 0.319927
vt 0.791366 0.323419
vt 0.774953 0.326060
vt 0.757960 0.327720
vt 0.817666 0.282083
vt 0.831743 0.291110
vt 0.818252 0.293628
vt 0.831558 0.280070
vt 0.844318 0.288887
vt 0.832425 0.301551
vt 0.819372 0.304909
vt 0.843984 0.298437
vt 0.817343 0.270421
vt 0.831528 0.268679
vt 0.844878 0.278294
vt 0.845321 0.267078
vt 0.857714 0.277037
vt 0.856095 0.287484
vt 0.854086 0.296600
vt 0.852300 0.302985
vt 0.845021 0.306525
vt 0.834247 0.311170
vt 0.821379 0.315764
vt 0.816388 0.235752
vt 0.831208 0.245641
vt 0.816784 0.247186
vt 0.830787 0.234234
vt 0.845389 0.244033
vt 0.831439 0.257157
vt 0.817081 0.258763
vt 0.845506 0.255588
vt 0.815837 0.224504
vt 0.830135 0.223011
vt 0.844954 0.232560
vt 0.844192 0.221278
vt 0.858961 0.230766
vt 0.859406 0.242437
vt 0.859370 0.254180
vt 0.858813 0.265801
vt 0.826910 0.190820
vt 0.814238 0.202643
vt 0.813317 0.192048
vt 0.840172 0.189126
vt 0.828135 0.201275
vt 0.829230 0.212017
vt 0.815100 0.213466
vt 0.843102 0.210250
vt 0.812434 0.181695
vt 0.825647 0.180690
vt 0.838439 0.179141
vt 0.850854 0.176867
vt 0.855109 0.197283
vt 0.841736 0.199513
vt 0.856774 0.208126
vt 0.858072 0.219302
vt 0.800034 0.203681
vt 0.823442 0.152396
vt 0.811341 0.161640
vt 0.811635 0.151794
vt 0.833972 0.152522
vt 0.823609 0.161509
vt 0.811699 0.171582
vt 0.835054 0.160748
vt 0.824461 0.170923
vt 0.799965 0.140409
vt 0.798748 0.151027
vt 0.812919 0.141878
vt 0.824554 0.143437
vt 0.841207 0.146037
vt 0.834435 0.144935
vt 0.843193 0.151363
vt 0.845763 0.158884
vt 0.836664 0.169648
vt 0.848367 0.167485
vt 0.798363 0.171861
vt 0.798285 0.161465
vt 0.755737 0.149342
vt 0.770236 0.160922
vt 0.755525 0.160733
vt 0.770611 0.149719
vt 0.784539 0.161189
vt 0.755455 0.171894
vt 0.770139 0.171942
vt 0.756129 0.137604
vt 0.771347 0.138199
vt 0.785009 0.150302
vt 0.786030 0.139154
vt 0.784479 0.171950
vt 0.917876 0.164865
vt 0.937346 0.171792
vt 0.922636 0.177612
vt 0.931922 0.158269
vt 0.952850 0.165262
vt 0.941768 0.185598
vt 0.926503 0.190703
vt 0.957893 0.179985
vt 0.899407 0.159120
vt 0.904392 0.170688
vt 0.912176 0.152595
vt 0.925462 0.145213
vt 0.946685 0.150819
vt 0.939401 0.136873
vt 0.962358 0.142420
vt 0.969392 0.157968
vt 0.975186 0.173919
vt 0.979734 0.190007
vt 0.961837 0.194714
vt 0.945243 0.199462
vt 0.929538 0.203988
vt 0.911882 0.195253
vt 0.914486 0.208064
vt 0.908535 0.182763
vt 0.931921 0.217755
vt 0.950585 0.230670
vt 0.934089 0.234155
vt 0.947990 0.213666
vt 0.967674 0.227628
vt 0.953247 0.253710
vt 0.936337 0.256200
vt 0.970167 0.251776
vt 0.916462 0.221445
vt 0.964871 0.209717
vt 0.983214 0.206555
vt 0.985767 0.226192
vt 0.987495 0.251976
vt 0.971846 0.285538
vt 0.955904 0.286476
vt 0.939378 0.288187
vt 0.920235 0.289275
vt 0.919226 0.257156
vt 0.918048 0.237029
vt 0.065206 0.539858
vt 0.075284 0.559645
vt 0.059385 0.554506
vt 0.080629 0.545814
vt 0.090391 0.564335
vt 0.070841 0.574098
vt 0.054560 0.569469
vt 0.086396 0.578342
vt 0.056218 0.517925
vt 0.048723 0.533352
vt 0.072124 0.525585
vt 0.086962 0.532512
vt 0.095221 0.551208
vt 0.100952 0.538746
vt 0.109153 0.556037
vt 0.104864 0.568526
vt 0.101354 0.582045
vt 0.083252 0.593518
vt 0.067266 0.589333
vt 0.050635 0.584756
vt 0.033134 0.580211
vt 0.037402 0.564655
vt 0.042485 0.549004
vt 0.064433 0.605871
vt 0.044771 0.620114
vt 0.047481 0.600829
vt 0.080897 0.610465
vt 0.062045 0.625825
vt 0.042478 0.645550
vt 0.079191 0.631019
vt 0.059917 0.651782
vt 0.029782 0.596218
vt 0.098691 0.596939
vt 0.096882 0.613795
vt 0.095988 0.634018
vt 0.077982 0.657532
vt 0.096327 0.659558
vt 0.075491 0.693088
vt 0.057396 0.686534
vt 0.040669 0.680100
vt 0.024608 0.675583
vt 0.025228 0.640820
vt 0.027089 0.615360
vt 0.859886 0.142521
vt 0.855914 0.155499
vt 0.851523 0.147857
vt 0.868771 0.135864
vt 0.865870 0.150720
vt 0.859684 0.164198
vt 0.876009 0.144763
vt 0.870827 0.159822
vt 0.852404 0.135457
vt 0.845812 0.141764
vt 0.860043 0.127886
vt 0.868519 0.119206
vt 0.878273 0.128079
vt 0.886541 0.137748
vt 0.882038 0.154440
vt 0.893548 0.148105
vt 0.887094 0.164800
vt 0.875012 0.169674
vt 0.862999 0.173711
vt 0.865864 0.183855
vt 0.881538 0.191178
vt 0.868325 0.194512
vt 0.878559 0.180161
vt 0.894891 0.187271
vt 0.883948 0.202650
vt 0.870339 0.205605
vt 0.897747 0.199218
vt 0.853127 0.186836
vt 0.891347 0.175774
vt 0.899945 0.211549
vt 0.885790 0.214514
vt 0.871885 0.217069
vt 0.872931 0.228864
vt 0.887658 0.239645
vt 0.873410 0.240937
vt 0.887055 0.226781
vt 0.902518 0.238608
vt 0.887511 0.253242
vt 0.873221 0.253170
vt 0.901527 0.224395
vt 0.902776 0.255023
vt 0.901182 0.272848
vt 0.886069 0.266900
vt 0.872214 0.265275
vt 0.870263 0.276908
vt 0.878390 0.291759
vt 0.867316 0.287758
vt 0.896309 0.288830
vt 0.882979 0.279836
vt 0.872460 0.302633
vt 0.863270 0.297538
vt 0.889708 0.302397
vt 0.909645 0.309805
vt 0.901187 0.324023
vt 0.882170 0.314213
vt 0.892720 0.335890
vt 0.873382 0.325028
vt 0.864826 0.312661
vt 0.857485 0.306070
vt 0.084983 0.875844
vt 0.085673 0.880352
vt 0.082486 0.880252
vt 0.088408 0.870308
vt 0.087548 0.875662
vt 0.092290 0.879118
vt 0.090927 0.870193
vt 0.093013 0.874141
vt 0.080745 0.879730
vt 0.080338 0.884550
vt 0.077938 0.883659
vt 0.083504 0.875384
vt 0.086750 0.869585
vt 0.091868 0.859800
vt 0.094093 0.861188
vt 0.097018 0.861697
vt 0.095568 0.868445
vt 0.101206 0.860776
vt 0.103803 0.863775
vt 0.102960 0.869283
vt 0.103683 0.874203
vt 0.105001 0.878274
vt 0.092405 0.883449
vt 0.084544 0.884848
vt 0.165736 0.787051
vt 0.156377 0.778263
vt 0.161600 0.773945
vt 0.159650 0.789680
vt 0.150586 0.784844
vt 0.149458 0.768812
vt 0.153744 0.763523
vt 0.144417 0.776547
vt 0.169566 0.804814
vt 0.171366 0.785608
vt 0.164029 0.804265
vt 0.157768 0.804587
vt 0.153292 0.794455
vt 0.151348 0.806634
vt 0.145720 0.803005
vt 0.142904 0.795520
vt 0.137344 0.788590
vt 0.130443 0.782265
vt 0.136429 0.769336
vt 0.140531 0.760918
vt 0.144001 0.755047
vt 0.157538 0.759712
vt 0.147034 0.750688
vt 0.166394 0.770975
vt 0.125207 0.690270
vt 0.141782 0.692168
vt 0.134833 0.701766
vt 0.135411 0.679745
vt 0.149853 0.684547
vt 0.149504 0.703525
vt 0.145089 0.712862
vt 0.155115 0.695536
vt 0.098554 0.698427
vt 0.116975 0.703657
vt 0.117028 0.675735
vt 0.130662 0.665478
vt 0.145923 0.672360
vt 0.143188 0.659062
vt 0.156915 0.668029
vt 0.159076 0.679825
vt 0.162051 0.690592
vt 0.164960 0.698498
vt 0.162018 0.704695
vt 0.158798 0.713702
vt 0.156278 0.723430
vt 0.141948 0.721937
vt 0.154368 0.732265
vt 0.129763 0.711977
vt 0.112257 0.615385
vt 0.126817 0.631938
vt 0.111964 0.633767
vt 0.126960 0.615818
vt 0.140917 0.630159
vt 0.127885 0.649011
vt 0.113065 0.654840
vt 0.141548 0.644777
vt 0.113603 0.599376
vt 0.128059 0.601041
vt 0.141164 0.615863
vt 0.142166 0.602313
vt 0.155148 0.616058
vt 0.154697 0.629134
vt 0.154822 0.642401
vt 0.155550 0.655491
vt 0.122582 0.560302
vt 0.132516 0.575349
vt 0.118847 0.572192
vt 0.135696 0.563991
vt 0.146003 0.578029
vt 0.129943 0.587629
vt 0.115809 0.585123
vt 0.143810 0.589732
vt 0.114253 0.544307
vt 0.127014 0.549199
vt 0.139441 0.553393
vt 0.148667 0.567092
vt 0.151741 0.556848
vt 0.161669 0.569582
vt 0.159473 0.580258
vt 0.157601 0.591543
vt 0.156134 0.603467
vt 0.145682 0.519898
vt 0.148835 0.534310
vt 0.138332 0.528947
vt 0.154928 0.526031
vt 0.159069 0.538578
vt 0.143762 0.543475
vt 0.132195 0.538741
vt 0.155190 0.547294
vt 0.145576 0.503553
vt 0.135681 0.512711
vt 0.154547 0.511725
vt 0.162534 0.518839
vt 0.163547 0.530925
vt 0.169358 0.524762
vt 0.172066 0.534047
vt 0.169440 0.541522
vt 0.166739 0.550105
vt 0.164116 0.559516
vt 0.120247 0.533169
vt 0.127316 0.522618
vt 0.100702 0.485324
vt 0.103094 0.507324
vt 0.089715 0.498299
vt 0.113223 0.495461
vt 0.115600 0.515412
vt 0.094399 0.519685
vt 0.080245 0.511729
vt 0.107691 0.526819
vt 0.100945 0.460315
vt 0.087255 0.474021
vt 0.113386 0.472874
vt 0.124979 0.484179
vt 0.124871 0.504568
vt 0.135712 0.494379
vt 0.065051 0.502872
vt 0.075346 0.488227
vt 0.899123 0.109450
vt 0.897595 0.129760
vt 0.888397 0.119274
vt 0.910393 0.098576
vt 0.909233 0.120776
vt 0.905474 0.140877
vt 0.930985 0.123542
vt 0.917915 0.132734
vt 0.877701 0.109494
vt 0.887515 0.098753
vt 0.897884 0.086942
vt 0.922191 0.086497
vt 0.934130 0.099595
vt 0.921345 0.110801
vt 0.944731 0.113220
vt 0.954126 0.127474
vt 0.230918 0.574845
vt 0.245432 0.586440
vt 0.230357 0.586037
vt 0.245788 0.575093
vt 0.260746 0.586662
vt 0.245034 0.598044
vt 0.229751 0.597501
vt 0.260548 0.598365
vt 0.217057 0.563701
vt 0.216366 0.574423
vt 0.231369 0.563894
vt 0.246056 0.563962
vt 0.260916 0.575209
vt 0.261037 0.563962
vt 0.260354 0.610379
vt 0.244641 0.609940
vt 0.229166 0.609259
vt 0.214742 0.596737
vt 0.213967 0.608349
vt 0.215569 0.585431
vt 0.244302 0.622135
vt 0.228213 0.633701
vt 0.228668 0.621324
vt 0.260182 0.622665
vt 0.243983 0.634649
vt 0.227749 0.646385
vt 0.260017 0.635277
vt 0.243645 0.647490
vt 0.213320 0.620275
vt 0.259837 0.648228
vt 0.259619 0.661536
vt 0.243243 0.660665
vt 0.227215 0.659363
vt 0.211621 0.657749
vt 0.212210 0.645009
vt 0.212754 0.632504
vt 0.181468 0.534907
vt 0.191977 0.543463
vt 0.180346 0.543017
vt 0.192168 0.534494
vt 0.204428 0.543335
vt 0.191054 0.552807
vt 0.178652 0.551868
vt 0.204012 0.553186
vt 0.174094 0.528781
vt 0.180984 0.527495
vt 0.202835 0.523989
vt 0.191028 0.525778
vt 0.215974 0.522318
vt 0.204153 0.533648
vt 0.217669 0.542928
vt 0.217547 0.553231
vt 0.203184 0.563310
vt 0.189758 0.562587
vt 0.176754 0.561379
vt 0.174864 0.571459
vt 0.186943 0.583483
vt 0.173088 0.582056
vt 0.188348 0.572820
vt 0.201096 0.584593
vt 0.185625 0.594547
vt 0.171505 0.593139
vt 0.200031 0.595749
vt 0.202175 0.573776
vt 0.199066 0.607238
vt 0.184480 0.605993
vt 0.170202 0.604691
vt 0.183592 0.617815
vt 0.168638 0.629144
vt 0.169240 0.616739
vt 0.198284 0.619055
vt 0.182932 0.629943
vt 0.168386 0.641728
vt 0.197641 0.631167
vt 0.182461 0.642270
vt 0.197083 0.643515
vt 0.196547 0.656021
vt 0.182133 0.654660
vt 0.168467 0.654261
vt 0.181917 0.666993
vt 0.169707 0.678423
vt 0.168874 0.666519
vt 0.195994 0.668633
vt 0.181887 0.679313
vt 0.170969 0.689860
vt 0.195513 0.681459
vt 0.182098 0.691714
vt 0.210950 0.670713
vt 0.210316 0.684020
vt 0.195239 0.694658
vt 0.209902 0.697832
vt 0.195298 0.708409
vt 0.182359 0.704366
vt 0.171813 0.700815
vt 0.242757 0.674202
vt 0.225968 0.686355
vt 0.226581 0.672649
vt 0.259352 0.675232
vt 0.242282 0.688199
vt 0.225561 0.700624
vt 0.259089 0.689402
vt 0.241964 0.702777
vt 0.258910 0.704148
vt 0.258915 0.719579
vt 0.241983 0.718067
vt 0.225581 0.715615
vt 0.209923 0.712325
vt 0.231150 0.531774
vt 0.246108 0.542048
vt 0.231607 0.542466
vt 0.260807 0.530595
vt 0.245740 0.531063
vt 0.246186 0.552983
vt 0.231636 0.553132
vt 0.261082 0.552852
vt 0.230102 0.520895
vt 0.217223 0.532672
vt 0.244983 0.519813
vt 0.260401 0.519133
vt 0.261023 0.541774
vt 0.762898 0.051521
vt 0.781355 0.070645
vt 0.761283 0.068392
vt 0.764702 0.033386
vt 0.784462 0.054241
vt 0.800637 0.074300
vt 0.787888 0.036652
vt 0.805122 0.058589
vt 0.759854 0.084096
vt 0.766718 0.013908
vt 0.791602 0.017816
vt 0.810019 0.041757
vt 0.815255 0.023741
vt 0.830834 0.048477
vt 0.824612 0.064393
vt 0.818867 0.079237
vt 0.813669 0.093063
vt 0.796610 0.088955
vt 0.778588 0.085938
vt 0.251134 0.415575
vt 0.230946 0.436946
vt 0.227159 0.419036
vt 0.253131 0.434070
vt 0.234340 0.453449
vt 0.209679 0.441537
vt 0.204256 0.424437
vt 0.214583 0.457303
vt 0.248876 0.395456
vt 0.254900 0.451069
vt 0.256448 0.466720
vt 0.237330 0.468668
vt 0.218932 0.471850
vt 0.201513 0.476180
vt 0.195896 0.462509
vt 0.189603 0.447674
vt 0.182688 0.431561
vt 0.198387 0.405884
vt 0.175250 0.414037
vt 0.223005 0.399607
vt 0.757575 0.112447
vt 0.772528 0.126206
vt 0.756742 0.125357
vt 0.758615 0.098738
vt 0.774148 0.113589
vt 0.787734 0.127595
vt 0.776177 0.100210
vt 0.790103 0.115469
vt 0.793080 0.102635
vt 0.809080 0.105947
vt 0.805199 0.118030
vt 0.802129 0.129465
vt 0.819208 0.121217
vt 0.827447 0.134432
vt 0.815471 0.131751
vt 0.823954 0.110081
vt 0.831896 0.125077
vt 0.837712 0.137577
vt 0.837517 0.115071
vt 0.843035 0.129723
vt 0.829547 0.098170
vt 0.844072 0.104239
vt 0.849599 0.120975
vt 0.857103 0.111253
vt 0.842718 0.071469
vt 0.851365 0.092449
vt 0.835830 0.085321
vt 0.850125 0.056571
vt 0.859295 0.079645
vt 0.865350 0.100531
vt 0.867770 0.065771
vt 0.874241 0.088784
vt 0.837433 0.031426
vt 0.857919 0.040601
vt 0.893478 0.062035
vt 0.883680 0.075975
vt 0.908693 0.073943
vt 0.162674 0.440191
vt 0.153875 0.463881
vt 0.144383 0.450104
vt 0.170943 0.455179
vt 0.162590 0.476458
vt 0.138527 0.473604
vt 0.127935 0.461073
vt 0.148292 0.484976
vt 0.153804 0.423819
vt 0.178505 0.468932
vt 0.185300 0.481558
vt 0.170474 0.487938
vt 0.157190 0.495280
vt 0.116577 0.447226
vt 0.134210 0.434972
vt 0.191267 0.493174
vt 0.183382 0.508058
vt 0.177459 0.498415
vt 0.196276 0.503976
vt 0.188026 0.517069
vt 0.172058 0.512921
vt 0.165165 0.504577
vt 0.177594 0.520418
vt 0.206413 0.488811
vt 0.210512 0.500584
vt 0.200185 0.514174
vt 0.213726 0.511689
vt 0.257776 0.481176
vt 0.242054 0.495838
vt 0.239906 0.482741
vt 0.258882 0.494611
vt 0.243753 0.508135
vt 0.225849 0.497850
vt 0.222702 0.485309
vt 0.228331 0.509651
vt 0.259759 0.507203
vt 0.784863 0.432277
vt 0.774026 0.408390
vt 0.792924 0.410198
vt 0.777266 0.452815
vt 0.768332 0.429155
vt 0.757017 0.408584
vt 0.762634 0.449662
vt 0.754137 0.428528
vt 0.814943 0.418981
vt 0.798549 0.387827
vt 0.825116 0.391259
vt 0.797047 0.460303
vt 0.805534 0.441086
vt 0.790014 0.477060
vt 0.771245 0.471331
vt 0.758246 0.468980
vt 0.751130 0.448743
vt 0.748809 0.468260
vt 0.759003 0.389679
vt 0.777910 0.388455
vt 0.239621 0.838567
vt 0.257626 0.855993
vt 0.243572 0.858815
vt 0.234734 0.816079
vt 0.254735 0.835080
vt 0.266143 0.833948
vt 0.267668 0.855017
vt 0.264121 0.812447
vt 0.223462 0.865113
vt 0.246333 0.877288
vt 0.227499 0.881721
vt 0.218726 0.847012
vt 0.213253 0.825864
vt 0.205518 0.796042
vt 0.247413 0.791335
vt 0.250966 0.813147
vt 0.262186 0.791444
vt 0.276137 0.854848
vt 0.268316 0.874506
vt 0.259121 0.875323
vt 0.855072 0.321978
vt 0.837840 0.320186
vt 0.848951 0.313452
vt 0.862894 0.335438
vt 0.843193 0.330662
vt 0.824634 0.326401
vt 0.850412 0.345506
vt 0.829254 0.338639
vt 0.883502 0.346694
vt 0.872968 0.357327
vt 0.860655 0.367941
vt 0.835593 0.355070
vt 0.845810 0.378674
vt 0.818070 0.363129
vt 0.813423 0.345447
vt 0.809722 0.331863
vt 0.796098 0.350575
vt 0.776410 0.339622
vt 0.793526 0.336322
vt 0.798425 0.367450
vt 0.777914 0.354158
vt 0.758699 0.341678
vt 0.778839 0.370329
vt 0.759384 0.356414
vt 0.759656 0.372314
vt 0.228489 0.769120
vt 0.243517 0.751686
vt 0.245035 0.770700
vt 0.227221 0.749182
vt 0.242507 0.734253
vt 0.259807 0.753105
vt 0.260762 0.771608
vt 0.259205 0.735831
vt 0.211293 0.765083
vt 0.230261 0.792057
vt 0.211260 0.744900
vt 0.226200 0.731590
vt 0.210505 0.727784
vt 0.168570 0.733356
vt 0.182277 0.730656
vt 0.181745 0.743585
vt 0.169792 0.722555
vt 0.182435 0.717394
vt 0.196147 0.738403
vt 0.195799 0.754835
vt 0.195726 0.722912
vt 0.167219 0.742636
vt 0.171125 0.711555
vt 0.193016 0.769762
vt 0.180240 0.754456
vt 0.901086 0.427102
vt 0.875260 0.399484
vt 0.886093 0.389552
vt 0.915469 0.463194
vt 0.892180 0.434953
vt 0.863076 0.409900
vt 0.907935 0.468084
vt 0.882617 0.442866
vt 0.895730 0.379763
vt 0.909270 0.419121
vt 0.922243 0.457437
vt 0.932616 0.488042
vt 0.926836 0.491914
vt 0.911556 0.494073
vt 0.899599 0.471919
vt 0.903658 0.492116
vt 0.891997 0.477015
vt 0.873297 0.452331
vt 0.850574 0.422598
vt 0.197154 0.876018
vt 0.163865 0.878510
vt 0.192225 0.861669
vt 0.168122 0.889179
vt 0.136197 0.892726
vt 0.159326 0.868307
vt 0.186803 0.846484
vt 0.132832 0.885351
vt 0.201594 0.889863
vt 0.171855 0.900195
vt 0.139350 0.900772
vt 0.115235 0.914880
vt 0.141863 0.909339
vt 0.113919 0.908036
vt 0.111897 0.901632
vt 0.107841 0.890718
vt 0.129690 0.879171
vt 0.154677 0.860135
vt 0.180287 0.833856
vt 0.955890 0.493227
vt 0.947903 0.496497
vt 0.950907 0.483655
vt 0.960848 0.497578
vt 0.951910 0.507035
vt 0.943981 0.503298
vt 0.955579 0.512072
vt 0.947787 0.513800
vt 0.952641 0.461689
vt 0.945564 0.465488
vt 0.947805 0.453786
vt 0.958846 0.468165
vt 0.965374 0.471245
vt 0.972025 0.472925
vt 0.966090 0.499676
vt 0.959730 0.514907
vt 0.950573 0.519075
vt 0.953675 0.522614
vt 0.945371 0.522926
vt 0.943060 0.517415
vt 0.939259 0.507115
vt 0.937776 0.483392
vt 0.942136 0.476397
vt 0.053114 0.876930
vt 0.054984 0.891709
vt 0.048163 0.878078
vt 0.057576 0.875977
vt 0.058830 0.889486
vt 0.060773 0.898690
vt 0.066120 0.893083
vt 0.063700 0.895639
vt 0.041554 0.854123
vt 0.042978 0.879671
vt 0.035054 0.854461
vt 0.047867 0.854478
vt 0.053636 0.855083
vt 0.058515 0.855563
vt 0.065003 0.885800
vt 0.062214 0.887547
vt 0.068130 0.890886
vt 0.071425 0.893572
vt 0.070036 0.896231
vt 0.068378 0.899378
vt 0.066344 0.903065
vt 0.057414 0.902299
vt 0.063885 0.907238
vt 0.050785 0.894375
vt 0.072968 0.906561
vt 0.081719 0.904490
vt 0.081744 0.909188
vt 0.073995 0.902368
vt 0.081468 0.900282
vt 0.093758 0.904864
vt 0.094769 0.910240
vt 0.092575 0.899940
vt 0.071413 0.911164
vt 0.074729 0.898720
vt 0.075377 0.895636
vt 0.081348 0.896634
vt 0.091682 0.895623
vt 0.109700 0.895758
vt 0.095055 0.915974
vt 0.081109 0.914244
vt 0.933831 0.509979
vt 0.930124 0.520836
vt 0.926949 0.511055
vt 0.937468 0.520008
vt 0.931016 0.526847
vt 0.919493 0.518630
vt 0.917531 0.508873
vt 0.919086 0.525350
vt 0.947568 0.527014
vt 0.939169 0.525649
vt 0.940360 0.530137
vt 0.931060 0.531761
vt 0.917840 0.530919
vt 0.901607 0.519121
vt 0.903889 0.511276
vt 0.904501 0.501480
vt 0.919964 0.494260
vt 0.970806 0.381562
vt 0.958167 0.331149
vt 0.972016 0.330637
vt 0.960062 0.429548
vt 0.959623 0.381578
vt 0.944193 0.333139
vt 0.951837 0.427447
vt 0.948740 0.382693
vt 0.987696 0.286951
vt 0.985696 0.332484
vt 0.981980 0.383306
vt 0.968682 0.430909
vt 0.977386 0.432513
vt 0.944712 0.427804
vt 0.939003 0.386298
vt 0.931295 0.337925
vt 0.930982 0.393559
vt 0.912700 0.359532
vt 0.921206 0.348106
vt 0.939135 0.434776
vt 0.923887 0.402544
vt 0.904447 0.369967
vt 0.934013 0.443829
vt 0.916804 0.411066
vt 0.928441 0.451264
vt 0.865012 0.464555
vt 0.830817 0.457526
vt 0.840055 0.439715
vt 0.886931 0.486321
vt 0.857553 0.477869
vt 0.822513 0.473574
vt 0.882660 0.497044
vt 0.850577 0.490298
vt 0.877948 0.506718
vt 0.898860 0.525861
vt 0.873467 0.515407
vt 0.844482 0.501563
vt 0.815433 0.487650
vt 0.067154 0.737931
vt 0.047866 0.777753
vt 0.052919 0.730939
vt 0.058034 0.782993
vt 0.045685 0.820404
vt 0.037010 0.773262
vt 0.038764 0.724883
vt 0.037469 0.818053
vt 0.078946 0.746478
vt 0.066198 0.788493
vt 0.053206 0.823206
vt 0.059458 0.825874
vt 0.029039 0.816868
vt 0.026044 0.770492
vt 0.024980 0.720919
vt 0.113850 0.729317
vt 0.125708 0.734841
vt 0.113829 0.736560
vt 0.127196 0.721333
vt 0.126206 0.729050
vt 0.138639 0.735072
vt 0.137539 0.739436
vt 0.139951 0.729362
vt 0.100574 0.748668
vt 0.114437 0.741912
vt 0.102162 0.753207
vt 0.100133 0.741403
vt 0.099801 0.727763
vt 0.114159 0.717985
vt 0.152672 0.738974
vt 0.150985 0.743793
vt 0.149218 0.747359
vt 0.136095 0.743478
vt 0.125190 0.739812
vt 0.160493 0.756886
vt 0.173663 0.766078
vt 0.170143 0.768757
vt 0.163015 0.753789
vt 0.177307 0.761723
vt 0.180504 0.782237
vt 0.175801 0.784347
vt 0.186795 0.778156
vt 0.165333 0.749307
vt 0.187430 0.801307
vt 0.178983 0.803772
vt 0.173928 0.804836
vt 0.162380 0.828705
vt 0.146882 0.852968
vt 0.144402 0.851351
vt 0.166340 0.829139
vt 0.150303 0.855359
vt 0.125507 0.871773
vt 0.124205 0.869538
vt 0.127228 0.874730
vt 0.158798 0.827473
vt 0.172436 0.829735
vt 0.106669 0.886734
vt 0.106103 0.883781
vt 0.105760 0.881299
vt 0.122478 0.866864
vt 0.141753 0.849256
vt 0.073162 0.884873
vt 0.068993 0.882306
vt 0.070792 0.880473
vt 0.071354 0.886961
vt 0.067235 0.884063
vt 0.066468 0.872559
vt 0.068469 0.871261
vt 0.064288 0.873822
vt 0.075640 0.886744
vt 0.075847 0.882214
vt 0.074017 0.889078
vt 0.069825 0.888885
vt 0.072701 0.891247
vt 0.061358 0.874985
vt 0.062276 0.855657
vt 0.064990 0.855448
vt 0.067283 0.855066
vt 0.071262 0.869934
vt 0.070259 0.854655
vt 0.073520 0.878412
vt 0.091726 0.889254
vt 0.083477 0.888338
vt 0.092213 0.886705
vt 0.091435 0.892060
vt 0.082420 0.890924
vt 0.078550 0.888039
vt 0.081663 0.893533
vt 0.077193 0.890600
vt 0.076189 0.892979
vt 0.067129 0.829431
vt 0.076521 0.800686
vt 0.069540 0.830346
vt 0.064026 0.827974
vt 0.074362 0.797958
vt 0.087484 0.771649
vt 0.071377 0.793742
vt 0.086063 0.766568
vt 0.072581 0.831047
vt 0.084112 0.757791
vt 0.089826 0.774851
vt 0.079350 0.802609
vt 0.115959 0.796128
vt 0.102715 0.815469
vt 0.111131 0.792694
vt 0.106362 0.818958
vt 0.094743 0.837671
vt 0.099688 0.812546
vt 0.107019 0.791308
vt 0.092921 0.833589
vt 0.123810 0.776777
vt 0.121420 0.800961
vt 0.110575 0.822796
vt 0.097142 0.840968
vt 0.100072 0.843680
vt 0.089944 0.858051
vt 0.088486 0.855122
vt 0.087613 0.850019
vt 0.087308 0.844202
vt 0.090773 0.830467
vt 0.096815 0.810182
vt 0.103731 0.790093
vt 0.109045 0.776877
vt 0.112910 0.774035
vt 0.117962 0.773618
vt 0.135725 0.816965
vt 0.119559 0.830395
vt 0.132260 0.811607
vt 0.111008 0.849038
vt 0.123456 0.833594
vt 0.115128 0.826711
vt 0.127209 0.806192
vt 0.103327 0.846195
vt 0.145939 0.809493
vt 0.138668 0.820965
vt 0.114385 0.850290
vt 0.126813 0.836343
vt 0.105634 0.858903
vt 0.106981 0.848094
vt 0.117625 0.858668
vt 0.138177 0.846145
vt 0.120005 0.863172
vt 0.116057 0.853899
vt 0.134125 0.842573
vt 0.148776 0.823386
vt 0.154193 0.825332
vt 0.143213 0.822379
vt 0.130246 0.839215
vt 0.133898 0.748549
vt 0.123417 0.752213
vt 0.124459 0.745597
vt 0.131443 0.754899
vt 0.121646 0.760695
vt 0.115757 0.747866
vt 0.116460 0.754420
vt 0.128525 0.763537
vt 0.115706 0.762370
vt 0.109109 0.770192
vt 0.107864 0.763286
vt 0.105157 0.757761
vt 0.097740 0.781620
vt 0.083563 0.804406
vt 0.093630 0.777884
vt 0.101018 0.786257
vt 0.088480 0.806250
vt 0.081983 0.831614
vt 0.076921 0.831671
vt 0.086938 0.830593
vt 0.093106 0.808151
vt 0.083785 0.848688
vt 0.079188 0.852414
vt 0.074438 0.854123
vt 0.075190 0.868341
vt 0.080839 0.871895
vt 0.077257 0.875779
vt 0.079417 0.865374
vt 0.084202 0.865780
vt 0.082186 0.874496
vt 0.079173 0.878773
vt 0.085340 0.868429
vt 0.083481 0.859870
vt 0.740693 0.468147
vt 0.876540 0.050958
s 1
f 1342/442/387 1344/443/388 1341/444/389
f 1343/445/390 1345/446/391 1342/442/387
f 1345/446/391 1347/447/392 1344/443/388
f 1345/446/391 1349/448/393 1348/449/394
f 597/450/395 603/451/396 410/452/397
f 598/453/398 1341/444/389 597/450/395
f 599/454/399 1342/442/387 598/453/398
f 599/454/399 606/455/400 1343/445/390
f 1343/445/390 607/456/401 1346/457/402
f 1346/457/402 608/458/403 1349/448/393
f 1349/448/393 414/459/404 614/460/405
f 1348/449/394 614/460/405 613/461/406
f 1348/449/394 612/462/407 1347/447/392
f 1347/447/392 413/463/408 605/464/409
f 1344/443/388 605/464/409 604/465/410
f 1341/444/389 604/465/410 603/451/396
f 1350/466/411 1354/467/412 1353/468/413
f 1351/469/414 1355/470/415 1354/467/412
f 1353/468/413 1357/471/416 1356/472/417
f 1354/467/412 1358/473/418 1357/471/416
f 411/474/419 1350/466/411 606/455/400
f 600/475/420 1351/469/414 1350/466/411
f 601/476/421 1352/477/422 1351/469/414
f 602/478/423 609/479/424 1352/477/422
f 1352/477/422 610/480/425 1355/470/415
f 1355/470/415 611/481/426 1358/473/418
f 1358/473/418 415/482/427 617/483/428
f 1357/471/416 617/483/428 616/484/429
f 1356/472/417 616/484/429 615/485/430
f 608/458/403 615/485/430 414/459/404
f 607/456/401 1356/472/417 608/458/403
f 606/455/400 1353/468/413 607/456/401
f 1359/486/431 1363/487/432 1362/488/433
f 1360/489/434 1364/490/435 1363/487/432
f 1362/488/433 1366/491/436 1365/492/437
f 1363/487/432 1367/493/438 1366/491/436
f 412/494/439 1359/486/431 609/479/424
f 620/495/440 1360/489/434 1359/486/431
f 619/496/441 1361/497/442 1360/489/434
f 618/498/443 531/499/444 1361/497/442
f 1361/497/442 532/500/445 1364/490/435
f 1364/490/435 533/501/446 1367/493/438
f 1367/493/438 394/502/447 621/503/448
f 1366/491/436 621/503/448 622/504/449
f 1365/492/437 622/504/449 623/505/450
f 611/481/426 623/505/450 415/482/427
f 610/480/425 1365/492/437 611/481/426
f 609/479/424 1362/488/433 610/480/425
f 1368/506/451 1372/507/452 1371/508/453
f 1369/509/454 1373/510/455 1372/507/452
f 1371/508/453 1375/511/456 1374/512/457
f 1372/507/452 1376/513/458 1375/511/456
f 415/482/427 1368/506/451 626/514/459
f 623/505/450 1369/509/454 1368/506/451
f 622/504/449 1370/515/460 1369/509/454
f 621/503/448 534/516/461 1370/515/460
f 1370/515/460 535/517/462 1373/510/455
f 1373/510/455 536/518/463 1376/513/458
f 1376/513/458 390/519/464 537/520/465
f 1375/511/456 537/520/465 538/521/466
f 1374/512/457 538/521/466 539/522/467
f 624/523/468 539/522/467 395/524/469
f 625/525/470 1374/512/457 624/523/468
f 626/514/459 1371/508/453 625/525/470
f 1377/526/471 1381/527/472 1380/528/473
f 1378/529/474 1382/530/475 1381/527/472
f 1380/528/473 1384/531/476 1383/532/477
f 1381/527/472 1385/533/478 1384/531/476
f 414/459/404 1377/526/471 629/534/479
f 615/485/430 1378/529/474 1377/526/471
f 616/484/429 1379/535/480 1378/529/474
f 617/483/428 626/514/459 1379/535/480
f 1379/535/480 625/525/470 1382/530/475
f 1382/530/475 624/523/468 1385/533/478
f 1385/533/478 395/524/469 540/536/481
f 1384/531/476 540/536/481 541/537/482
f 1383/532/477 541/537/482 542/538/483
f 627/539/484 542/538/483 396/540/485
f 628/541/486 1383/532/477 627/539/484
f 629/534/479 1380/528/473 628/541/486
f 1387/542/487 1389/543/488 1386/544/489
f 1387/542/487 1391/545/490 1390/546/491
f 1390/546/491 1392/547/492 1389/543/488
f 1390/546/491 1394/548/493 1393/549/494
f 612/462/407 632/550/495 413/463/408
f 613/461/406 1386/544/489 612/462/407
f 613/461/406 1388/551/496 1387/542/487
f 614/460/405 629/534/479 1388/551/496
f 1388/551/496 628/541/486 1391/545/490
f 1391/545/490 627/539/484 1394/548/493
f 1394/548/493 396/540/485 543/552/497
f 1393/549/494 543/552/497 544/553/498
f 1392/547/492 544/553/498 545/554/499
f 1392/547/492 397/555/500 630/556/501
f 1389/543/488 630/556/501 631/557/502
f 1386/544/489 631/557/502 632/550/495
f 1396/558/503 1398/559/504 1395/560/505
f 1397/561/506 1399/562/507 1396/558/503
f 1399/562/507 1401/563/508 1398/559/504
f 1400/564/509 1402/565/510 1399/562/507
f 391/566/511 1395/560/505 527/567/512
f 634/568/513 1395/560/505 633/569/514
f 635/570/515 1396/558/503 634/568/513
f 413/463/408 1397/561/506 635/570/515
f 632/550/495 1400/564/509 1397/561/506
f 631/557/502 1403/571/516 1400/564/509
f 630/556/501 546/572/517 1403/571/516
f 1403/571/516 547/573/518 1402/565/510
f 1402/565/510 548/574/519 1401/563/508
f 1401/563/508 389/575/520 525/576/521
f 526/577/522 1401/563/508 525/576/521
f 527/567/512 1398/559/504 526/577/522
f 1404/578/523 1408/579/524 1407/580/525
f 1406/581/526 1408/579/524 1405/582/527
f 1407/580/525 1411/583/528 1410/584/529
f 1409/585/530 1411/583/528 1408/579/524
f 392/586/531 1404/578/523 530/587/532
f 636/588/533 1405/582/527 1404/578/523
f 638/589/534 1405/582/527 637/590/535
f 410/452/397 1406/581/526 638/589/534
f 603/451/396 1409/585/530 1406/581/526
f 604/465/410 1412/591/536 1409/585/530
f 605/464/409 635/570/515 1412/591/536
f 1412/591/536 634/568/513 1411/583/528
f 1410/584/529 634/568/513 633/569/514
f 528/592/537 633/569/514 391/566/511
f 529/593/538 1410/584/529 528/592/537
f 530/587/532 1407/580/525 529/593/538
f 1413/594/539 1417/595/540 1416/596/541
f 1414/597/542 1418/598/543 1417/595/540
f 1416/596/541 1420/599/544 1419/600/545
f 1417/595/540 1421/601/546 1420/599/544
f 416/602/547 1413/594/539 645/603/548
f 639/604/549 1414/597/542 1413/594/539
f 640/605/550 1415/606/551 1414/597/542
f 641/607/552 648/608/553 1415/606/551
f 1415/606/551 649/609/554 1418/598/543
f 1418/598/543 650/610/555 1421/601/546
f 1421/601/546 420/611/556 656/612/557
f 1420/599/544 656/612/557 655/613/558
f 1419/600/545 655/613/558 654/614/559
f 647/615/560 654/614/559 419/616/561
f 646/617/562 1419/600/545 647/615/560
f 645/603/548 1416/596/541 646/617/562
f 1422/618/563 1426/619/564 1425/620/565
f 1423/621/566 1427/622/567 1426/619/564
f 1425/620/565 1429/623/568 1428/624/569
f 1426/619/564 1430/625/570 1429/623/568
f 417/626/571 1422/618/563 648/608/553
f 642/627/572 1423/621/566 1422/618/563
f 643/628/573 1424/629/574 1423/621/566
f 418/630/575 1424/629/574 644/631/576
f 1424/629/574 652/632/577 1427/622/567
f 1427/622/567 653/633/578 1430/625/570
f 653/633/578 659/634/579 1430/625/570
f 1430/625/570 658/635/580 1429/623/568
f 1429/623/568 657/636/581 1428/624/569
f 650/610/555 657/636/581 420/611/556
f 649/609/554 1428/624/569 650/610/555
f 648/608/553 1425/620/565 649/609/554
f 1431/637/582 1435/638/583 1434/639/584
f 1432/640/585 1436/641/586 1435/638/583
f 1434/639/584 1438/642/587 1437/643/588
f 1435/638/583 1439/644/589 1438/642/587
f 419/645/561 1431/637/582 660/646/590
f 654/647/559 1432/640/585 1431/637/582
f 655/648/558 1433/649/591 1432/640/585
f 420/650/556 1433/649/591 656/651/557
f 663/652/592 1436/641/586 1433/649/591
f 664/653/593 1439/644/589 1436/641/586
f 665/654/594 671/655/595 1439/644/589
f 1438/642/587 671/655/595 670/656/596
f 1437/643/588 670/656/596 669/657/597
f 662/658/598 669/657/597 422/659/599
f 661/660/600 1437/643/588 662/658/598
f 660/646/590 1434/639/584 661/660/600
f 1441/661/601 1443/662/602 1440/663/603
f 1442/664/604 1444/665/605 1441/661/601
f 1444/665/605 1446/666/606 1443/662/602
f 1445/667/607 1447/668/608 1444/665/605
f 657/669/581 663/652/592 420/650/556
f 658/670/580 1440/663/603 657/669/581
f 659/671/579 1441/661/601 658/670/580
f 421/672/609 1442/664/604 659/671/579
f 666/673/610 1445/667/607 1442/664/604
f 667/674/611 1448/675/612 1445/667/607
f 668/676/613 674/677/614 1448/675/612
f 1448/675/612 673/678/615 1447/668/608
f 1447/668/608 672/679/616 1446/666/606
f 1446/666/606 423/680/617 665/654/594
f 1443/662/602 665/654/594 664/653/593
f 1440/663/603 664/653/593 663/652/592
f 1450/681/618 1452/682/619 1449/683/620
f 1451/684/621 1453/685/622 1450/681/618
f 1453/685/622 1455/686/623 1452/682/619
f 1454/687/624 1456/688/625 1453/685/622
f 389/575/520 1449/683/620 560/689/626
f 547/573/518 1449/683/620 548/574/519
f 546/572/517 1450/681/618 547/573/518
f 397/555/500 1451/684/621 546/572/517
f 675/690/627 1454/687/624 1451/684/621
f 676/691/628 1457/692/629 1454/687/624
f 677/693/630 710/694/631 1457/692/629
f 1457/692/629 709/695/632 1456/688/625
f 1456/688/625 708/696/633 1455/686/623
f 1455/686/623 400/697/634 558/698/635
f 1452/682/619 558/698/635 559/699/636
f 1449/683/620 559/699/636 560/689/626
f 1458/700/637 1462/701/638 1461/702/639
f 1459/703/640 1463/704/641 1462/701/638
f 1461/702/639 1465/705/642 1464/706/643
f 1462/701/638 1466/707/644 1465/705/642
f 545/554/499 675/690/627 397/555/500
f 545/554/499 1459/703/640 1458/700/637
f 544/553/498 1460/708/645 1459/703/640
f 543/552/497 678/709/646 1460/708/645
f 1460/708/645 679/710/647 1463/704/641
f 1463/704/641 680/711/648 1466/707/644
f 1466/707/644 417/626/571 641/607/552
f 1465/705/642 641/607/552 640/605/550
f 1464/706/643 640/605/550 639/604/549
f 677/693/630 639/604/549 416/602/547
f 676/691/628 1464/706/643 677/693/630
f 675/690/627 1461/702/639 676/691/628
f 1467/712/649 1471/713/650 1470/714/651
f 1468/715/652 1472/716/653 1471/713/650
f 1470/714/651 1474/717/654 1473/718/655
f 1472/716/653 1474/717/654 1471/713/650
f 396/540/485 1467/712/649 678/709/646
f 542/538/483 1468/715/652 1467/712/649
f 541/537/482 1469/719/656 1468/715/652
f 540/536/481 681/720/657 1469/719/656
f 1469/719/656 682/721/658 1472/716/653
f 682/721/658 1475/722/659 1472/716/653
f 683/723/660 644/631/576 1475/722/659
f 1475/722/659 643/628/573 1474/717/654
f 1473/718/655 643/628/573 642/627/572
f 680/711/648 642/627/572 417/626/571
f 679/710/647 1473/718/655 680/711/648
f 678/709/646 1470/714/651 679/710/647
f 1476/724/661 1480/725/662 1479/726/663
f 1477/727/664 1481/728/665 1480/725/662
f 1480/725/662 1482/729/666 1479/726/663
f 1481/728/665 1483/730/667 1480/725/662
f 395/524/469 1476/724/661 681/720/657
f 539/522/467 1477/727/664 1476/724/661
f 538/521/466 1478/731/668 1477/727/664
f 537/520/465 561/732/669 1478/731/668
f 1478/731/668 562/733/670 1481/728/665
f 562/733/670 1484/734/671 1481/728/665
f 563/735/672 684/736/673 1484/734/671
f 1484/734/671 685/737/674 1483/730/667
f 1483/730/667 686/738/675 1482/729/666
f 1482/729/666 418/630/575 683/723/660
f 1479/726/663 683/723/660 682/721/658
f 681/720/657 1479/726/663 682/721/658
f 1486/739/676 1488/740/677 1485/741/678
f 1487/742/679 1489/743/680 1486/739/676
f 1489/743/680 1491/744/681 1488/740/677
f 1490/745/682 1492/746/683 1489/743/680
f 897/747/684 950/748/685 445/749/686
f 898/750/687 1485/741/678 897/747/684
f 899/751/688 1486/739/676 898/750/687
f 451/752/689 1487/742/679 899/751/688
f 945/753/690 1490/745/682 1487/742/679
f 946/754/691 1493/755/692 1490/745/682
f 947/756/693 938/757/694 1493/755/692
f 1493/755/692 937/758/695 1492/746/683
f 1492/746/683 936/759/696 1491/744/681
f 1491/744/681 459/760/697 948/761/698
f 1488/740/677 948/761/698 949/762/699
f 1485/741/678 949/762/699 950/748/685
f 1494/763/700 1498/764/701 1497/765/702
f 1495/766/703 1499/767/704 1498/764/701
f 1497/765/702 1501/768/705 1500/769/706
f 1498/764/701 1502/770/707 1501/768/705
f 441/771/708 1494/763/700 944/772/709
f 890/773/710 1495/766/703 1494/763/700
f 889/774/711 1496/775/712 1495/766/703
f 888/776/713 873/777/714 1496/775/712
f 1496/775/712 874/778/715 1499/767/704
f 1499/767/704 875/779/716 1502/770/707
f 1502/770/707 458/780/717 927/781/718
f 1501/768/705 927/781/718 928/782/719
f 1500/769/706 928/782/719 929/783/720
f 942/784/721 929/783/720 461/785/722
f 943/786/723 1500/769/706 942/784/721
f 944/772/709 1497/765/702 943/786/723
f 1503/787/724 1507/788/725 1506/789/726
f 1504/790/727 1508/791/728 1507/788/725
f 1506/789/726 1510/792/729 1509/793/730
f 1507/788/725 1511/794/731 1510/792/729
f 453/795/732 1503/787/724 695/796/733
f 692/797/734 1504/790/727 1503/787/724
f 691/798/735 1505/799/736 1504/790/727
f 690/800/737 570/801/738 1505/799/736
f 1505/799/736 571/802/739 1508/791/728
f 1508/791/728 572/803/740 1511/794/731
f 1511/794/731 388/804/741 573/805/742
f 1510/792/729 573/805/742 574/806/743
f 1509/793/730 574/806/743 575/807/744
f 693/808/745 575/807/744 403/809/746
f 694/810/747 1509/793/730 693/808/745
f 695/796/733 1506/789/726 694/810/747
f 1512/811/748 1516/812/749 1515/813/750
f 1513/814/751 1517/815/752 1516/812/749
f 1515/813/750 1519/816/753 1518/817/754
f 1516/812/749 1520/818/755 1519/816/753
f 672/679/616 698/819/756 423/680/617
f 673/678/615 1512/811/748 672/679/616
f 673/678/615 1514/820/757 1513/814/751
f 674/677/614 695/796/733 1514/820/757
f 1514/820/757 694/810/747 1517/815/752
f 1517/815/752 693/808/745 1520/818/755
f 1520/818/755 403/809/746 576/821/758
f 1519/816/753 576/821/758 577/822/759
f 1518/817/754 577/822/759 578/823/760
f 696/824/761 578/823/760 404/825/762
f 697/826/763 1518/817/754 696/824/761
f 698/819/756 1515/813/750 697/826/763
f 1521/827/764 1525/828/765 1524/829/766
f 1522/830/767 1526/831/768 1525/828/765
f 1524/829/766 1528/832/769 1527/833/770
f 1525/828/765 1529/834/771 1528/832/769
f 422/659/599 1521/827/764 701/835/772
f 669/657/597 1522/830/767 1521/827/764
f 670/656/596 1523/836/773 1522/830/767
f 423/680/617 1523/836/773 671/655/595
f 1523/836/773 697/826/763 1526/831/768
f 1526/831/768 696/824/761 1529/834/771
f 1529/834/771 404/825/762 579/837/774
f 1528/832/769 579/837/774 580/838/775
f 1527/833/770 580/838/775 581/839/776
f 699/840/777 581/839/776 405/841/778
f 700/842/779 1527/833/770 699/840/777
f 701/835/772 1524/829/766 700/842/779
f 1530/843/780 1534/844/781 1533/845/782
f 1531/846/783 1535/847/784 1534/844/781
f 1533/845/782 1537/848/785 1536/849/786
f 1534/844/781 1538/850/787 1537/848/785
f 398/851/788 1530/843/780 551/852/789
f 702/853/790 1531/846/783 1530/843/780
f 703/854/791 1532/855/792 1531/846/783
f 704/856/793 701/835/772 1532/855/792
f 1532/855/792 700/842/779 1535/847/784
f 1535/847/784 699/840/777 1538/850/787
f 1538/850/787 405/841/778 582/857/794
f 1537/848/785 582/857/794 583/858/795
f 1536/849/786 583/858/795 584/859/796
f 549/860/797 584/859/796 387/861/798
f 550/862/799 1536/849/786 549/860/797
f 551/852/789 1533/845/782 550/862/799
f 1539/863/800 1543/864/801 1542/865/802
f 1540/866/803 1544/867/804 1543/864/801
f 1542/865/802 1546/868/805 1545/869/806
f 1543/864/801 1547/870/807 1546/868/805
f 399/871/808 1539/863/800 554/872/809
f 705/873/810 1540/866/803 1539/863/800
f 706/874/811 1541/875/812 1540/866/803
f 707/876/813 660/646/590 1541/875/812
f 1541/875/812 661/660/600 1544/867/804
f 1544/867/804 662/658/598 1547/870/807
f 1547/870/807 422/659/599 704/856/793
f 1546/868/805 704/856/793 703/854/791
f 1545/869/806 703/854/791 702/853/790
f 552/877/814 702/853/790 398/851/788
f 553/878/815 1545/869/806 552/877/814
f 554/872/809 1542/865/802 553/878/815
f 1549/879/816 1551/880/817 1548/881/818
f 1550/882/819 1552/883/820 1549/879/816
f 1552/883/820 1554/884/821 1551/880/817
f 1552/883/820 1556/885/822 1555/886/823
f 708/696/633 557/887/824 400/697/634
f 709/695/632 1548/881/818 708/696/633
f 710/694/631 1549/879/816 709/695/632
f 710/694/631 645/603/548 1550/882/819
f 1550/882/819 646/617/562 1553/888/825
f 1553/888/825 647/615/560 1556/885/822
f 1556/885/822 419/616/561 707/889/813
f 1555/886/823 707/889/813 706/890/811
f 1554/884/821 706/890/811 705/891/810
f 555/892/826 705/891/810 399/893/808
f 1551/880/817 555/892/826 556/894/827
f 1548/881/818 556/894/827 557/887/824
f 1557/895/828 1561/896/829 1560/897/830
f 1558/898/831 1562/899/832 1561/896/829
f 1560/897/830 1564/900/833 1563/901/834
f 1561/896/829 1565/902/835 1564/900/833
f 425/903/836 1557/895/828 717/904/837
f 711/905/838 1558/898/831 1557/895/828
f 712/906/839 1559/907/840 1558/898/831
f 713/908/841 720/909/842 1559/907/840
f 1559/907/840 721/910/843 1562/899/832
f 1562/899/832 722/911/844 1565/902/835
f 1565/902/835 429/912/845 728/913/846
f 1564/900/833 728/913/846 727/914/847
f 1563/901/834 727/914/847 726/915/848
f 719/916/849 726/915/848 428/917/850
f 718/918/851 1563/901/834 719/916/849
f 717/904/837 1560/897/830 718/918/851
f 1567/919/852 1569/920/853 1566/921/854
f 1568/922/855 1570/923/856 1567/919/852
f 1570/923/856 1572/924/857 1569/920/853
f 1571/925/858 1573/926/859 1570/923/856
f 714/927/860 720/909/842 426/928/861
f 715/929/862 1566/921/854 714/927/860
f 716/930/863 1567/919/852 715/929/862
f 427/931/864 1568/922/855 716/930/863
f 723/932/865 1571/925/858 1568/922/855
f 724/933/866 1574/934/867 1571/925/858
f 725/935/868 731/936/869 1574/934/867
f 1574/934/867 730/937/870 1573/926/859
f 1573/926/859 729/938/871 1572/924/857
f 1572/924/857 429/912/845 722/911/844
f 1569/920/853 722/911/844 721/910/843
f 1566/921/854 721/910/843 720/909/842
f 1575/939/872 1579/940/873 1578/941/874
f 1576/942/875 1580/943/876 1579/940/873
f 1578/941/874 1582/944/877 1581/945/878
f 1579/940/873 1583/946/879 1582/944/877
f 387/861/798 1575/939/872 590/947/880
f 584/859/796 1576/942/875 1575/939/872
f 583/858/795 1577/948/881 1576/942/875
f 582/857/794 732/949/882 1577/948/881
f 1577/948/881 733/950/883 1580/943/876
f 1580/943/876 734/951/884 1583/946/879
f 1583/946/879 425/903/836 752/952/885
f 1582/944/877 752/952/885 751/953/886
f 1581/945/878 751/953/886 750/954/887
f 1581/945/878 407/955/888 588/956/889
f 1578/941/874 588/956/889 589/957/890
f 590/947/880 1578/941/874 589/957/890
f 1584/958/891 1588/959/892 1587/960/893
f 1585/961/894 1589/962/895 1588/959/892
f 1587/960/893 1591/963/896 1590/964/897
f 1588/959/892 1592/965/898 1591/963/896
f 405/841/778 1584/958/891 732/949/882
f 581/839/776 1585/961/894 1584/958/891
f 580/838/775 1586/966/899 1585/961/894
f 579/837/774 735/967/900 1586/966/899
f 1586/966/899 736/968/901 1589/962/895
f 1589/962/895 737/969/902 1592/965/898
f 1592/965/898 426/928/861 713/908/841
f 1591/963/896 713/908/841 712/906/839
f 1590/964/897 712/906/839 711/905/838
f 734/951/884 711/905/838 425/903/836
f 733/950/883 1590/964/897 734/951/884
f 732/949/882 1587/960/893 733/950/883
f 1594/970/903 1596/971/904 1593/972/905
f 1595/973/906 1597/974/907 1594/970/903
f 1597/974/907 1599/975/908 1596/971/904
f 1598/976/909 1600/977/910 1597/974/907
f 404/825/762 1593/972/905 735/967/900
f 578/823/760 1594/970/903 1593/972/905
f 577/822/759 1595/973/906 1594/970/903
f 576/821/758 738/978/911 1595/973/906
f 738/978/911 1598/976/909 1595/973/906
f 739/979/912 1601/980/913 1598/976/909
f 740/981/914 716/930/863 1601/980/913
f 1601/980/913 715/929/862 1600/977/910
f 1600/977/910 714/927/860 1599/975/908
f 1599/975/908 426/928/861 737/969/902
f 1596/971/904 737/969/902 736/968/901
f 1593/972/905 736/968/901 735/967/900
f 1603/982/915 1605/983/916 1602/984/917
f 1604/985/918 1606/986/919 1603/982/915
f 1606/986/919 1608/987/920 1605/983/916
f 1607/988/921 1609/989/922 1606/986/919
f 403/809/746 1602/984/917 738/978/911
f 575/807/744 1603/982/915 1602/984/917
f 573/805/742 1603/982/915 574/806/743
f 388/804/741 1604/985/918 573/805/742
f 591/990/923 1607/988/921 1604/985/918
f 592/991/924 1610/992/925 1607/988/921
f 593/993/926 741/994/927 1610/992/925
f 1610/992/925 742/995/928 1609/989/922
f 1609/989/922 743/996/929 1608/987/920
f 1608/987/920 427/931/864 740/981/914
f 1605/983/916 740/981/914 739/979/912
f 1602/984/917 739/979/912 738/978/911
f 1612/997/930 1614/998/931 1611/999/932
f 1613/1000/933 1615/1001/934 1612/997/930
f 1615/1001/934 1617/1002/935 1614/998/931
f 1616/1003/936 1618/1004/937 1615/1001/934
f 743/996/929 723/932/865 427/931/864
f 742/995/928 1611/999/932 743/996/929
f 741/994/927 1612/997/930 742/995/928
f 408/1005/938 1613/1000/933 741/994/927
f 594/1006/939 1616/1003/936 1613/1000/933
f 595/1007/940 1619/1008/941 1616/1003/936
f 596/1009/942 744/1010/943 1619/1008/941
f 1619/1008/941 745/1011/944 1618/1004/937
f 1618/1004/937 746/1012/945 1617/1002/935
f 1617/1002/935 430/1013/946 725/935/868
f 1614/998/931 725/935/868 724/933/866
f 1611/999/932 724/933/866 723/932/865
f 1620/1014/947 1624/1015/948 1623/1016/949
f 1621/1017/950 1625/1018/951 1624/1015/948
f 1623/1016/949 1627/1019/952 1626/1020/953
f 1624/1015/948 1628/1021/954 1627/1019/952
f 750/954/887 587/1022/955 407/955/888
f 750/954/887 1621/1017/950 1620/1014/947
f 751/953/886 1622/1023/956 1621/1017/950
f 752/952/885 717/904/837 1622/1023/956
f 1622/1023/956 718/918/851 1625/1018/951
f 1625/1018/951 719/916/849 1628/1021/954
f 1628/1021/954 428/917/850 749/1024/957
f 1627/1019/952 749/1024/957 748/1025/958
f 1626/1020/953 748/1025/958 747/1026/959
f 1626/1020/953 406/1027/960 585/1028/961
f 1623/1016/949 585/1028/961 586/1029/962
f 1620/1014/947 586/1029/962 587/1022/955
f 1630/1030/963 1632/1031/964 1629/1032/965
f 1631/1033/966 1633/1034/967 1630/1030/963
f 1633/1034/967 1635/1035/968 1632/1031/964
f 1634/1036/969 1636/1037/970 1633/1034/967
f 753/1038/971 756/1039/972 431/1040/973
f 754/1041/974 1629/1032/965 753/1038/971
f 755/1042/975 1630/1030/963 754/1041/974
f 432/1043/976 1631/1033/966 755/1042/975
f 759/1044/977 1634/1036/969 1631/1033/966
f 760/1045/978 1637/1046/979 1634/1036/969
f 761/1047/980 764/1048/981 1637/1046/979
f 1637/1046/979 763/1049/982 1636/1037/970
f 1636/1037/970 762/1050/983 1635/1035/968
f 1635/1035/968 433/1051/984 758/1052/985
f 1632/1031/964 758/1052/985 757/1053/986
f 1629/1032/965 757/1053/986 756/1039/972
f 1638/1054/987 1642/1055/988 1641/1056/989
f 1639/1057/990 1643/1058/991 1642/1055/988
f 1641/1056/989 1645/1059/992 1644/1060/993
f 1642/1055/988 1646/1061/994 1645/1059/992
f 433/1062/984 1638/1054/987 765/1063/995
f 762/1064/983 1639/1057/990 1638/1054/987
f 763/1065/982 1640/1066/996 1639/1057/990
f 764/1067/981 768/1068/997 1640/1066/996
f 1640/1066/996 769/1069/998 1643/1058/991
f 1643/1058/991 770/1070/999 1646/1061/994
f 1646/1061/994 436/1071/1000 773/1072/1001
f 1645/1059/992 773/1072/1001 772/1073/1002
f 1644/1060/993 772/1073/1002 771/1074/1003
f 767/1075/1004 771/1074/1003 435/1076/1005
f 766/1077/1006 1644/1060/993 767/1075/1004
f 765/1063/995 1641/1056/989 766/1077/1006
f 1648/1078/1007 1650/1079/1008 1647/1080/1009
f 1649/1081/1010 1651/1082/1011 1648/1078/1007
f 1651/1082/1011 1653/1083/1012 1650/1079/1008
f 1652/1084/1013 1654/1085/1014 1651/1082/1011
f 530/587/532 774/1086/1015 392/586/531
f 529/593/538 1647/1080/1009 530/587/532
f 528/592/537 1648/1078/1007 529/593/538
f 391/566/511 1649/1081/1010 528/592/537
f 777/1087/1016 1652/1084/1013 1649/1081/1010
f 778/1088/1017 1655/1089/1018 1652/1084/1013
f 779/1090/1019 755/1042/975 1655/1089/1018
f 1655/1089/1018 754/1041/974 1654/1085/1014
f 1654/1085/1014 753/1038/971 1653/1083/1012
f 1653/1083/1012 431/1040/973 776/1091/1020
f 1650/1079/1008 776/1091/1020 775/1092/1021
f 1647/1080/1009 775/1092/1021 774/1086/1015
f 1657/1093/1022 1659/1094/1023 1656/1095/1024
f 1658/1096/1025 1660/1097/1026 1657/1093/1022
f 1660/1097/1026 1662/1098/1027 1659/1094/1023
f 1661/1099/1028 1663/1100/1029 1660/1097/1026
f 527/567/512 777/1087/1016 391/566/511
f 526/577/522 1656/1095/1024 527/567/512
f 525/576/521 1657/1093/1022 526/577/522
f 389/575/520 1658/1096/1025 525/576/521
f 560/689/626 1661/1099/1028 1658/1096/1025
f 559/699/636 1664/1101/1030 1661/1099/1028
f 558/698/635 780/1102/1031 1664/1101/1030
f 1664/1101/1030 781/1103/1032 1663/1100/1029
f 1663/1100/1029 782/1104/1033 1662/1098/1027
f 1662/1098/1027 432/1043/976 779/1090/1019
f 1659/1094/1023 779/1090/1019 778/1088/1017
f 1656/1095/1024 778/1088/1017 777/1087/1016
f 1666/1105/1034 1668/1106/1035 1665/1107/1036
f 1667/1108/1037 1669/1109/1038 1666/1105/1034
f 1669/1109/1038 1671/1110/1039 1668/1106/1035
f 1670/1111/1040 1672/1112/1041 1669/1109/1038
f 782/1104/1033 759/1044/977 432/1043/976
f 781/1103/1032 1665/1107/1036 782/1104/1033
f 780/1102/1031 1666/1105/1034 781/1103/1032
f 400/697/634 1667/1108/1037 780/1102/1031
f 557/887/824 1670/1111/1040 1667/1108/1037
f 556/894/827 1673/1113/1042 1670/1111/1040
f 1673/1113/1042 399/893/808 783/1114/1043
f 1672/1112/1041 783/1114/1043 784/1115/1044
f 1672/1112/1041 785/1116/1045 1671/1110/1039
f 1671/1110/1039 434/1117/1046 761/1047/980
f 1668/1106/1035 761/1047/980 760/1045/978
f 1665/1107/1036 760/1045/978 759/1044/977
f 1674/1118/1047 1678/1119/1048 1677/1120/1049
f 1675/1121/1050 1679/1122/1051 1678/1119/1048
f 1677/1120/1049 1681/1123/1052 1680/1124/1053
f 1678/1119/1048 1682/1125/1054 1681/1123/1052
f 434/1126/1046 1674/1118/1047 768/1068/997
f 785/1127/1045 1675/1121/1050 1674/1118/1047
f 784/1128/1044 1676/1129/1055 1675/1121/1050
f 783/1130/1043 554/872/809 1676/1129/1055
f 1676/1129/1055 553/878/815 1679/1122/1051
f 1679/1122/1051 552/877/814 1682/1125/1054
f 1682/1125/1054 398/851/788 786/1131/1056
f 1681/1123/1052 786/1131/1056 787/1132/1057
f 1680/1124/1053 787/1132/1057 788/1133/1058
f 770/1070/999 788/1133/1058 436/1071/1000
f 769/1069/998 1680/1124/1053 770/1070/999
f 768/1068/997 1677/1120/1049 769/1069/998
f 1683/1134/1059 1687/1135/1060 1686/1136/1061
f 1684/1137/1062 1688/1138/1063 1687/1135/1060
f 1686/1136/1061 1690/1139/1064 1689/1140/1065
f 1687/1135/1060 1691/1141/1066 1690/1139/1064
f 436/1071/1000 1683/1134/1059 791/1142/1067
f 788/1133/1058 1684/1137/1062 1683/1134/1059
f 787/1132/1057 1685/1143/1068 1684/1137/1062
f 786/1131/1056 551/852/789 1685/1143/1068
f 1685/1143/1068 550/862/799 1688/1138/1063
f 1688/1138/1063 549/860/797 1691/1141/1066
f 1691/1141/1066 387/861/798 590/947/880
f 1690/1139/1064 590/947/880 589/957/890
f 1689/1140/1065 589/957/890 588/956/889
f 789/1144/1069 588/956/889 407/955/888
f 790/1145/1070 1689/1140/1065 789/1144/1069
f 791/1142/1067 1686/1136/1061 790/1145/1070
f 1692/1146/1071 1696/1147/1072 1695/1148/1073
f 1693/1149/1074 1697/1150/1075 1696/1147/1072
f 1695/1148/1073 1699/1151/1076 1698/1152/1077
f 1696/1147/1072 1700/1153/1078 1699/1151/1076
f 435/1076/1005 1692/1146/1071 794/1154/1079
f 771/1074/1003 1693/1149/1074 1692/1146/1071
f 772/1073/1002 1694/1155/1080 1693/1149/1074
f 773/1072/1001 791/1142/1067 1694/1155/1080
f 1694/1155/1080 790/1145/1070 1697/1150/1075
f 1697/1150/1075 789/1144/1069 1700/1153/1078
f 1700/1153/1078 407/955/888 587/1022/955
f 1699/1151/1076 587/1022/955 586/1029/962
f 1698/1152/1077 586/1029/962 585/1028/961
f 792/1156/1081 585/1028/961 406/1027/960
f 793/1157/1082 1698/1152/1077 792/1156/1081
f 794/1154/1079 1695/1148/1073 793/1157/1082
f 1702/1158/1083 1704/1159/1084 1701/1160/1085
f 1703/1161/1086 1705/1162/1087 1702/1158/1083
f 1705/1162/1087 1707/1163/1088 1704/1159/1084
f 1706/1164/1089 1708/1165/1090 1705/1162/1087
f 795/1166/1091 798/1167/1092 437/1168/1093
f 796/1169/1094 1701/1160/1085 795/1166/1091
f 797/1170/1095 1702/1158/1083 796/1169/1094
f 438/1171/1096 1703/1161/1086 797/1170/1095
f 801/1172/1097 1706/1164/1089 1703/1161/1086
f 802/1173/1098 1709/1174/1099 1706/1164/1089
f 803/1175/1100 806/1176/1101 1709/1174/1099
f 1709/1174/1099 805/1177/1102 1708/1165/1090
f 1708/1165/1090 804/1178/1103 1707/1163/1088
f 1707/1163/1088 439/1179/1104 800/1180/1105
f 1704/1159/1084 800/1180/1105 799/1181/1106
f 798/1167/1092 1704/1159/1084 799/1181/1106
f 1711/1182/1107 1713/1183/1108 1710/1184/1109
f 1711/1182/1107 1715/1185/1110 1714/1186/1111
f 1714/1186/1111 1716/1187/1112 1713/1183/1108
f 1714/1186/1111 1718/1188/1113 1717/1189/1114
f 804/1190/1103 807/1191/1115 439/1192/1104
f 805/1193/1102 1710/1184/1109 804/1190/1103
f 806/1194/1101 1711/1182/1107 805/1193/1102
f 440/1195/1116 1712/1196/1117 806/1194/1101
f 1712/1196/1117 811/1197/1118 1715/1185/1110
f 1715/1185/1110 812/1198/1119 1718/1188/1113
f 1718/1188/1113 442/1199/1120 815/1200/1121
f 1717/1189/1114 815/1200/1121 814/1201/1122
f 1716/1187/1112 814/1201/1122 813/1202/1123
f 1716/1187/1112 454/1203/1124 809/1204/1125
f 1713/1183/1108 809/1204/1125 808/1205/1126
f 1710/1184/1109 808/1205/1126 807/1191/1115
f 1720/1206/1127 1722/1207/1128 1719/1208/1129
f 1721/1209/1130 1723/1210/1131 1720/1206/1127
f 1723/1210/1131 1725/1211/1132 1722/1207/1128
f 1724/1212/1133 1726/1213/1134 1723/1210/1131
f 390/519/464 1719/1208/1129 561/732/669
f 535/517/462 1719/1208/1129 536/518/463
f 534/516/461 1720/1206/1127 535/517/462
f 394/502/447 1721/1209/1130 534/516/461
f 816/1214/1135 1724/1212/1133 1721/1209/1130
f 817/1215/1136 1727/1216/1137 1724/1212/1133
f 818/1217/1138 836/1218/1139 1727/1216/1137
f 1727/1216/1137 835/1219/1140 1726/1213/1134
f 1726/1213/1134 834/1220/1141 1725/1211/1132
f 1725/1211/1132 401/1221/1142 563/735/672
f 1722/1207/1128 563/735/672 562/733/670
f 1719/1208/1129 562/733/670 561/732/669
f 1729/1222/1143 1731/1223/1144 1728/1224/1145
f 1730/1225/1146 1732/1226/1147 1729/1222/1143
f 1732/1226/1147 1734/1227/1148 1731/1223/1144
f 1733/1228/1149 1735/1229/1150 1732/1226/1147
f 533/501/446 816/1214/1135 394/502/447
f 532/500/445 1728/1224/1145 533/501/446
f 531/499/444 1729/1222/1143 532/500/445
f 393/1230/1151 1730/1225/1146 531/499/444
f 819/1231/1152 1733/1228/1149 1730/1225/1146
f 820/1232/1153 1736/1233/1154 1733/1228/1149
f 821/1234/1155 797/1170/1095 1736/1233/1154
f 1736/1233/1154 796/1169/1094 1735/1229/1150
f 1735/1229/1150 795/1166/1091 1734/1227/1148
f 818/1217/1138 795/1166/1091 437/1168/1093
f 1731/1223/1144 818/1217/1138 817/1215/1136
f 1728/1224/1145 817/1215/1136 816/1214/1135
f 1737/1235/1156 1741/1236/1157 1740/1237/1158
f 1738/1238/1159 1742/1239/1160 1741/1236/1157
f 1740/1237/1158 1744/1240/1161 1743/1241/1162
f 1741/1236/1157 1745/1242/1163 1744/1240/1161
f 813/1202/1123 827/1243/1164 454/1203/1124
f 813/1202/1123 1738/1238/1159 1737/1235/1156
f 814/1201/1122 1739/1244/1165 1738/1238/1159
f 815/1200/1121 824/1245/1166 1739/1244/1165
f 1739/1244/1165 823/1246/1167 1742/1239/1160
f 1742/1239/1160 822/1247/1168 1745/1242/1163
f 1745/1242/1163 409/1248/1169 596/1009/942
f 1744/1240/1161 596/1009/942 595/1007/940
f 1743/1241/1162 595/1007/940 594/1006/939
f 825/1249/1170 594/1006/939 408/1005/938
f 826/1250/1171 1743/1241/1162 825/1249/1170
f 827/1243/1164 1740/1237/1158 826/1250/1171
f 1746/1251/1172 1750/1252/1173 1749/1253/1174
f 1747/1254/1175 1751/1255/1176 1750/1252/1173
f 1749/1253/1174 1753/1256/1177 1752/1257/1178
f 1750/1252/1173 1754/1258/1179 1753/1256/1177
f 452/1259/1180 1746/1251/1172 570/801/738
f 828/1260/1181 1747/1254/1175 1746/1251/1172
f 829/1261/1182 1748/1262/1183 1747/1254/1175
f 830/1263/1184 827/1243/1164 1748/1262/1183
f 1748/1262/1183 826/1250/1171 1751/1255/1176
f 1751/1255/1176 825/1249/1170 1754/1258/1179
f 1754/1258/1179 408/1005/938 593/993/926
f 1753/1256/1177 593/993/926 592/991/924
f 1752/1257/1178 592/991/924 591/990/923
f 572/803/740 591/990/923 388/804/741
f 571/802/739 1752/1257/1178 572/803/740
f 570/801/738 1749/1253/1174 571/802/739
f 1756/1264/1185 1758/1265/1186 1755/1266/1187
f 1757/1267/1188 1759/1268/1189 1756/1264/1185
f 1759/1268/1189 1761/1269/1190 1758/1265/1186
f 1760/1270/1191 1762/1271/1192 1759/1268/1189
f 834/1220/1141 566/1272/1193 401/1221/1142
f 835/1219/1140 1755/1266/1187 834/1220/1141
f 836/1218/1139 1756/1264/1185 835/1219/1140
f 437/1168/1093 1757/1267/1188 836/1218/1139
f 567/1273/1194 1760/1270/1191 1757/1267/1188
f 568/1274/1195 1763/1275/1196 1760/1270/1191
f 1763/1275/1196 449/1276/1197 872/1277/1198
f 1762/1271/1192 872/1277/1198 871/1278/1199
f 1762/1271/1192 870/1279/1200 1761/1269/1190
f 1761/1269/1190 443/1280/1201 564/1281/1202
f 1758/1265/1186 564/1281/1202 565/1282/1203
f 1755/1266/1187 565/1282/1203 566/1272/1193
f 1764/1283/1204 1768/1284/1205 1767/1285/1206
f 1765/1286/1207 1769/1287/1208 1768/1284/1205
f 1767/1285/1206 1771/1288/1209 1770/1289/1210
f 1768/1284/1205 1772/1290/1211 1771/1288/1209
f 439/1192/1104 1764/1283/1204 689/1291/1212
f 807/1191/1115 1765/1286/1207 1764/1283/1204
f 808/1205/1126 1766/1292/1213 1765/1286/1207
f 809/1204/1125 831/1293/1214 1766/1292/1213
f 1766/1292/1213 832/1294/1215 1769/1287/1208
f 1769/1287/1208 833/1295/1216 1772/1290/1211
f 1772/1290/1211 455/1296/1217 863/1297/1218
f 1772/1290/1211 862/1298/1219 1771/1288/1209
f 1771/1288/1209 861/1299/1220 1770/1289/1210
f 1770/1289/1210 450/1300/1221 687/1301/1222
f 688/1302/1223 1770/1289/1210 687/1301/1222
f 689/1291/1212 1767/1285/1206 688/1302/1223
f 1774/1303/1224 1776/1304/1225 1773/1305/1226
f 1775/1306/1227 1777/1307/1228 1774/1303/1224
f 1777/1307/1228 1779/1308/1229 1776/1304/1225
f 1778/1309/1230 1780/1310/1231 1777/1307/1228
f 851/1311/1232 843/1312/1233 446/1313/1234
f 850/1314/1235 1773/1305/1226 851/1311/1232
f 849/1315/1236 1774/1303/1224 850/1314/1235
f 443/1280/1201 1775/1306/1227 849/1315/1236
f 837/1316/1237 1778/1309/1230 1775/1306/1227
f 838/1317/1238 1781/1318/1239 1778/1309/1230
f 839/1319/1240 852/1320/1241 1781/1318/1239
f 1781/1318/1239 853/1321/1242 1780/1310/1231
f 1780/1310/1231 854/1322/1243 1779/1308/1229
f 1779/1308/1229 447/1323/1244 845/1324/1245
f 1776/1304/1225 845/1324/1245 844/1325/1246
f 1773/1305/1226 844/1325/1246 843/1312/1233
f 1783/1326/1247 1785/1327/1248 1782/1328/1249
f 1784/1329/1250 1786/1330/1251 1783/1326/1247
f 1786/1330/1251 1788/1331/1252 1785/1327/1248
f 1786/1330/1251 1790/1332/1253 1789/1333/1254
f 854/1334/1243 846/1335/1255 447/1336/1244
f 853/1337/1242 1782/1328/1249 854/1334/1243
f 852/1338/1241 1783/1326/1247 853/1337/1242
f 852/1338/1241 840/1339/1256 1784/1329/1250
f 1784/1329/1250 841/1340/1257 1787/1341/1258
f 1787/1341/1258 842/1342/1259 1790/1332/1253
f 1790/1332/1253 456/1343/1260 855/1344/1261
f 1789/1333/1254 855/1344/1261 856/1345/1262
f 1788/1331/1252 856/1345/1262 857/1346/1263
f 1788/1331/1252 457/1347/1264 848/1348/1265
f 1785/1327/1248 848/1348/1265 847/1349/1266
f 1782/1328/1249 847/1349/1266 846/1335/1255
f 1791/1350/1267 1795/1351/1268 1794/1352/1269
f 1792/1353/1270 1796/1354/1271 1795/1351/1268
f 1794/1352/1269 1798/1355/1272 1797/1356/1273
f 1795/1351/1268 1799/1357/1274 1798/1355/1272
f 444/1358/1275 1791/1350/1267 840/1339/1256
f 867/1359/1276 1792/1353/1270 1791/1350/1267
f 868/1360/1277 1793/1361/1278 1792/1353/1270
f 869/1362/1279 861/1299/1220 1793/1361/1278
f 1793/1361/1278 862/1298/1219 1796/1354/1271
f 1796/1354/1271 863/1297/1218 1799/1357/1274
f 1799/1357/1274 455/1296/1217 866/1363/1280
f 1798/1355/1272 866/1363/1280 865/1364/1281
f 1797/1356/1273 865/1364/1281 864/1365/1282
f 842/1342/1259 864/1365/1282 456/1343/1260
f 841/1340/1257 1797/1356/1273 842/1342/1259
f 840/1339/1256 1794/1352/1269 841/1340/1257
f 1800/1366/1283 1804/1367/1284 1803/1368/1285
f 1801/1369/1286 1805/1370/1287 1804/1367/1284
f 1803/1368/1285 1807/1371/1288 1806/1372/1289
f 1804/1367/1284 1808/1373/1290 1807/1371/1288
f 870/1279/1200 837/1316/1237 443/1280/1201
f 870/1279/1200 1801/1369/1286 1800/1366/1283
f 871/1278/1199 1802/1374/1291 1801/1369/1286
f 872/1277/1198 858/1375/1292 1802/1374/1291
f 1802/1374/1291 859/1376/1293 1805/1370/1287
f 1805/1370/1287 860/1377/1294 1808/1373/1290
f 860/1377/1294 869/1378/1279 1808/1373/1290
f 1808/1373/1290 868/1379/1277 1807/1371/1288
f 1807/1371/1288 867/1380/1276 1806/1372/1289
f 1806/1372/1289 444/1381/1275 839/1319/1240
f 1803/1368/1285 839/1319/1240 838/1317/1238
f 1800/1366/1283 838/1317/1238 837/1316/1237
f 1810/1382/1295 1812/1383/1296 1809/1384/1297
f 1811/1385/1298 1813/1386/1299 1810/1382/1295
f 1812/1383/1296 1816/1387/1300 1815/1388/1301
f 1813/1386/1299 1817/1389/1302 1816/1387/1300
f 421/1390/609 1809/1384/1297 884/1391/1303
f 652/632/577 1809/1384/1297 653/633/578
f 651/1392/1304 1810/1382/1295 652/632/577
f 418/630/575 1811/1385/1298 651/1392/1304
f 879/1393/1305 1814/1394/1306 1811/1385/1298
f 880/1395/1307 1817/1389/1302 1814/1394/1306
f 1817/1389/1302 446/1313/1234 843/1312/1233
f 1816/1387/1300 843/1312/1233 844/1325/1246
f 1815/1388/1301 844/1325/1246 845/1324/1245
f 882/1396/1308 845/1324/1245 447/1323/1244
f 883/1397/1309 1815/1388/1301 882/1396/1308
f 884/1391/1303 1812/1383/1296 883/1397/1309
f 1819/1398/1310 1821/1399/1311 1818/1400/1312
f 1820/1401/1313 1822/1402/1314 1819/1398/1310
f 1822/1402/1314 1824/1403/1315 1821/1399/1311
f 1823/1404/1316 1825/1405/1317 1822/1402/1314
f 686/738/675 879/1393/1305 418/630/575
f 685/737/674 1818/1400/1312 686/738/675
f 684/736/673 1819/1398/1310 685/737/674
f 401/1221/1142 1820/1401/1313 684/736/673
f 566/1272/1193 1823/1404/1316 1820/1401/1313
f 565/1282/1203 1826/1406/1318 1823/1404/1316
f 564/1281/1202 849/1315/1236 1826/1406/1318
f 1826/1406/1318 850/1314/1235 1825/1405/1317
f 1825/1405/1317 851/1311/1232 1824/1403/1315
f 1824/1403/1315 446/1313/1234 881/1407/1319
f 1821/1399/1311 881/1407/1319 880/1395/1307
f 1818/1400/1312 880/1395/1307 879/1393/1305
f 1828/1408/1320 1830/1409/1321 1827/1410/1322
f 1829/1411/1323 1831/1412/1324 1828/1408/1320
f 1831/1412/1324 1833/1413/1325 1830/1409/1321
f 1832/1414/1326 1834/1415/1327 1831/1412/1324
f 798/1167/1092 567/1273/1194 437/1168/1093
f 799/1181/1106 1827/1410/1322 798/1167/1092
f 800/1180/1105 1828/1408/1320 799/1181/1106
f 800/1180/1105 689/1416/1212 1829/1411/1323
f 1829/1411/1323 688/1417/1223 1832/1414/1326
f 1832/1414/1326 687/1418/1222 1835/1419/1328
f 1835/1419/1328 450/1420/1221 860/1377/1294
f 1835/1419/1328 859/1376/1293 1834/1415/1327
f 1834/1415/1327 858/1375/1292 1833/1413/1325
f 1833/1413/1325 449/1276/1197 569/1421/1329
f 1830/1409/1321 569/1421/1329 568/1274/1195
f 1827/1410/1322 568/1274/1195 567/1273/1194
f 1836/1422/1330 1840/1423/1331 1839/1424/1332
f 1837/1425/1333 1841/1426/1334 1840/1423/1331
f 1839/1424/1332 1843/1427/1335 1842/1428/1336
f 1840/1423/1331 1844/1429/1337 1843/1427/1335
f 453/795/732 1836/1422/1330 876/1430/1338
f 668/676/613 1837/1425/1333 1836/1422/1330
f 667/674/611 1838/1431/1339 1837/1425/1333
f 666/673/610 884/1432/1303 1838/1431/1339
f 1838/1431/1339 883/1433/1309 1841/1426/1334
f 1841/1426/1334 882/1434/1308 1844/1429/1337
f 1844/1429/1337 447/1336/1244 846/1335/1255
f 1843/1427/1335 846/1335/1255 847/1349/1266
f 1842/1428/1336 847/1349/1266 848/1348/1265
f 878/1435/1340 848/1348/1265 457/1347/1264
f 877/1436/1341 1842/1428/1336 878/1435/1340
f 876/1430/1338 1839/1424/1332 877/1436/1341
f 1846/1437/1342 1848/1438/1343 1845/1439/1344
f 1846/1437/1342 1850/1440/1345 1849/1441/1346
f 1848/1438/1343 1852/1442/1347 1851/1443/1348
f 1849/1441/1346 1853/1444/1349 1852/1442/1347
f 887/1445/1350 905/1446/1351 424/1447/1352
f 886/1448/1353 1845/1439/1344 887/1445/1350
f 886/1448/1353 1847/1449/1354 1846/1437/1342
f 885/1450/1355 906/1451/1356 1847/1449/1354
f 1847/1449/1354 907/1452/1357 1850/1440/1345
f 1850/1440/1345 908/1453/1358 1853/1444/1349
f 1853/1444/1349 452/1259/1180 690/800/737
f 1852/1442/1347 690/800/737 691/798/735
f 1851/1443/1348 691/798/735 692/797/734
f 1851/1443/1348 453/795/732 903/1454/1359
f 1848/1438/1343 903/1454/1359 904/1455/1360
f 1845/1439/1344 904/1455/1360 905/1446/1351
f 1854/1456/1361 1858/1457/1362 1857/1458/1363
f 1855/1459/1364 1859/1460/1365 1858/1457/1362
f 1857/1458/1363 1861/1461/1366 1860/1462/1367
f 1858/1457/1362 1862/1463/1368 1861/1461/1366
f 402/1464/1369 1854/1456/1361 906/1451/1356
f 889/774/711 1854/1456/1361 888/776/713
f 889/774/711 1856/1465/1370 1855/1459/1364
f 890/773/710 909/1466/1371 1856/1465/1370
f 1856/1465/1370 910/1467/1372 1859/1460/1365
f 1859/1460/1365 911/1468/1373 1862/1463/1368
f 1862/1463/1368 454/1203/1124 830/1263/1184
f 1861/1461/1366 830/1263/1184 829/1261/1182
f 1860/1462/1367 829/1261/1182 828/1260/1181
f 908/1453/1358 828/1260/1181 452/1259/1180
f 907/1452/1357 1860/1462/1367 908/1453/1358
f 906/1451/1356 1857/1458/1363 907/1452/1357
f 1863/1469/1374 1867/1470/1375 1866/1471/1376
f 1864/1472/1377 1868/1473/1378 1867/1470/1375
f 1866/1471/1376 1870/1474/1379 1869/1475/1380
f 1867/1470/1375 1871/1476/1381 1870/1474/1379
f 441/771/708 1863/1469/1374 909/1466/1371
f 891/1477/1382 1864/1472/1377 1863/1469/1374
f 892/1478/1383 1865/1479/1384 1864/1472/1377
f 451/752/689 1865/1479/1384 893/1480/1385
f 912/1481/1386 1868/1473/1378 1865/1479/1384
f 913/1482/1387 1871/1476/1381 1868/1473/1378
f 914/1483/1388 833/1295/1216 1871/1476/1381
f 1871/1476/1381 832/1294/1215 1870/1474/1379
f 1869/1475/1380 832/1294/1215 831/1293/1214
f 911/1468/1373 831/1293/1214 454/1203/1124
f 910/1467/1372 1869/1475/1380 911/1468/1373
f 909/1466/1371 1866/1471/1376 910/1467/1372
f 1872/1484/1389 1876/1485/1390 1875/1486/1391
f 1873/1487/1392 1877/1488/1393 1876/1485/1390
f 1875/1486/1391 1879/1489/1394 1878/1490/1395
f 1876/1485/1390 1880/1491/1396 1879/1489/1394
f 894/1492/1397 917/1493/1398 445/749/686
f 894/1492/1397 1873/1487/1392 1872/1484/1389
f 895/1494/1399 1874/1495/1400 1873/1487/1392
f 896/1496/1401 918/1497/1402 1874/1495/1400
f 1874/1495/1400 919/1498/1403 1877/1488/1393
f 1877/1488/1393 920/1499/1404 1880/1491/1396
f 1880/1491/1396 457/1347/1264 857/1346/1263
f 1879/1489/1394 857/1346/1263 856/1345/1262
f 1878/1490/1395 856/1345/1262 855/1344/1261
f 915/1500/1405 855/1344/1261 456/1343/1260
f 916/1501/1406 1878/1490/1395 915/1500/1405
f 917/1493/1398 1875/1486/1391 916/1501/1406
f 1882/1502/1407 1884/1503/1408 1881/1504/1409
f 1883/1505/1410 1885/1506/1411 1882/1502/1407
f 1885/1506/1411 1887/1507/1412 1884/1503/1408
f 1886/1508/1413 1888/1509/1414 1885/1506/1411
f 899/751/688 912/1481/1386 451/752/689
f 898/750/687 1881/1504/1409 899/751/688
f 897/747/684 1882/1502/1407 898/750/687
f 445/749/686 1883/1505/1410 897/747/684
f 917/1493/1398 1886/1508/1413 1883/1505/1410
f 916/1501/1406 1889/1510/1415 1886/1508/1413
f 1889/1510/1415 456/1343/1260 864/1365/1282
f 1889/1510/1415 865/1364/1281 1888/1509/1414
f 1888/1509/1414 866/1363/1280 1887/1507/1412
f 1887/1507/1412 455/1296/1217 914/1483/1388
f 1884/1503/1408 914/1483/1388 913/1482/1387
f 1881/1504/1409 913/1482/1387 912/1481/1386
f 1891/1511/1416 1893/1512/1417 1890/1513/1418
f 1892/1514/1419 1894/1515/1420 1891/1511/1416
f 1894/1515/1420 1896/1516/1421 1893/1512/1417
f 1895/1517/1422 1897/1518/1423 1894/1515/1420
f 448/1519/1424 1890/1513/1418 918/1497/1402
f 901/1520/1425 1890/1513/1418 902/1521/1426
f 900/1522/1427 1891/1511/1416 901/1520/1425
f 424/1447/1352 1892/1514/1419 900/1522/1427
f 905/1446/1351 1895/1517/1422 1892/1514/1419
f 904/1455/1360 1898/1523/1428 1895/1517/1422
f 903/1454/1359 876/1430/1338 1898/1523/1428
f 1898/1523/1428 877/1436/1341 1897/1518/1423
f 1897/1518/1423 878/1435/1340 1896/1516/1421
f 1896/1516/1421 457/1347/1264 920/1499/1404
f 1893/1512/1417 920/1499/1404 919/1498/1403
f 1890/1513/1418 919/1498/1403 918/1497/1402
f 1899/1524/1429 1903/1525/1430 1902/1526/1431
f 1900/1527/1432 1904/1528/1433 1903/1525/1430
f 1902/1526/1431 1906/1529/1434 1905/1530/1435
f 1903/1525/1430 1907/1531/1436 1906/1529/1434
f 458/780/717 1899/1524/1429 921/1532/1437
f 924/1533/1438 1900/1527/1432 1899/1524/1429
f 926/1534/1439 1900/1527/1432 925/1535/1440
f 460/1536/1441 1901/1537/1442 926/1534/1439
f 1901/1537/1442 940/1538/1443 1904/1528/1433
f 1904/1528/1433 941/1539/1444 1907/1531/1436
f 1907/1531/1436 463/1540/1445 935/1541/1446
f 1906/1529/1434 935/1541/1446 934/1542/1447
f 1905/1530/1435 934/1542/1447 933/1543/1448
f 923/1544/1449 933/1543/1448 459/760/697
f 922/1545/1450 1905/1530/1435 923/1544/1449
f 921/1532/1437 1902/1526/1431 922/1545/1450
f 1908/1546/1451 1912/1547/1452 1911/1548/1453
f 1909/1549/1454 1913/1550/1455 1912/1547/1452
f 1912/1547/1452 1914/1551/1456 1911/1548/1453
f 1912/1547/1452 1916/1552/1457 1915/1553/1458
f 461/785/722 1908/1546/1451 930/1554/1459
f 929/783/720 1909/1549/1454 1908/1546/1451
f 928/782/719 1910/1555/1460 1909/1549/1454
f 927/781/718 921/1532/1437 1910/1555/1460
f 1910/1555/1460 922/1545/1450 1913/1550/1455
f 1913/1550/1455 923/1544/1449 1916/1552/1457
f 1916/1552/1457 459/760/697 936/759/696
f 1916/1552/1457 937/758/695 1915/1553/1458
f 1915/1553/1458 938/757/694 1914/1551/1456
f 1914/1551/1456 462/1556/1461 932/1557/1462
f 1911/1548/1453 932/1557/1462 931/1558/1463
f 930/1554/1459 1911/1548/1453 931/1558/1463
f 1918/1559/1464 1920/1560/1465 1917/1561/1466
f 1918/1559/1464 1922/1562/1467 1921/1563/1468
f 1921/1563/1468 1923/1564/1469 1920/1560/1465
f 1921/1563/1468 1925/1565/1470 1924/1566/1471
f 893/1480/1385 945/753/690 451/752/689
f 892/1478/1383 1917/1561/1466 893/1480/1385
f 892/1478/1383 1919/1567/1472 1918/1559/1464
f 891/1477/1382 944/772/709 1919/1567/1472
f 1919/1567/1472 943/786/723 1922/1562/1467
f 1922/1562/1467 942/784/721 1925/1565/1470
f 1925/1565/1470 461/785/722 930/1554/1459
f 1924/1566/1471 930/1554/1459 931/1558/1463
f 1924/1566/1471 932/1557/1462 1923/1564/1469
f 1923/1564/1469 462/1556/1461 947/756/693
f 1920/1560/1465 947/756/693 946/754/691
f 1917/1561/1466 946/754/691 945/753/690
f 1926/1568/1473 1930/1569/1474 1929/1570/1475
f 1928/1571/1476 1930/1569/1474 1927/1572/1477
f 1929/1570/1475 1933/1573/1478 1932/1574/1479
f 1931/1575/1480 1933/1573/1478 1930/1569/1474
f 402/1464/1369 1926/1568/1473 873/777/714
f 885/1450/1355 1927/1572/1477 1926/1568/1473
f 887/1445/1350 1927/1572/1477 886/1448/1353
f 424/1447/1352 1928/1571/1476 887/1445/1350
f 951/1576/1481 1931/1575/1480 1928/1571/1476
f 952/1577/1482 1934/1578/1483 1931/1575/1480
f 953/1579/1484 926/1534/1439 1934/1578/1483
f 1934/1578/1483 925/1535/1440 1933/1573/1478
f 1932/1574/1479 925/1535/1440 924/1533/1438
f 875/779/716 924/1533/1438 458/780/717
f 874/778/715 1932/1574/1479 875/779/716
f 873/777/714 1929/1570/1475 874/778/715
f 1936/1580/1485 1938/1581/1486 1935/1582/1487
f 1936/1580/1485 1940/1583/1488 1939/1584/1489
f 1939/1584/1489 1941/1585/1490 1938/1581/1486
f 1939/1584/1489 1943/1586/1491 1942/1587/1492
f 900/1522/1427 951/1576/1481 424/1447/1352
f 901/1520/1425 1935/1582/1487 900/1522/1427
f 902/1521/1426 1936/1580/1485 901/1520/1425
f 902/1521/1426 954/1588/1493 1937/1589/1494
f 1937/1589/1494 955/1590/1495 1940/1583/1488
f 1940/1583/1488 956/1591/1496 1943/1586/1491
f 1943/1586/1491 463/1540/1445 941/1539/1444
f 1942/1587/1492 941/1539/1444 940/1538/1443
f 1942/1587/1492 939/1592/1497 1941/1585/1490
f 1941/1585/1490 460/1536/1441 953/1579/1484
f 1938/1581/1486 953/1579/1484 952/1577/1482
f 1935/1582/1487 952/1577/1482 951/1576/1481
f 1944/1593/1498 1948/1594/1499 1947/1595/1500
f 1945/1596/1501 1949/1597/1502 1948/1594/1499
f 1947/1595/1500 1951/1598/1503 1950/1599/1504
f 1948/1594/1499 1952/1600/1505 1951/1598/1503
f 448/1519/1424 1944/1593/1498 954/1588/1493
f 896/1496/1401 1945/1596/1501 1944/1593/1498
f 895/1494/1399 1946/1601/1506 1945/1596/1501
f 445/749/686 1946/1601/1506 894/1492/1397
f 950/748/685 1949/1597/1502 1946/1601/1506
f 1949/1597/1502 948/761/698 1952/1600/1505
f 1952/1600/1505 459/760/697 933/1543/1448
f 1951/1598/1503 933/1543/1448 934/1542/1447
f 1950/1599/1504 934/1542/1447 935/1541/1446
f 956/1591/1496 935/1541/1446 463/1540/1445
f 955/1590/1495 1950/1599/1504 956/1591/1496
f 954/1588/1493 1947/1595/1500 955/1590/1495
f 1954/1602/1507 1956/1603/1508 1953/1604/1509
f 1955/1605/1510 1957/1606/1511 1954/1602/1507
f 1956/1603/1508 1960/1607/1512 1959/1608/1513
f 1957/1606/1511 1961/1609/1514 1960/1607/1512
f 1182/1610/1515 597/450/395 410/452/397
f 1183/1611/1516 1953/1604/1509 1182/1610/1515
f 1184/1612/1517 1954/1602/1507 1183/1611/1516
f 483/1613/1518 1955/1605/1510 1184/1612/1517
f 1020/1614/1519 1958/1615/1520 1955/1605/1510
f 1958/1615/1520 1022/1616/1521 1961/1609/1514
f 1961/1609/1514 484/1617/1522 1019/1618/1523
f 1960/1607/1512 1019/1618/1523 1018/1619/1524
f 1959/1608/1513 1018/1619/1524 1017/1620/1525
f 599/454/399 1017/1620/1525 411/474/419
f 598/453/398 1959/1608/1513 599/454/399
f 1953/1604/1509 598/453/398 597/450/395
f 1962/1621/1526 1966/1622/1527 1965/1623/1528
f 1963/1624/1529 1967/1625/1530 1966/1622/1527
f 1965/1623/1528 1969/1626/1531 1968/1627/1532
f 1966/1622/1527 1970/1628/1533 1969/1626/1531
f 411/474/419 1962/1621/1526 600/475/420
f 1017/1620/1525 1963/1624/1529 1962/1621/1526
f 1018/1619/1524 1964/1629/1534 1963/1624/1529
f 1019/1618/1523 1023/1630/1535 1964/1629/1534
f 1964/1629/1534 1024/1631/1536 1967/1625/1530
f 1967/1625/1530 1025/1632/1537 1970/1628/1533
f 1970/1628/1533 485/1633/1538 1028/1634/1539
f 1969/1626/1531 1028/1634/1539 1027/1635/1540
f 1968/1627/1532 1027/1635/1540 1026/1636/1541
f 602/478/423 1026/1636/1541 412/494/439
f 601/476/421 1968/1627/1532 602/478/423
f 600/475/420 1965/1623/1528 601/476/421
f 1971/1637/1542 1975/1638/1543 1974/1639/1544
f 1972/1640/1545 1976/1641/1546 1975/1638/1543
f 1974/1639/1544 1978/1642/1547 1977/1643/1548
f 1975/1638/1543 1979/1644/1549 1978/1642/1547
f 412/494/439 1971/1637/1542 620/495/440
f 1026/1636/1541 1972/1640/1545 1971/1637/1542
f 1027/1635/1540 1973/1645/1550 1972/1640/1545
f 1028/1634/1539 1031/1646/1551 1973/1645/1550
f 1973/1645/1550 1030/1647/1552 1976/1641/1546
f 1976/1641/1546 1029/1648/1553 1979/1644/1549
f 1979/1644/1549 469/1649/1554 1340/1650/1555
f 1978/1642/1547 1340/1650/1555 1339/1651/1556
f 1977/1643/1548 1339/1651/1556 1338/1652/1557
f 618/498/443 1338/1652/1557 393/1230/1151
f 619/496/441 1977/1643/1548 618/498/443
f 620/495/440 1974/1639/1544 619/496/441
f 1980/1653/1558 1984/1654/1559 1983/1655/1560
f 1981/1656/1561 1985/1657/1562 1984/1654/1559
f 1983/1655/1560 1987/1658/1563 1986/1659/1564
f 1984/1654/1559 1988/1660/1565 1987/1658/1563
f 485/1633/1538 1980/1653/1558 1031/1646/1551
f 1034/1661/1566 1981/1656/1561 1980/1653/1558
f 1033/1662/1567 1982/1663/1568 1981/1656/1561
f 1032/1664/1569 965/1665/1570 1982/1663/1568
f 1982/1663/1568 964/1666/1571 1985/1657/1562
f 1985/1657/1562 963/1667/1572 1988/1660/1565
f 1988/1660/1565 467/1668/1573 962/1669/1574
f 1987/1658/1563 962/1669/1574 961/1670/1575
f 1986/1659/1564 961/1670/1575 960/1671/1576
f 1029/1648/1553 960/1671/1576 469/1649/1554
f 1030/1647/1552 1986/1659/1564 1029/1648/1553
f 1031/1646/1551 1983/1655/1560 1030/1647/1552
f 1989/1672/1577 1993/1673/1578 1992/1674/1579
f 1990/1675/1580 1994/1676/1581 1993/1673/1578
f 1992/1674/1579 1996/1677/1582 1995/1678/1583
f 1993/1673/1578 1997/1679/1584 1996/1677/1582
f 484/1617/1522 1989/1672/1577 1023/1630/1535
f 1037/1680/1585 1990/1675/1580 1989/1672/1577
f 1036/1681/1586 1991/1682/1587 1990/1675/1580
f 1035/1683/1588 968/1684/1589 1991/1682/1587
f 1991/1682/1587 967/1685/1590 1994/1676/1581
f 1994/1676/1581 966/1686/1591 1997/1679/1584
f 1997/1679/1584 470/1687/1592 1032/1664/1569
f 1996/1677/1582 1032/1664/1569 1033/1662/1567
f 1995/1678/1583 1033/1662/1567 1034/1661/1566
f 1025/1632/1537 1034/1661/1566 485/1633/1538
f 1024/1631/1536 1995/1678/1583 1025/1632/1537
f 1023/1630/1535 1992/1674/1579 1024/1631/1536
f 1999/1688/1593 2001/1689/1594 1998/1690/1595
f 2000/1691/1596 2002/1692/1597 1999/1688/1593
f 2001/1689/1594 2005/1693/1598 2004/1694/1599
f 2002/1692/1597 2006/1695/1600 2005/1693/1598
f 1040/1696/1601 1020/1614/1519 483/1613/1518
f 1039/1697/1602 1998/1690/1595 1040/1696/1601
f 1038/1698/1603 1999/1688/1593 1039/1697/1602
f 472/1699/1604 2000/1691/1596 1038/1698/1603
f 2000/1691/1596 970/1700/1605 2003/1701/1606
f 2003/1701/1606 969/1702/1607 2006/1695/1600
f 2006/1695/1600 471/1703/1608 1035/1683/1588
f 2005/1693/1598 1035/1683/1588 1036/1681/1586
f 2004/1694/1599 1036/1681/1586 1037/1680/1585
f 1022/1616/1521 1037/1680/1585 484/1617/1522
f 1021/1704/1609 2004/1694/1599 1022/1616/1521
f 1998/1690/1595 1021/1704/1609 1020/1614/1519
f 2008/1705/1610 2010/1706/1611 2007/1707/1612
f 2009/1708/1613 2011/1709/1614 2008/1705/1610
f 2011/1709/1614 2013/1710/1615 2010/1706/1611
f 2012/1711/1616 2014/1712/1617 2011/1709/1614
f 468/1713/1618 2007/1707/1612 1041/1714/1619
f 959/1715/1620 2008/1705/1610 2007/1707/1612
f 958/1716/1621 2009/1708/1613 2008/1705/1610
f 466/1717/1622 2009/1708/1613 957/1718/1623
f 974/1719/1624 2012/1711/1616 2009/1708/1613
f 973/1720/1625 2015/1721/1626 2012/1711/1616
f 972/1722/1627 1038/1698/1603 2015/1721/1626
f 2015/1721/1626 1039/1697/1602 2014/1712/1617
f 2014/1712/1617 1040/1696/1601 2013/1710/1615
f 2013/1710/1615 483/1613/1518 1043/1723/1628
f 2010/1706/1611 1043/1723/1628 1042/1724/1629
f 1041/1714/1619 2010/1706/1611 1042/1724/1629
f 2016/1725/1630 2020/1726/1631 2019/1727/1632
f 2017/1728/1633 2021/1729/1634 2020/1726/1631
f 2020/1726/1631 2022/1730/1635 2019/1727/1632
f 2021/1729/1634 2023/1731/1636 2020/1726/1631
f 392/586/531 2016/1725/1630 636/588/533
f 1196/1732/1637 2017/1728/1633 2016/1725/1630
f 1195/1733/1638 2018/1734/1639 2017/1728/1633
f 1194/1735/1640 1041/1714/1619 2018/1734/1639
f 2018/1734/1639 1042/1724/1629 2021/1729/1634
f 1042/1724/1629 2024/1736/1641 2021/1729/1634
f 1043/1723/1628 1184/1612/1517 2024/1736/1641
f 2024/1736/1641 1183/1611/1516 2023/1731/1636
f 2023/1731/1636 1182/1610/1515 2022/1730/1635
f 2022/1730/1635 410/452/397 638/589/534
f 637/590/535 2022/1730/1635 638/589/534
f 636/588/533 2019/1727/1632 637/590/535
f 2025/1737/1642 2029/1738/1643 2028/1739/1644
f 2026/1740/1645 2030/1741/1646 2029/1738/1643
f 2028/1739/1644 2032/1742/1647 2031/1743/1648
f 2029/1738/1643 2033/1744/1649 2032/1742/1647
f 486/1745/1650 2025/1737/1642 1044/1746/1651
f 1050/1747/1652 2026/1740/1645 2025/1737/1642
f 1051/1748/1653 2027/1749/1654 2026/1740/1645
f 1052/1750/1655 1059/1751/1656 2027/1749/1654
f 2027/1749/1654 1060/1752/1657 2030/1741/1646
f 2030/1741/1646 1061/1753/1658 2033/1744/1649
f 2033/1744/1649 490/1754/1659 1055/1755/1660
f 2032/1742/1647 1055/1755/1660 1054/1756/1661
f 2031/1743/1648 1054/1756/1661 1053/1757/1662
f 1046/1758/1663 1053/1757/1662 487/1759/1664
f 1045/1760/1665 2031/1743/1648 1046/1758/1663
f 1044/1746/1651 2028/1739/1644 1045/1760/1665
f 2034/1761/1666 2038/1762/1667 2037/1763/1668
f 2035/1764/1669 2039/1765/1670 2038/1762/1667
f 2037/1763/1668 2041/1766/1671 2040/1767/1672
f 2038/1762/1667 2042/1768/1673 2041/1766/1671
f 487/1759/1664 2034/1761/1666 1047/1769/1674
f 1053/1757/1662 2035/1764/1669 2034/1761/1666
f 1054/1756/1661 2036/1770/1675 2035/1764/1669
f 1055/1755/1660 1062/1771/1676 2036/1770/1675
f 1062/1771/1676 2039/1765/1670 2036/1770/1675
f 1063/1772/1677 2042/1768/1673 2039/1765/1670
f 1064/1773/1678 1058/1774/1679 2042/1768/1673
f 2041/1766/1671 1058/1774/1679 1057/1775/1680
f 2040/1767/1672 1057/1775/1680 1056/1776/1681
f 2040/1767/1672 488/1777/1682 1049/1778/1683
f 1048/1779/1684 2040/1767/1672 1049/1778/1683
f 1047/1769/1674 2037/1763/1668 1048/1779/1684
f 2043/1780/1685 2047/1781/1686 2046/1782/1687
f 2044/1783/1688 2048/1784/1689 2047/1781/1686
f 2046/1782/1687 2050/1785/1690 2049/1786/1691
f 2047/1781/1686 2051/1787/1692 2050/1785/1690
f 489/1788/1693 2043/1780/1685 1059/1789/1656
f 1065/1790/1694 2044/1783/1688 2043/1780/1685
f 1066/1791/1695 2045/1792/1696 2044/1783/1688
f 1067/1793/1697 1074/1794/1698 2045/1792/1696
f 2045/1792/1696 1075/1795/1699 2048/1784/1689
f 2048/1784/1689 1076/1796/1700 2051/1787/1692
f 1076/1796/1700 1070/1797/1701 2051/1787/1692
f 2051/1787/1692 1069/1798/1702 2050/1785/1690
f 2050/1785/1690 1068/1799/1703 2049/1786/1691
f 2049/1786/1691 490/1800/1659 1061/1801/1658
f 1060/1802/1657 2049/1786/1691 1061/1801/1658
f 1059/1789/1656 2046/1782/1687 1060/1802/1657
f 2053/1803/1704 2055/1804/1705 2052/1805/1706
f 2054/1806/1707 2056/1807/1708 2053/1803/1704
f 2056/1807/1708 2058/1808/1709 2055/1804/1705
f 2057/1809/1710 2059/1810/1711 2056/1807/1708
f 1068/1799/1703 1062/1811/1676 490/1800/1659
f 1069/1798/1702 2052/1805/1706 1068/1799/1703
f 1070/1797/1701 2053/1803/1704 1069/1798/1702
f 493/1812/1712 2054/1806/1707 1070/1797/1701
f 1077/1813/1713 2057/1809/1710 2054/1806/1707
f 1078/1814/1714 2060/1815/1715 2057/1809/1710
f 1079/1816/1716 1073/1817/1717 2060/1815/1715
f 2060/1815/1715 1072/1818/1718 2059/1810/1711
f 2059/1810/1711 1071/1819/1719 2058/1808/1709
f 2058/1808/1709 491/1820/1720 1064/1821/1678
f 2055/1804/1705 1064/1821/1678 1063/1822/1677
f 2052/1805/1706 1063/1822/1677 1062/1811/1676
f 2062/1823/1721 2064/1824/1722 2061/1825/1723
f 2063/1826/1724 2065/1827/1725 2062/1823/1721
f 2065/1827/1725 2067/1828/1726 2064/1824/1722
f 2066/1829/1727 2068/1830/1728 2065/1827/1725
f 466/1717/1622 2061/1825/1723 974/1719/1624
f 985/1831/1729 2061/1825/1723 986/1832/1730
f 984/1833/1731 2062/1823/1721 985/1831/1729
f 475/1834/1732 2063/1826/1724 984/1833/1731
f 1113/1835/1733 2066/1829/1727 2063/1826/1724
f 1114/1836/1734 2069/1837/1735 2066/1829/1727
f 1115/1838/1736 1082/1839/1737 2069/1837/1735
f 2069/1837/1735 1081/1840/1738 2068/1830/1728
f 2068/1830/1728 1080/1841/1739 2067/1828/1726
f 2067/1828/1726 472/1699/1604 972/1722/1627
f 2064/1824/1722 972/1722/1627 973/1720/1625
f 2061/1825/1723 973/1720/1625 974/1719/1624
f 2070/1842/1740 2074/1843/1741 2073/1844/1742
f 2071/1845/1743 2075/1846/1744 2074/1843/1741
f 2073/1844/1742 2077/1847/1745 2076/1848/1746
f 2074/1843/1741 2078/1849/1747 2077/1847/1745
f 1080/1841/1739 971/1850/1748 472/1699/1604
f 1080/1841/1739 2071/1845/1743 2070/1842/1740
f 1081/1840/1738 2072/1851/1749 2071/1845/1743
f 1082/1839/1737 1044/1746/1651 2072/1851/1749
f 2072/1851/1749 1045/1760/1665 2075/1846/1744
f 2075/1846/1744 1046/1758/1663 2078/1849/1747
f 2078/1849/1747 487/1759/1664 1085/1852/1750
f 2077/1847/1745 1085/1852/1750 1084/1853/1751
f 2076/1848/1746 1084/1853/1751 1083/1854/1752
f 969/1702/1607 1083/1854/1752 471/1703/1608
f 970/1700/1605 2076/1848/1746 969/1702/1607
f 971/1850/1748 2073/1844/1742 970/1700/1605
f 2079/1855/1753 2083/1856/1754 2082/1857/1755
f 2080/1858/1756 2084/1859/1757 2083/1856/1754
f 2082/1857/1755 2086/1860/1758 2085/1861/1759
f 2084/1859/1757 2086/1860/1758 2083/1856/1754
f 471/1703/1608 2079/1855/1753 968/1684/1589
f 1083/1854/1752 2080/1858/1756 2079/1855/1753
f 1084/1853/1751 2081/1862/1760 2080/1858/1756
f 1085/1852/1750 1047/1769/1674 2081/1862/1760
f 2081/1862/1760 1048/1779/1684 2084/1859/1757
f 1048/1779/1684 2087/1863/1761 2084/1859/1757
f 1049/1778/1683 1088/1864/1762 2087/1863/1761
f 2087/1863/1761 1087/1865/1763 2086/1860/1758
f 2085/1861/1759 1087/1865/1763 1086/1866/1764
f 966/1686/1591 1086/1866/1764 470/1687/1592
f 967/1685/1590 2085/1861/1759 966/1686/1591
f 968/1684/1589 2082/1857/1755 967/1685/1590
f 2088/1867/1765 2092/1868/1766 2091/1869/1767
f 2090/1870/1768 2092/1868/1766 2089/1871/1769
f 2091/1869/1767 2095/1872/1770 2094/1873/1771
f 2093/1874/1772 2095/1872/1770 2092/1868/1766
f 470/1687/1592 2088/1867/1765 965/1665/1570
f 1086/1866/1764 2089/1871/1769 2088/1867/1765
f 1088/1864/1762 2089/1871/1769 1087/1865/1763
f 488/1777/1682 2090/1870/1768 1088/1864/1762
f 1091/1875/1773 2093/1874/1772 2090/1870/1768
f 1090/1876/1774 2096/1877/1775 2093/1874/1772
f 1089/1878/1776 989/1879/1777 2096/1877/1775
f 2096/1877/1775 988/1880/1778 2095/1872/1770
f 2094/1873/1771 988/1880/1778 987/1881/1779
f 963/1667/1572 987/1881/1779 467/1668/1573
f 964/1666/1571 2094/1873/1771 963/1667/1572
f 965/1665/1570 2091/1869/1767 964/1666/1571
f 2098/1882/1780 2100/1883/1781 2097/1884/1782
f 2099/1885/1783 2101/1886/1784 2098/1882/1780
f 2101/1886/1784 2103/1887/1785 2100/1883/1781
f 2102/1888/1786 2104/1889/1787 2101/1886/1784
f 1325/1890/1788 1272/1891/1789 506/1892/1790
f 1324/1893/1791 2097/1884/1782 1325/1890/1788
f 1323/1894/1792 2098/1882/1780 1324/1893/1791
f 520/1895/1793 2099/1885/1783 1323/1894/1792
f 1311/1896/1794 2102/1888/1786 2099/1885/1783
f 1312/1897/1795 2105/1898/1796 2102/1888/1786
f 1313/1899/1797 1322/1900/1798 2105/1898/1796
f 2105/1898/1796 1321/1901/1799 2104/1889/1787
f 2104/1889/1787 1320/1902/1800 2103/1887/1785
f 2103/1887/1785 512/1903/1801 1274/1904/1802
f 2100/1883/1781 1274/1904/1802 1273/1905/1803
f 2097/1884/1782 1273/1905/1803 1272/1891/1789
f 2106/1906/1804 2110/1907/1805 2109/1908/1806
f 2107/1909/1807 2111/1910/1808 2110/1907/1805
f 2109/1908/1806 2113/1911/1809 2112/1912/1810
f 2110/1907/1805 2114/1913/1811 2113/1911/1809
f 503/1914/1812 2106/1906/1804 1265/1915/1813
f 1319/1916/1814 2107/1909/1807 2106/1906/1804
f 1318/1917/1815 2108/1918/1816 2107/1909/1807
f 1317/1919/1817 1304/1920/1818 2108/1918/1816
f 2108/1918/1816 1303/1921/1819 2111/1910/1808
f 2111/1910/1808 1302/1922/1820 2114/1913/1811
f 2114/1913/1811 519/1923/1821 1250/1924/1822
f 2113/1911/1809 1250/1924/1822 1249/1925/1823
f 2112/1912/1810 1249/1925/1823 1248/1926/1824
f 1263/1927/1825 1248/1926/1824 477/1928/1826
f 1264/1929/1827 2112/1912/1810 1263/1927/1825
f 1265/1915/1813 2109/1908/1806 1264/1929/1827
f 2115/1930/1828 2119/1931/1829 2118/1932/1830
f 2116/1933/1831 2120/1934/1832 2119/1931/1829
f 2118/1932/1830 2122/1935/1833 2121/1936/1834
f 2119/1931/1829 2123/1937/1835 2122/1935/1833
f 514/1938/1836 2115/1930/1828 1097/1939/1837
f 1100/1940/1838 2116/1933/1831 2115/1930/1828
f 1099/1941/1839 2117/1942/1840 2116/1933/1831
f 1098/1943/1841 1001/1944/1842 2117/1942/1840
f 2117/1942/1840 1000/1945/1843 2120/1934/1832
f 2120/1934/1832 999/1946/1844 2123/1937/1835
f 2123/1937/1835 465/1947/1845 998/1948/1846
f 2122/1935/1833 998/1948/1846 997/1949/1847
f 2121/1936/1834 997/1949/1847 996/1950/1848
f 1095/1951/1849 996/1950/1848 513/1952/1850
f 1096/1953/1851 2121/1936/1834 1095/1951/1849
f 1097/1939/1837 2118/1932/1830 1096/1953/1851
f 2124/1954/1852 2128/1955/1853 2127/1956/1854
f 2125/1957/1855 2129/1958/1856 2128/1955/1853
f 2127/1956/1854 2131/1959/1857 2130/1960/1858
f 2128/1955/1853 2132/1961/1859 2131/1959/1857
f 1103/1962/1860 1077/1813/1713 493/1812/1712
f 1103/1962/1860 2125/1957/1855 2124/1954/1852
f 1102/1963/1861 2126/1964/1862 2125/1957/1855
f 1101/1965/1863 1004/1966/1864 2126/1964/1862
f 2126/1964/1862 1003/1967/1865 2129/1958/1856
f 2129/1958/1856 1002/1968/1866 2132/1961/1859
f 2132/1961/1859 478/1969/1867 1098/1943/1841
f 2131/1959/1857 1098/1943/1841 1099/1941/1839
f 2130/1960/1858 1099/1941/1839 1100/1940/1838
f 1079/1816/1716 1100/1940/1838 514/1938/1836
f 1078/1814/1714 2130/1960/1858 1079/1816/1716
f 2124/1954/1852 1078/1814/1714 1077/1813/1713
f 2133/1970/1868 2137/1971/1869 2136/1972/1870
f 2134/1973/1871 2138/1974/1872 2137/1971/1869
f 2136/1972/1870 2140/1975/1873 2139/1976/1874
f 2137/1971/1869 2141/1977/1875 2140/1975/1873
f 492/1978/1876 2133/1970/1868 1074/1794/1698
f 1106/1979/1877 2134/1973/1871 2133/1970/1868
f 1105/1980/1878 2135/1981/1879 2134/1973/1871
f 1104/1982/1880 1007/1983/1881 2135/1981/1879
f 2135/1981/1879 1006/1984/1882 2138/1974/1872
f 2138/1974/1872 1005/1985/1883 2141/1977/1875
f 2141/1977/1875 479/1986/1884 1101/1965/1863
f 2140/1975/1873 1101/1965/1863 1102/1963/1861
f 2139/1976/1874 1102/1963/1861 1103/1962/1860
f 2139/1976/1874 493/1812/1712 1076/1796/1700
f 1075/1795/1699 2139/1976/1874 1076/1796/1700
f 1074/1794/1698 2136/1972/1870 1075/1795/1699
f 2142/1987/1885 2146/1988/1886 2145/1989/1887
f 2143/1990/1888 2147/1991/1889 2146/1988/1886
f 2145/1989/1887 2149/1992/1890 2148/1993/1891
f 2146/1988/1886 2150/1994/1892 2149/1992/1890
f 473/1995/1893 2142/1987/1885 1107/1996/1894
f 977/1997/1895 2143/1990/1888 2142/1987/1885
f 976/1998/1896 2144/1999/1897 2143/1990/1888
f 975/2000/1898 1010/2001/1899 2144/1999/1897
f 2144/1999/1897 1009/2002/1900 2147/1991/1889
f 2147/1991/1889 1008/2003/1901 2150/1994/1892
f 2150/1994/1892 480/2004/1902 1104/1982/1880
f 2149/1992/1890 1104/1982/1880 1105/1980/1878
f 2148/1993/1891 1105/1980/1878 1106/1979/1877
f 1109/2005/1903 1106/1979/1877 492/1978/1876
f 1108/2006/1904 2148/1993/1891 1109/2005/1903
f 1107/1996/1894 2145/1989/1887 1108/2006/1904
f 2151/2007/1905 2155/2008/1906 2154/2009/1907
f 2152/2010/1908 2156/2011/1909 2155/2008/1906
f 2154/2009/1907 2158/2012/1910 2157/2013/1911
f 2155/2008/1906 2159/2014/1912 2158/2012/1910
f 474/2015/1913 2151/2007/1905 1110/2016/1914
f 980/2017/1915 2152/2010/1908 2151/2007/1905
f 979/2018/1916 2153/2019/1917 2152/2010/1908
f 978/2020/1918 1107/1996/1894 2153/2019/1917
f 2153/2019/1917 1108/2006/1904 2156/2011/1909
f 2156/2011/1909 1109/2005/1903 2159/2014/1912
f 2159/2014/1912 492/1978/1876 1067/1793/1697
f 2158/2012/1910 1067/1793/1697 1066/1791/1695
f 2157/2013/1911 1066/1791/1695 1065/1790/1694
f 1112/2021/1919 1065/1790/1694 489/1788/1693
f 1111/2022/1920 2157/2013/1911 1112/2021/1919
f 1110/2016/1914 2154/2009/1907 1111/2022/1920
f 2161/2023/1921 2163/2024/1922 2160/2025/1923
f 2162/2026/1924 2164/2027/1925 2161/2023/1921
f 2164/2027/1925 2166/2028/1926 2163/2024/1922
f 2164/2027/1925 2168/2029/1927 2167/2030/1928
f 983/2031/1929 1113/1835/1733 475/1834/1732
f 982/2032/1930 2160/2025/1923 983/2031/1929
f 981/2033/1931 2161/2023/1921 982/2032/1930
f 981/2033/1931 1110/2034/1914 2162/2026/1924
f 2162/2026/1924 1111/2035/1920 2165/2036/1932
f 2165/2036/1932 1112/2037/1919 2168/2029/1927
f 2168/2029/1927 489/2038/1693 1052/1750/1655
f 2167/2030/1928 1052/1750/1655 1051/1748/1653
f 2166/2028/1926 1051/1748/1653 1050/1747/1652
f 1115/1838/1736 1050/1747/1652 486/1745/1650
f 2163/2024/1922 1115/1838/1736 1114/1836/1734
f 2160/2025/1923 1114/1836/1734 1113/1835/1733
f 2169/2039/1933 2173/2040/1934 2172/2041/1935
f 2170/2042/1936 2174/2043/1937 2173/2040/1934
f 2172/2041/1935 2176/2044/1938 2175/2045/1939
f 2173/2040/1934 2177/2046/1940 2176/2044/1938
f 495/2047/1941 2169/2039/1933 1116/2048/1942
f 1146/2049/1943 2170/2042/1936 2169/2039/1933
f 1147/2050/1944 2171/2051/1945 2170/2042/1936
f 1148/2052/1946 726/915/848 2171/2051/1945
f 2171/2051/1945 727/914/847 2174/2043/1937
f 2174/2043/1937 728/913/846 2177/2046/1940
f 728/913/846 1157/2053/1947 2177/2046/1940
f 2176/2044/1938 1157/2053/1947 1156/2054/1948
f 2175/2045/1939 1156/2054/1948 1155/2055/1949
f 1118/2056/1950 1155/2055/1949 496/2057/1951
f 1117/2058/1952 2175/2045/1939 1118/2056/1950
f 1116/2048/1942 2172/2041/1935 1117/2058/1952
f 2179/2059/1953 2181/2060/1954 2178/2061/1955
f 2180/2062/1956 2182/2063/1957 2179/2059/1953
f 2182/2063/1957 2184/2064/1958 2181/2060/1954
f 2183/2065/1959 2185/2066/1960 2182/2063/1957
f 1155/2055/1949 1119/2067/1961 496/2057/1951
f 1156/2054/1948 2178/2061/1955 1155/2055/1949
f 1157/2053/1947 2179/2059/1953 1156/2054/1948
f 429/912/845 2180/2062/1956 1157/2053/1947
f 729/938/871 2183/2065/1959 2180/2062/1956
f 730/937/870 2186/2068/1962 2183/2065/1959
f 731/936/869 1199/2069/1963 2186/2068/1962
f 2186/2068/1962 1198/2070/1964 2185/2066/1960
f 2185/2066/1960 1197/2071/1965 2184/2064/1958
f 2184/2064/1958 497/2072/1966 1121/2073/1967
f 2181/2060/1954 1121/2073/1967 1120/2074/1968
f 2178/2061/1955 1120/2074/1968 1119/2067/1961
f 2187/2075/1969 2191/2076/1970 2190/2077/1971
f 2188/2078/1972 2192/2079/1973 2191/2076/1970
f 2190/2077/1971 2194/2080/1974 2193/2081/1975
f 2191/2076/1970 2195/2082/1976 2194/2080/1974
f 464/2083/1977 2187/2075/1969 1010/2001/1899
f 1013/2084/1978 2188/2078/1972 2187/2075/1969
f 1011/2085/1979 2188/2078/1972 1012/2086/1980
f 481/2087/1981 2189/2088/1982 1011/2085/1979
f 2189/2088/1982 1138/2089/1983 2192/2079/1973
f 2192/2079/1973 1139/2090/1984 2195/2082/1976
f 2195/2082/1976 495/2047/1941 1127/2091/1985
f 2194/2080/1974 1127/2091/1985 1126/2092/1986
f 2193/2081/1975 1126/2092/1986 1125/2093/1987
f 1008/2003/1901 1125/2093/1987 480/2004/1902
f 1009/2002/1900 2193/2081/1975 1008/2003/1901
f 1010/2001/1899 2190/2077/1971 1009/2002/1900
f 2196/2094/1988 2200/2095/1989 2199/2096/1990
f 2197/2097/1991 2201/2098/1992 2200/2095/1989
f 2199/2096/1990 2203/2099/1993 2202/2100/1994
f 2200/2095/1989 2204/2101/1995 2203/2099/1993
f 480/2004/1902 2196/2094/1988 1007/1983/1881
f 1125/2093/1987 2197/2097/1991 2196/2094/1988
f 1126/2092/1986 2198/2102/1996 2197/2097/1991
f 1127/2091/1985 1116/2048/1942 2198/2102/1996
f 2198/2102/1996 1117/2058/1952 2201/2098/1992
f 2201/2098/1992 1118/2056/1950 2204/2101/1995
f 2204/2101/1995 496/2057/1951 1130/2103/1997
f 2203/2099/1993 1130/2103/1997 1129/2104/1998
f 2202/2100/1994 1129/2104/1998 1128/2105/1999
f 1005/1985/1883 1128/2105/1999 479/1986/1884
f 1006/1984/1882 2202/2100/1994 1005/1985/1883
f 1007/1983/1881 2199/2096/1990 1006/1984/1882
f 2206/2106/2000 2208/2107/2001 2205/2108/2002
f 2207/2109/2003 2209/2110/2004 2206/2106/2000
f 2209/2110/2004 2211/2111/2005 2208/2107/2001
f 2210/2112/2006 2212/2113/2007 2209/2110/2004
f 479/1986/1884 2205/2108/2002 1004/1966/1864
f 1129/2104/1998 2205/2108/2002 1128/2105/1999
f 1130/2103/1997 2206/2106/2000 1129/2104/1998
f 496/2057/1951 2207/2109/2003 1130/2103/1997
f 1119/2067/1961 2210/2112/2006 2207/2109/2003
f 1120/2074/1968 2213/2114/2008 2210/2112/2006
f 1121/2073/1967 1133/2115/2009 2213/2114/2008
f 2213/2114/2008 1132/2116/2010 2212/2113/2007
f 2212/2113/2007 1131/2117/2011 2211/2111/2005
f 1002/1968/1866 1131/2117/2011 478/1969/1867
f 1003/1967/1865 2211/2111/2005 1002/1968/1866
f 1004/1966/1864 2208/2107/2001 1003/1967/1865
f 2215/2118/2012 2217/2119/2013 2214/2120/2014
f 2216/2121/2015 2218/2122/2016 2215/2118/2012
f 2218/2122/2016 2220/2123/2017 2217/2119/2013
f 2219/2124/2018 2221/2125/2019 2218/2122/2016
f 478/1969/1867 2214/2120/2014 1001/1944/1842
f 1132/2116/2010 2214/2120/2014 1131/2117/2011
f 1133/2115/2009 2215/2118/2012 1132/2116/2010
f 497/2072/1966 2216/2121/2015 1133/2115/2009
f 1136/2126/2020 2219/2124/2018 2216/2121/2015
f 1135/2127/2021 2222/2128/2022 2219/2124/2018
f 1134/2129/2023 1016/2130/2024 2222/2128/2022
f 2222/2128/2022 1015/2131/2025 2221/2125/2019
f 2221/2125/2019 1014/2132/2026 2220/2123/2017
f 2220/2123/2017 465/1947/1845 999/1946/1844
f 2217/2119/2013 999/1946/1844 1000/1945/1843
f 1001/1944/1842 2217/2119/2013 1000/1945/1843
f 2224/2133/2027 2226/2134/2028 2223/2135/2029
f 2225/2136/2030 2227/2137/2031 2224/2133/2027
f 2227/2137/2031 2229/2138/2032 2226/2134/2028
f 2228/2139/2033 2230/2140/2034 2227/2137/2031
f 1197/2071/1965 1136/2126/2020 497/2072/1966
f 1198/2070/1964 2223/2135/2029 1197/2071/1965
f 1199/2069/1963 2224/2133/2027 1198/2070/1964
f 430/1013/946 2225/2136/2030 1199/2069/1963
f 746/1012/945 2228/2139/2033 2225/2136/2030
f 745/1011/944 2231/2141/2035 2228/2139/2033
f 744/1010/943 1334/2142/2036 2231/2141/2035
f 2231/2141/2035 1333/2143/2037 2230/2140/2034
f 2230/2140/2034 1332/2144/2038 2229/2138/2032
f 2229/2138/2032 482/2145/2039 1134/2129/2023
f 2226/2134/2028 1134/2129/2023 1135/2127/2021
f 2223/2135/2029 1135/2127/2021 1136/2126/2020
f 2232/2146/2040 2236/2147/2041 2235/2148/2042
f 2234/2149/2043 2236/2147/2041 2233/2150/2044
f 2235/2148/2042 2239/2151/2045 2238/2152/2046
f 2236/2147/2041 2240/2153/2047 2239/2151/2045
f 1178/2154/2048 1137/2155/2049 481/2087/1981
f 1177/2156/2050 2232/2146/2040 1178/2154/2048
f 1176/2157/2051 2233/2150/2044 1177/2156/2050
f 406/1027/960 2234/2149/2043 1176/2157/2051
f 747/1026/959 2237/2158/2052 2234/2149/2043
f 2237/2158/2052 749/1024/957 2240/2153/2047
f 2240/2153/2047 428/917/850 1148/2052/1946
f 2239/2151/2045 1148/2052/1946 1147/2050/1944
f 2238/2152/2046 1147/2050/1944 1146/2049/1943
f 1139/2090/1984 1146/2049/1943 495/2047/1941
f 1138/2089/1983 2238/2152/2046 1139/2090/1984
f 1137/2155/2049 2235/2148/2042 1138/2089/1983
f 2242/2159/2053 2244/2160/2054 2241/2161/2055
f 2243/2162/2056 2245/2163/2057 2242/2159/2053
f 2245/2163/2057 2247/2164/2058 2244/2160/2054
f 2246/2165/2059 2248/2166/2060 2245/2163/2057
f 756/1039/972 1158/2167/2061 431/1040/973
f 757/1053/986 2241/2161/2055 756/1039/972
f 758/1052/985 2242/2159/2053 757/1053/986
f 433/1051/984 2243/2162/2056 758/1052/985
f 1140/2168/2062 2246/2165/2059 2243/2162/2056
f 1141/2169/2063 2249/2170/2064 2246/2165/2059
f 1142/2171/2065 1145/2172/2066 2249/2170/2064
f 2249/2170/2064 1144/2173/2067 2248/2166/2060
f 2248/2166/2060 1143/2174/2068 2247/2164/2058
f 2247/2164/2058 498/2175/2069 1160/2176/2070
f 2244/2160/2054 1160/2176/2070 1159/2177/2071
f 2241/2161/2055 1159/2177/2071 1158/2167/2061
f 2250/2178/2072 2254/2179/2073 2253/2180/2074
f 2251/2181/2075 2255/2182/2076 2254/2179/2073
f 2253/2180/2074 2257/2183/2077 2256/2184/2078
f 2254/2179/2073 2258/2185/2079 2257/2183/2077
f 433/1062/984 2250/2178/2072 1140/2186/2062
f 765/1063/995 2251/2181/2075 2250/2178/2072
f 766/1077/1006 2252/2187/2080 2251/2181/2075
f 767/1075/1004 1149/2188/2081 2252/2187/2080
f 2252/2187/2080 1150/2189/2082 2255/2182/2076
f 2255/2182/2076 1151/2190/2083 2258/2185/2079
f 2258/2185/2079 500/2191/2084 1154/2192/2085
f 2257/2183/2077 1154/2192/2085 1153/2193/2086
f 2256/2184/2078 1153/2193/2086 1152/2194/2087
f 1142/2195/2065 1152/2194/2087 499/2196/2088
f 1141/2197/2063 2256/2184/2078 1142/2195/2065
f 1140/2186/2062 2253/2180/2074 1141/2197/2063
f 2260/2198/2089 2262/2199/2090 2259/2200/2091
f 2261/2201/2092 2263/2202/2093 2260/2198/2089
f 2263/2202/2093 2265/2203/2094 2262/2199/2090
f 2264/2204/2095 2266/2205/2096 2263/2202/2093
f 774/1086/1015 1196/1732/1637 392/586/531
f 775/1092/1021 2259/2200/2091 774/1086/1015
f 776/1091/1020 2260/2198/2089 775/1092/1021
f 431/1040/973 2261/2201/2092 776/1091/1020
f 1158/2167/2061 2264/2204/2095 2261/2201/2092
f 1159/2177/2071 2267/2206/2097 2264/2204/2095
f 1160/2176/2070 1163/2207/2098 2267/2206/2097
f 2267/2206/2097 1162/2208/2099 2266/2205/2096
f 2266/2205/2096 1161/2209/2100 2265/2203/2094
f 2265/2203/2094 468/1713/1618 1194/1735/1640
f 2262/2199/2090 1194/1735/1640 1195/1733/1638
f 2259/2200/2091 1195/1733/1638 1196/1732/1637
f 2269/2210/2101 2271/2211/2102 2268/2212/2103
f 2270/2213/2104 2272/2214/2105 2269/2210/2101
f 2272/2214/2105 2274/2215/2106 2271/2211/2102
f 2273/2216/2107 2275/2217/2108 2272/2214/2105
f 1161/2209/2100 959/1715/1620 468/1713/1618
f 1162/2208/2099 2268/2212/2103 1161/2209/2100
f 1163/2207/2098 2269/2210/2101 1162/2208/2099
f 498/2175/2069 2270/2213/2104 1163/2207/2098
f 1166/2218/2109 2273/2216/2107 2270/2213/2104
f 1165/2219/2110 2276/2220/2111 2273/2216/2107
f 1164/2221/2112 984/1833/1731 2276/2220/2111
f 2276/2220/2111 985/1831/1729 2275/2217/2108
f 2275/2217/2108 986/1832/1730 2274/2215/2106
f 2274/2215/2106 466/1717/1622 957/1718/1623
f 2271/2211/2102 957/1718/1623 958/1716/1621
f 2268/2212/2103 958/1716/1621 959/1715/1620
f 2278/2222/2113 2280/2223/2114 2277/2224/2115
f 2279/2225/2116 2281/2226/2117 2278/2222/2113
f 2281/2226/2117 2283/2227/2118 2280/2223/2114
f 2282/2228/2119 2284/2229/2120 2281/2226/2117
f 1143/2174/2068 1166/2218/2109 498/2175/2069
f 1144/2173/2067 2277/2224/2115 1143/2174/2068
f 1145/2172/2066 2278/2222/2113 1144/2173/2067
f 499/2230/2088 2279/2225/2116 1145/2172/2066
f 1169/2231/2121 2282/2228/2119 2279/2225/2116
f 2282/2228/2119 1167/2232/2122 2285/2233/2123
f 2285/2233/2123 474/2234/1913 981/2033/1931
f 2285/2233/2123 982/2032/1930 2284/2229/2120
f 2284/2229/2120 983/2031/1929 2283/2227/2118
f 2283/2227/2118 475/1834/1732 1164/2221/2112
f 2280/2223/2114 1164/2221/2112 1165/2219/2110
f 2277/2224/2115 1165/2219/2110 1166/2218/2109
f 2286/2235/2124 2290/2236/2125 2289/2237/2126
f 2287/2238/2127 2291/2239/2128 2290/2236/2125
f 2289/2237/2126 2293/2240/2129 2292/2241/2130
f 2290/2236/2125 2294/2242/2131 2293/2240/2129
f 499/2196/2088 2286/2235/2124 1169/2243/2121
f 1152/2194/2087 2287/2238/2127 2286/2235/2124
f 1153/2193/2086 2288/2244/2132 2287/2238/2127
f 1154/2192/2085 1172/2245/2133 2288/2244/2132
f 2288/2244/2132 1171/2246/2134 2291/2239/2128
f 2291/2239/2128 1170/2247/2135 2294/2242/2131
f 2294/2242/2131 473/1995/1893 978/2020/1918
f 2293/2240/2129 978/2020/1918 979/2018/1916
f 2292/2241/2130 979/2018/1916 980/2017/1915
f 1167/2248/2122 980/2017/1915 474/2015/1913
f 1168/2249/2136 2292/2241/2130 1167/2248/2122
f 1169/2243/2121 2289/2237/2126 1168/2249/2136
f 2295/2250/2137 2299/2251/2138 2298/2252/2139
f 2296/2253/2140 2300/2254/2141 2299/2251/2138
f 2298/2252/2139 2302/2255/2142 2301/2256/2143
f 2299/2251/2138 2303/2257/2144 2302/2255/2142
f 500/2191/2084 2295/2250/2137 1172/2245/2133
f 1175/2258/2145 2296/2253/2140 2295/2250/2137
f 1174/2259/2146 2297/2260/2147 2296/2253/2140
f 1173/2261/2148 1011/2085/1979 2297/2260/2147
f 2297/2260/2147 1012/2086/1980 2300/2254/2141
f 2300/2254/2141 1013/2084/1978 2303/2257/2144
f 2303/2257/2144 464/2083/1977 975/2000/1898
f 2302/2255/2142 975/2000/1898 976/1998/1896
f 2301/2256/2143 976/1998/1896 977/1997/1895
f 1170/2247/2135 977/1997/1895 473/1995/1893
f 1171/2246/2134 2301/2256/2143 1170/2247/2135
f 1172/2245/2133 2298/2252/2139 1171/2246/2134
f 2304/2262/2149 2308/2263/2150 2307/2264/2151
f 2305/2265/2152 2309/2266/2153 2308/2263/2150
f 2307/2264/2151 2311/2267/2154 2310/2268/2155
f 2308/2263/2150 2312/2269/2156 2311/2267/2154
f 435/1076/1005 2304/2262/2149 1149/2188/2081
f 794/1154/1079 2305/2265/2152 2304/2262/2149
f 793/1157/1082 2306/2270/2157 2305/2265/2152
f 792/1156/1081 1176/2157/2051 2306/2270/2157
f 2306/2270/2157 1177/2156/2050 2309/2266/2153
f 2309/2266/2153 1178/2154/2048 2312/2269/2156
f 2312/2269/2156 481/2087/1981 1173/2261/2148
f 2311/2267/2154 1173/2261/2148 1174/2259/2146
f 2310/2268/2155 1174/2259/2146 1175/2258/2145
f 1151/2190/2083 1175/2258/2145 500/2191/2084
f 1150/2189/2082 2310/2268/2155 1151/2190/2083
f 1149/2188/2081 2307/2264/2151 1150/2189/2082
f 2314/2271/2158 2316/2272/2159 2313/2273/2160
f 2315/2274/2161 2317/2275/2162 2314/2271/2158
f 2317/2275/2162 2319/2276/2163 2316/2272/2159
f 2318/2277/2164 2320/2278/2165 2317/2275/2162
f 1179/2279/2166 1335/2280/2167 501/2281/2168
f 1179/2279/2166 2314/2271/2158 2313/2273/2160
f 1181/2282/2169 2314/2271/2158 1180/2283/2170
f 502/2284/2171 2315/2274/2161 1181/2282/2169
f 1188/2285/2172 2318/2277/2164 2315/2274/2161
f 1189/2286/2173 2321/2287/2174 2318/2277/2164
f 1190/2288/2175 803/1175/1100 2321/2287/2174
f 2321/2287/2174 802/1173/1098 2320/2278/2165
f 2320/2278/2165 801/1172/1097 2319/2276/2163
f 2319/2276/2163 438/1171/1096 1337/2289/2176
f 2316/2272/2159 1337/2289/2176 1336/2290/2177
f 2313/2273/2160 1336/2290/2177 1335/2280/2167
f 2323/2291/2178 2325/2292/2179 2322/2293/2180
f 2324/2294/2181 2326/2295/2182 2323/2291/2178
f 2325/2292/2179 2329/2296/2183 2328/2297/2184
f 2326/2295/2182 2330/2298/2185 2329/2296/2183
f 1185/2299/2186 1188/2300/2172 502/2301/2171
f 1186/2302/2187 2322/2293/2180 1185/2299/2186
f 1187/2303/2188 2323/2291/2178 1186/2302/2187
f 515/2304/2189 2324/2294/2181 1187/2303/2188
f 2324/2294/2181 1123/2305/2190 2327/2306/2191
f 2327/2306/2191 1124/2307/2192 2330/2298/2185
f 2330/2298/2185 442/1199/1120 812/1198/1119
f 2329/2296/2183 812/1198/1119 811/1197/1118
f 2328/2297/2184 811/1197/1118 810/2308/2193
f 2328/2297/2184 440/1195/1116 1190/2309/2175
f 2325/2292/2179 1190/2309/2175 1189/2310/2173
f 2322/2293/2180 1189/2310/2173 1188/2300/2172
f 2332/2311/2194 2334/2312/2195 2331/2313/2196
f 2333/2314/2197 2335/2315/2198 2332/2311/2194
f 2335/2315/2198 2337/2316/2199 2334/2312/2195
f 2336/2317/2200 2338/2318/2201 2335/2315/2198
f 467/1668/1573 2331/2313/2196 962/1669/1574
f 988/1880/1778 2331/2313/2196 987/1881/1779
f 989/1879/1777 2332/2311/2194 988/1880/1778
f 476/2319/2202 2333/2314/2197 989/1879/1777
f 1209/2320/2203 2336/2317/2200 2333/2314/2197
f 1210/2321/2204 2339/2322/2205 2336/2317/2200
f 1211/2323/2206 1193/2324/2207 2339/2322/2205
f 2339/2322/2205 1192/2325/2208 2338/2318/2201
f 2338/2318/2201 1191/2326/2209 2337/2316/2199
f 2337/2316/2199 469/1649/1554 960/1671/1576
f 2334/2312/2195 960/1671/1576 961/1670/1575
f 2331/2313/2196 961/1670/1575 962/1669/1574
f 2341/2327/2210 2343/2328/2211 2340/2329/2212
f 2342/2330/2213 2344/2331/2214 2341/2327/2210
f 2344/2331/2214 2346/2332/2215 2343/2328/2211
f 2345/2333/2216 2347/2334/2217 2344/2331/2214
f 1191/2326/2209 1340/1650/1555 469/1649/1554
f 1192/2325/2208 2340/2329/2212 1191/2326/2209
f 1193/2324/2207 2341/2327/2210 1192/2325/2208
f 1193/2324/2207 1335/2280/2167 2342/2330/2213
f 1335/2280/2167 2345/2333/2216 2342/2330/2213
f 1336/2290/2177 2348/2335/2218 2345/2333/2216
f 1337/2289/2176 821/1234/1155 2348/2335/2218
f 2348/2335/2218 820/1232/1153 2347/2334/2217
f 2347/2334/2217 819/1231/1152 2346/2332/2215
f 2346/2332/2215 393/1230/1151 1338/1652/1557
f 2343/2328/2211 1338/1652/1557 1339/1651/1556
f 2340/2329/2212 1339/1651/1556 1340/1650/1555
f 2349/2336/2219 2353/2337/2220 2352/2338/2221
f 2350/2339/2222 2354/2340/2223 2353/2337/2220
f 2352/2338/2221 2356/2341/2224 2355/2342/2225
f 2353/2337/2220 2357/2343/2226 2356/2341/2224
f 1202/2344/2227 1122/2345/2228 515/2304/2189
f 1202/2344/2227 2350/2339/2222 2349/2336/2219
f 1201/2346/2229 2351/2347/2230 2350/2339/2222
f 1200/2348/2231 1332/2144/2038 2351/2347/2230
f 2351/2347/2230 1333/2143/2037 2354/2340/2223
f 2354/2340/2223 1334/2142/2036 2357/2343/2226
f 2357/2343/2226 409/1248/1169 822/1247/1168
f 2356/2341/2224 822/1247/1168 823/1246/1167
f 2355/2342/2225 823/1246/1167 824/1245/1166
f 1124/2307/2192 824/1245/1166 442/1199/1120
f 1123/2305/2190 2355/2342/2225 1124/2307/2192
f 1122/2345/2228 2352/2338/2221 1123/2305/2190
f 2358/2349/2232 2362/2350/2233 2361/2351/2234
f 2359/2352/2235 2363/2353/2236 2362/2350/2233
f 2361/2351/2234 2365/2354/2237 2364/2355/2238
f 2362/2350/2233 2366/2356/2239 2365/2354/2237
f 513/1952/1850 2358/2349/2232 1203/2357/2240
f 996/1950/1848 2359/2352/2235 2358/2349/2232
f 997/1949/1847 2360/2358/2241 2359/2352/2235
f 998/1948/1846 1014/2132/2026 2360/2358/2241
f 2360/2358/2241 1015/2131/2025 2363/2353/2236
f 2363/2353/2236 1016/2130/2024 2366/2356/2239
f 2366/2356/2239 482/2145/2039 1200/2348/2231
f 2365/2354/2237 1200/2348/2231 1201/2346/2229
f 2364/2355/2238 1201/2346/2229 1202/2344/2227
f 1205/2359/2242 1202/2344/2227 515/2304/2189
f 1204/2360/2243 2364/2355/2238 1205/2359/2242
f 1203/2357/2240 2361/2351/2234 1204/2360/2243
f 2368/2361/2244 2370/2362/2245 2367/2363/2246
f 2369/2364/2247 2371/2365/2248 2368/2361/2244
f 2371/2365/2248 2373/2366/2249 2370/2362/2245
f 2372/2367/2250 2374/2368/2251 2371/2365/2248
f 992/2369/2252 1209/2320/2203 476/2319/2202
f 991/2370/2253 2367/2363/2246 992/2369/2252
f 990/2371/2254 2368/2361/2244 991/2370/2253
f 504/2372/2255 2369/2364/2247 990/2371/2254
f 1245/2373/2256 2372/2367/2250 2369/2364/2247
f 2372/2367/2250 1247/2374/2257 2375/2375/2258
f 2375/2375/2258 510/2376/2259 995/2377/2260
f 2375/2375/2258 994/2378/2261 2374/2368/2251
f 2374/2368/2251 993/2379/2262 2373/2366/2249
f 2373/2366/2249 501/2281/2168 1211/2323/2206
f 2370/2362/2245 1211/2323/2206 1210/2321/2204
f 2367/2363/2246 1210/2321/2204 1209/2320/2203
f 2376/2380/2263 2380/2381/2264 2379/2382/2265
f 2377/2383/2266 2381/2384/2267 2380/2381/2264
f 2379/2382/2265 2383/2385/2268 2382/2386/2269
f 2380/2381/2264 2384/2387/2270 2383/2385/2268
f 502/2301/2171 2376/2380/2263 1185/2299/2186
f 1094/2388/2271 2377/2383/2266 2376/2380/2263
f 1093/2389/2272 2378/2390/2273 2377/2383/2266
f 511/2391/2274 2378/2390/2273 1092/2392/2275
f 1236/2393/2276 2381/2384/2267 2378/2390/2273
f 1237/2394/2277 2384/2387/2270 2381/2384/2267
f 2384/2387/2270 516/2395/2278 1208/2396/2279
f 2383/2385/2268 1208/2396/2279 1207/2397/2280
f 2382/2386/2269 1207/2397/2280 1206/2398/2281
f 1187/2303/2188 1206/2398/2281 515/2304/2189
f 1186/2302/2187 2382/2386/2269 1187/2303/2188
f 1185/2299/2186 2379/2382/2265 1186/2302/2187
f 2386/2399/2282 2388/2400/2283 2385/2401/2284
f 2387/2402/2285 2389/2403/2286 2386/2399/2282
f 2389/2403/2286 2391/2404/2287 2388/2400/2283
f 2390/2405/2288 2392/2406/2289 2389/2403/2286
f 1218/2407/2290 1226/2408/2291 507/2409/2292
f 1219/2410/2293 2385/2401/2284 1218/2407/2290
f 1220/2411/2294 2386/2399/2282 1219/2410/2293
f 508/2412/2295 2387/2402/2285 1220/2411/2294
f 1229/2413/2296 2390/2405/2288 2387/2402/2285
f 1228/2414/2297 2393/2415/2298 2390/2405/2288
f 1227/2416/2299 1214/2417/2300 2393/2415/2298
f 2393/2415/2298 1213/2418/2301 2392/2406/2289
f 2392/2406/2289 1212/2419/2302 2391/2404/2287
f 2391/2404/2287 504/2372/2255 1224/2420/2303
f 2388/2400/2283 1224/2420/2303 1225/2421/2304
f 2385/2401/2284 1225/2421/2304 1226/2408/2291
f 2395/2422/2305 2397/2423/2306 2394/2424/2307
f 2396/2425/2308 2398/2426/2309 2395/2422/2305
f 2398/2426/2309 2400/2427/2310 2397/2423/2306
f 2398/2426/2309 2402/2428/2311 2401/2429/2312
f 1221/2430/2313 1229/2431/2296 508/2432/2295
f 1222/2433/2314 2394/2424/2307 1221/2430/2313
f 1223/2434/2315 2395/2422/2305 1222/2433/2314
f 518/2435/2316 2396/2425/2308 1223/2434/2315
f 2396/2425/2308 1231/2436/2317 2399/2437/2318
f 2399/2437/2318 1230/2438/2319 2402/2428/2311
f 2402/2428/2311 517/2439/2320 1217/2440/2321
f 2401/2429/2312 1217/2440/2321 1216/2441/2322
f 2400/2427/2310 1216/2441/2322 1215/2442/2323
f 1227/2443/2299 1215/2442/2323 505/2444/2324
f 2397/2423/2306 1227/2443/2299 1228/2445/2297
f 2394/2424/2307 1228/2445/2297 1229/2431/2296
f 2403/2446/2325 2407/2447/2326 2406/2448/2327
f 2404/2449/2328 2408/2450/2329 2407/2447/2326
f 2406/2448/2327 2410/2451/2330 2409/2452/2331
f 2407/2447/2326 2411/2453/2332 2410/2451/2330
f 505/2444/2324 2403/2446/2325 1242/2454/2333
f 1215/2442/2323 2404/2449/2328 2403/2446/2325
f 1216/2441/2322 2405/2455/2334 2404/2449/2328
f 1217/2440/2321 1239/2456/2335 2405/2455/2334
f 2405/2455/2334 1240/2457/2336 2408/2450/2329
f 2408/2450/2329 1241/2458/2337 2411/2453/2332
f 2411/2453/2332 516/2395/2278 1238/2459/2338
f 2410/2451/2330 1238/2459/2338 1237/2394/2277
f 2409/2452/2331 1237/2394/2277 1236/2393/2276
f 1244/2460/2339 1236/2393/2276 511/2391/2274
f 1243/2461/2340 2409/2452/2331 1244/2460/2339
f 1242/2454/2333 2406/2448/2327 1243/2461/2340
f 2412/2462/2341 2416/2463/2342 2415/2464/2343
f 2413/2465/2344 2417/2466/2345 2416/2463/2342
f 2415/2464/2343 2419/2467/2346 2418/2468/2347
f 2416/2463/2342 2420/2469/2348 2419/2467/2346
f 1212/2419/2302 1245/2373/2256 504/2372/2255
f 1213/2418/2301 2412/2462/2341 1212/2419/2302
f 1214/2417/2300 2413/2465/2344 1213/2418/2301
f 505/2470/2324 2414/2471/2349 1214/2417/2300
f 1242/2472/2333 2417/2466/2345 2414/2471/2349
f 1243/2473/2340 2420/2469/2348 2417/2466/2345
f 1244/2474/2339 1235/2475/2350 2420/2469/2348
f 2419/2467/2346 1235/2475/2350 1234/2476/2351
f 2418/2468/2347 1234/2476/2351 1233/2477/2352
f 1247/2374/2257 1233/2477/2352 510/2376/2259
f 1246/2478/2353 2418/2468/2347 1247/2374/2257
f 1245/2373/2256 2415/2464/2343 1246/2478/2353
f 2422/2479/2354 2424/2480/2355 2421/2481/2356
f 2422/2479/2354 2426/2482/2357 2425/2483/2358
f 2425/2483/2358 2427/2484/2359 2424/2480/2355
f 2425/2483/2358 2429/2485/2360 2428/2486/2361
f 491/2487/1720 2421/2481/2356 1058/1774/1679
f 1259/2488/2362 2422/2479/2354 2421/2481/2356
f 1258/2489/2363 2423/2490/2364 2422/2479/2354
f 1257/2491/2365 1220/2411/2294 2423/2490/2364
f 2423/2490/2364 1219/2410/2293 2426/2482/2357
f 2426/2482/2357 1218/2407/2290 2429/2485/2360
f 2429/2485/2360 507/2409/2292 1256/2492/2366
f 2429/2485/2360 1255/2493/2367 2428/2486/2361
f 2428/2486/2361 1254/2494/2368 2427/2484/2359
f 2427/2484/2359 488/1777/1682 1056/1776/1681
f 2424/2480/2355 1056/1776/1681 1057/1775/1680
f 2421/2481/2356 1057/1775/1680 1058/1774/1679
f 2431/2495/2369 2433/2496/2370 2430/2497/2371
f 2432/2498/2372 2434/2499/2373 2431/2495/2369
f 2434/2499/2373 2436/2500/2374 2433/2496/2370
f 2435/2501/2375 2437/2502/2376 2434/2499/2373
f 1254/2494/2368 1091/1875/1773 488/1777/1682
f 1255/2493/2367 2430/2497/2371 1254/2494/2368
f 1256/2492/2366 2431/2495/2369 1255/2493/2367
f 507/2409/2292 2432/2498/2372 1256/2492/2366
f 1226/2408/2291 2435/2501/2375 2432/2498/2372
f 1225/2421/2304 2438/2503/2377 2435/2501/2375
f 1224/2420/2303 990/2371/2254 2438/2503/2377
f 2438/2503/2377 991/2370/2253 2437/2502/2376
f 2437/2502/2376 992/2369/2252 2436/2500/2374
f 2436/2500/2374 476/2319/2202 1089/1878/1776
f 2433/2496/2370 1089/1878/1776 1090/1876/1774
f 2430/2497/2371 1090/1876/1774 1091/1875/1773
f 2440/2504/2378 2442/2505/2379 2439/2506/2380
f 2441/2507/2381 2443/2508/2382 2440/2504/2378
f 2443/2508/2382 2445/2509/2383 2442/2505/2379
f 2444/2510/2384 2446/2511/2385 2443/2508/2382
f 993/2379/2262 1179/2279/2166 501/2281/2168
f 994/2378/2261 2439/2506/2380 993/2379/2262
f 995/2377/2260 2440/2504/2378 994/2378/2261
f 510/2376/2259 2441/2507/2381 995/2377/2260
f 1233/2477/2352 2444/2510/2384 2441/2507/2381
f 1234/2476/2351 2447/2512/2386 2444/2510/2384
f 2447/2512/2386 511/2513/2274 1092/2514/2275
f 2446/2511/2385 1092/2514/2275 1093/2515/2272
f 2446/2511/2385 1094/2516/2271 2445/2509/2383
f 1181/2282/2169 1094/2516/2271 502/2284/2171
f 2442/2505/2379 1181/2282/2169 1180/2283/2170
f 2439/2506/2380 1180/2283/2170 1179/2279/2166
f 2448/2517/2387 2452/2518/2388 2451/2519/2389
f 2449/2520/2390 2453/2521/2391 2452/2518/2388
f 2451/2519/2389 2455/2522/2392 2454/2523/2393
f 2452/2518/2388 2456/2524/2394 2455/2522/2392
f 514/1938/1836 2448/2517/2387 1073/1817/1717
f 1251/2525/2395 2449/2520/2390 2448/2517/2387
f 1252/2526/2396 2450/2527/2397 2449/2520/2390
f 1253/2528/2398 1223/2434/2315 2450/2527/2397
f 2450/2527/2397 1222/2433/2314 2453/2521/2391
f 2453/2521/2391 1221/2430/2313 2456/2524/2394
f 2456/2524/2394 508/2432/2295 1257/2529/2365
f 2455/2522/2392 1257/2529/2365 1258/2530/2363
f 2454/2523/2393 1258/2530/2363 1259/2531/2362
f 1071/1819/1719 1259/2531/2362 491/1820/1720
f 1072/1818/1718 2454/2523/2393 1071/1819/1719
f 1073/1817/1717 2451/2519/2389 1072/1818/1718
f 2458/2532/2399 2460/2533/2400 2457/2534/2401
f 2458/2532/2399 2462/2535/2402 2461/2536/2403
f 2460/2533/2400 2464/2537/2404 2463/2538/2405
f 2461/2536/2403 2465/2539/2406 2464/2537/2404
f 1280/2540/2407 1262/2541/2408 494/2542/2409
f 1279/2543/2410 2457/2534/2401 1280/2540/2407
f 1278/2544/2411 2458/2532/2399 1279/2543/2410
f 514/1938/1836 2459/2545/2412 1278/2544/2411
f 2459/2545/2412 1096/1953/1851 2462/2535/2402
f 2462/2535/2402 1095/1951/1849 2465/2539/2406
f 2465/2539/2406 513/1952/1850 1283/2546/2413
f 2464/2537/2404 1283/2546/2413 1282/2547/2414
f 2463/2538/2405 1282/2547/2414 1281/2548/2415
f 1260/2549/2416 1281/2548/2415 477/1928/1826
f 1261/2550/2417 2463/2538/2405 1260/2549/2416
f 2457/2534/2401 1261/2550/2417 1262/2541/2408
f 2466/2551/2418 2470/2552/2419 2469/2553/2420
f 2467/2554/2421 2471/2555/2422 2470/2552/2419
f 2469/2553/2420 2473/2556/2423 2472/2557/2424
f 2470/2552/2419 2474/2558/2425 2473/2556/2423
f 477/1928/1826 2466/2551/2418 1263/1927/1825
f 1281/2548/2415 2467/2554/2421 2466/2551/2418
f 1282/2547/2414 2468/2559/2426 2467/2554/2421
f 1283/2546/2413 1203/2357/2240 2468/2559/2426
f 2468/2559/2426 1204/2360/2243 2471/2555/2422
f 2471/2555/2422 1205/2359/2242 2474/2558/2425
f 2474/2558/2425 515/2304/2189 1286/2560/2427
f 2473/2556/2423 1286/2560/2427 1285/2561/2428
f 2472/2557/2424 1285/2561/2428 1284/2562/2429
f 1265/1915/1813 1284/2562/2429 503/1914/1812
f 1264/1929/1827 2472/2557/2424 1265/1915/1813
f 2466/2551/2418 1264/1929/1827 1263/1927/1825
f 2475/2563/2430 2479/2564/2431 2478/2565/2432
f 2476/2566/2433 2480/2567/2434 2479/2564/2431
f 2478/2565/2432 2482/2568/2435 2481/2569/2436
f 2479/2564/2431 2483/2570/2437 2482/2568/2435
f 503/1914/1812 2475/2563/2430 1266/2571/2438
f 1284/2562/2429 2476/2566/2433 2475/2563/2430
f 1285/2561/2428 2477/2572/2439 2476/2566/2433
f 1286/2560/2427 1206/2398/2281 2477/2572/2439
f 2477/2572/2439 1207/2397/2280 2480/2567/2434
f 1207/2397/2280 2483/2570/2437 2480/2567/2434
f 1208/2396/2279 1289/2573/2440 2483/2570/2437
f 2483/2570/2437 1288/2574/2441 2482/2568/2435
f 2482/2568/2435 1287/2575/2442 2481/2569/2436
f 2481/2569/2436 512/1903/1801 1268/2576/2443
f 1267/2577/2444 2481/2569/2436 1268/2576/2443
f 1266/2571/2438 2478/2565/2432 1267/2577/2444
f 2484/2578/2445 2488/2579/2446 2487/2580/2447
f 2485/2581/2448 2489/2582/2449 2488/2579/2446
f 2487/2580/2447 2491/2583/2450 2490/2584/2451
f 2488/2579/2446 2492/2585/2452 2491/2583/2450
f 1292/2586/2453 1269/2587/2454 506/1892/1790
f 1292/2586/2453 2485/2581/2448 2484/2578/2445
f 1291/2588/2455 2486/2589/2456 2485/2581/2448
f 1290/2590/2457 1230/2438/2319 2486/2589/2456
f 2486/2589/2456 1231/2436/2317 2489/2582/2449
f 2489/2582/2449 1232/2591/2458 2492/2585/2452
f 2492/2585/2452 518/2435/2316 1295/2592/2459
f 2491/2583/2450 1295/2592/2459 1294/2593/2460
f 2490/2584/2451 1294/2593/2460 1293/2594/2461
f 1271/2595/2462 1293/2594/2461 509/2596/2463
f 1270/2597/2464 2490/2584/2451 1271/2595/2462
f 1269/2587/2454 2487/2580/2447 1270/2597/2464
f 2494/2598/2465 2496/2599/2466 2493/2600/2467
f 2495/2601/2468 2497/2602/2469 2494/2598/2465
f 2497/2602/2469 2499/2603/2470 2496/2599/2466
f 2498/2604/2471 2500/2605/2472 2497/2602/2469
f 1287/2575/2442 1274/1904/1802 512/1903/1801
f 1288/2574/2441 2493/2600/2467 1287/2575/2442
f 1289/2573/2440 2494/2598/2465 1288/2574/2441
f 516/2395/2278 2495/2601/2468 1289/2573/2440
f 1241/2458/2337 2498/2604/2471 2495/2601/2468
f 1240/2457/2336 2501/2606/2473 2498/2604/2471
f 2501/2606/2473 517/2439/2320 1290/2590/2457
f 2501/2606/2473 1291/2588/2455 2500/2605/2472
f 2500/2605/2472 1292/2586/2453 2499/2603/2470
f 2499/2603/2470 506/1892/1790 1272/1891/1789
f 2496/2599/2466 1272/1891/1789 1273/1905/1803
f 2493/2600/2467 1273/1905/1803 1274/1904/1802
f 2503/2607/2474 2505/2608/2475 2502/2609/2476
f 2504/2610/2477 2506/2611/2478 2503/2607/2474
f 2506/2611/2478 2508/2612/2479 2505/2608/2475
f 2507/2613/2480 2509/2614/2481 2506/2611/2478
f 509/2596/2463 2502/2609/2476 1277/2615/2482
f 1294/2593/2460 2502/2609/2476 1293/2594/2461
f 1295/2592/2459 2503/2607/2474 1294/2593/2460
f 518/2435/2316 2504/2610/2477 1295/2592/2459
f 1253/2528/2398 2507/2613/2480 2504/2610/2477
f 1252/2526/2396 2510/2616/2483 2507/2613/2480
f 1251/2525/2395 1278/2544/2411 2510/2616/2483
f 2510/2616/2483 1279/2543/2410 2509/2614/2481
f 2509/2614/2481 1280/2540/2407 2508/2612/2479
f 2508/2612/2479 494/2542/2409 1275/2617/2484
f 2505/2608/2475 1275/2617/2484 1276/2618/2485
f 2502/2609/2476 1276/2618/2485 1277/2615/2482
f 2511/2619/2486 2515/2620/2487 2514/2621/2488
f 2512/2622/2489 2516/2623/2490 2515/2620/2487
f 2514/2621/2488 2518/2624/2491 2517/2625/2492
f 2515/2620/2487 2519/2626/2493 2518/2624/2491
f 519/1923/1821 2511/2619/2486 1299/2627/2494
f 1296/2628/2495 2512/2622/2489 2511/2619/2486
f 1297/2629/2496 2513/2630/2497 2512/2622/2489
f 1298/2631/2498 1308/2632/2499 2513/2630/2497
f 2513/2630/2497 1309/2633/2500 2516/2623/2490
f 2516/2623/2490 1310/2634/2501 2519/2626/2493
f 2519/2626/2493 524/2635/2502 1316/2636/2503
f 2518/2624/2491 1316/2636/2503 1315/2637/2504
f 2517/2625/2492 1315/2637/2504 1314/2638/2505
f 2517/2625/2492 521/2639/2506 1301/2640/2507
f 2514/2621/2488 1301/2640/2507 1300/2641/2508
f 1299/2627/2494 2514/2621/2488 1300/2641/2508
f 2520/2642/2509 2524/2643/2510 2523/2644/2511
f 2522/2645/2512 2524/2643/2510 2521/2646/2513
f 2523/2644/2511 2527/2647/2514 2526/2648/2515
f 2524/2643/2510 2528/2649/2516 2527/2647/2514
f 522/2650/2517 2520/2642/2509 1304/1920/1818
f 1305/2651/2518 2521/2646/2513 2520/2642/2509
f 1307/2652/2519 2521/2646/2513 1306/2653/2520
f 523/2654/2521 2522/2645/2512 1307/2652/2519
f 1313/1899/1797 2525/2655/2522 2522/2645/2512
f 1312/1897/1795 2528/2649/2516 2525/2655/2522
f 2528/2649/2516 520/1895/1793 1298/2631/2498
f 2527/2647/2514 1298/2631/2498 1297/2629/2496
f 2526/2648/2515 1297/2629/2496 1296/2628/2495
f 1302/1922/1820 1296/2628/2495 519/1923/1821
f 1303/1921/1819 2526/2648/2515 1302/1922/1820
f 1304/1920/1818 2523/2644/2511 1303/1921/1819
f 2530/2656/2523 2532/2657/2524 2529/2658/2525
f 2531/2659/2526 2533/2660/2527 2530/2656/2523
f 2532/2657/2524 2536/2661/2528 2535/2662/2529
f 2533/2660/2527 2537/2663/2530 2536/2661/2528
f 1320/1902/1800 1268/2576/2443 512/1903/1801
f 1321/1901/1799 2529/2658/2525 1320/1902/1800
f 1322/1900/1798 2530/2656/2523 1321/1901/1799
f 523/2654/2521 2531/2659/2526 1322/1900/1798
f 1307/2652/2519 2534/2664/2531 2531/2659/2526
f 2534/2664/2531 1305/2651/2518 2537/2663/2530
f 2537/2663/2530 522/2650/2517 1317/1919/1817
f 2536/2661/2528 1317/1919/1817 1318/1917/1815
f 2535/2662/2529 1318/1917/1815 1319/1916/1814
f 1266/2571/2438 1319/1916/1814 503/1914/1812
f 1267/2577/2444 2535/2662/2529 1266/2571/2438
f 2529/2658/2525 1267/2577/2444 1268/2576/2443
f 2538/2665/2532 2542/2666/2533 2541/2667/2534
f 2539/2668/2535 2543/2669/2536 2542/2666/2533
f 2542/2666/2533 2544/2670/2537 2541/2667/2534
f 2543/2669/2536 2545/2671/2538 2542/2666/2533
f 477/1928/1826 2538/2665/2532 1260/2549/2416
f 1248/1926/1824 2539/2668/2535 2538/2665/2532
f 1249/1925/1823 2540/2672/2539 2539/2668/2535
f 1250/1924/1822 1299/2627/2494 2540/2672/2539
f 2540/2672/2539 1300/2641/2508 2543/2669/2536
f 1300/2641/2508 2546/2673/2540 2543/2669/2536
f 1301/2640/2507 1328/2674/2541 2546/2673/2540
f 2546/2673/2540 1327/2675/2542 2545/2671/2538
f 2545/2671/2538 1326/2676/2543 2544/2670/2537
f 2544/2670/2537 494/2542/2409 1262/2541/2408
f 2541/2667/2534 1262/2541/2408 1261/2550/2417
f 1260/2549/2416 2541/2667/2534 1261/2550/2417
f 2548/2677/2544 2550/2678/2545 2547/2679/2546
f 2549/2680/2547 2551/2681/2548 2548/2677/2544
f 2550/2678/2545 2554/2682/2549 2553/2683/2550
f 2551/2681/2548 2555/2684/2551 2554/2682/2549
f 1326/2676/2543 1275/2617/2484 494/2542/2409
f 1327/2675/2542 2547/2679/2546 1326/2676/2543
f 1328/2674/2541 2548/2677/2544 1327/2675/2542
f 521/2639/2506 2549/2680/2547 1328/2674/2541
f 1314/2638/2505 2552/2685/2552 2549/2680/2547
f 2552/2685/2552 1316/2636/2503 2555/2684/2551
f 2555/2684/2551 524/2635/2502 1331/2686/2553
f 2554/2682/2549 1331/2686/2553 1330/2687/2554
f 2553/2683/2550 1330/2687/2554 1329/2688/2555
f 1277/2615/2482 1329/2688/2555 509/2596/2463
f 2550/2678/2545 1277/2615/2482 1276/2618/2485
f 2547/2679/2546 1276/2618/2485 1275/2617/2484
f 2556/2689/2556 2560/2690/2557 2559/2691/2558
f 2557/2692/2559 2561/2693/2560 2560/2690/2557
f 2559/2691/2558 2563/2694/2561 2562/2695/2562
f 2560/2690/2557 2564/2696/2563 2563/2694/2561
f 509/2596/2463 2556/2689/2556 1271/2595/2462
f 1329/2688/2555 2557/2692/2559 2556/2689/2556
f 1330/2687/2554 2558/2697/2564 2557/2692/2559
f 1331/2686/2553 1310/2634/2501 2558/2697/2564
f 2558/2697/2564 1309/2633/2500 2561/2693/2560
f 2561/2693/2560 1308/2632/2499 2564/2696/2563
f 2564/2696/2563 520/1895/1793 1323/1894/1792
f 2563/2694/2561 1323/1894/1792 1324/1893/1791
f 2563/2694/2561 1325/1890/1788 2562/2695/2562
f 2562/2695/2562 506/1892/1790 1269/2587/2454
f 1270/2597/2464 2562/2695/2562 1269/2587/2454
f 1271/2595/2462 2559/2691/2558 1270/2597/2464
f 1342/442/387 1345/446/391 1344/443/388
f 1343/445/390 1346/457/402 1345/446/391
f 1345/446/391 1348/449/394 1347/447/392
f 1345/446/391 1346/457/402 1349/448/393
f 597/450/395 1341/444/389 603/451/396
f 598/453/398 1342/442/387 1341/444/389
f 599/454/399 1343/445/390 1342/442/387
f 599/454/399 411/474/419 606/455/400
f 1343/445/390 606/455/400 607/456/401
f 1346/457/402 607/456/401 608/458/403
f 1349/448/393 608/458/403 414/459/404
f 1348/449/394 1349/448/393 614/460/405
f 1348/449/394 613/461/406 612/462/407
f 1347/447/392 612/462/407 413/463/408
f 1344/443/388 1347/447/392 605/464/409
f 1341/444/389 1344/443/388 604/465/410
f 1350/466/411 1351/469/414 1354/467/412
f 1351/469/414 1352/477/422 1355/470/415
f 1353/468/413 1354/467/412 1357/471/416
f 1354/467/412 1355/470/415 1358/473/418
f 411/474/419 600/475/420 1350/466/411
f 600/475/420 601/476/421 1351/469/414
f 601/476/421 602/478/423 1352/477/422
f 602/478/423 412/494/439 609/479/424
f 1352/477/422 609/479/424 610/480/425
f 1355/470/415 610/480/425 611/481/426
f 1358/473/418 611/481/426 415/482/427
f 1357/471/416 1358/473/418 617/483/428
f 1356/472/417 1357/471/416 616/484/429
f 608/458/403 1356/472/417 615/485/430
f 607/456/401 1353/468/413 1356/472/417
f 606/455/400 1350/466/411 1353/468/413
f 1359/486/431 1360/489/434 1363/487/432
f 1360/489/434 1361/497/442 1364/490/435
f 1362/488/433 1363/487/432 1366/491/436
f 1363/487/432 1364/490/435 1367/493/438
f 412/494/439 620/495/440 1359/486/431
f 620/495/440 619/496/441 1360/489/434
f 619/496/441 618/498/443 1361/497/442
f 618/498/443 393/1230/1151 531/499/444
f 1361/497/442 531/499/444 532/500/445
f 1364/490/435 532/500/445 533/501/446
f 1367/493/438 533/501/446 394/502/447
f 1366/491/436 1367/493/438 621/503/448
f 1365/492/437 1366/491/436 622/504/449
f 611/481/426 1365/492/437 623/505/450
f 610/480/425 1362/488/433 1365/492/437
f 609/479/424 1359/486/431 1362/488/433
f 1368/506/451 1369/509/454 1372/507/452
f 1369/509/454 1370/515/460 1373/510/455
f 1371/508/453 1372/507/452 1375/511/456
f 1372/507/452 1373/510/455 1376/513/458
f 415/482/427 623/505/450 1368/506/451
f 623/505/450 622/504/449 1369/509/454
f 622/504/449 621/503/448 1370/515/460
f 621/503/448 394/502/447 534/516/461
f 1370/515/460 534/516/461 535/517/462
f 1373/510/455 535/517/462 536/518/463
f 1376/513/458 536/518/463 390/519/464
f 1375/511/456 1376/513/458 537/520/465
f 1374/512/457 1375/511/456 538/521/466
f 624/523/468 1374/512/457 539/522/467
f 625/525/470 1371/508/453 1374/512/457
f 626/514/459 1368/506/451 1371/508/453
f 1377/526/471 1378/529/474 1381/527/472
f 1378/529/474 1379/535/480 1382/530/475
f 1380/528/473 1381/527/472 1384/531/476
f 1381/527/472 1382/530/475 1385/533/478
f 414/459/404 615/485/430 1377/526/471
f 615/485/430 616/484/429 1378/529/474
f 616/484/429 617/483/428 1379/535/480
f 617/483/428 415/482/427 626/514/459
f 1379/535/480 626/514/459 625/525/470
f 1382/530/475 625/525/470 624/523/468
f 1385/533/478 624/523/468 395/524/469
f 1384/531/476 1385/533/478 540/536/481
f 1383/532/477 1384/531/476 541/537/482
f 627/539/484 1383/532/477 542/538/483
f 628/541/486 1380/528/473 1383/532/477
f 629/534/479 1377/526/471 1380/528/473
f 1387/542/487 1390/546/491 1389/543/488
f 1387/542/487 1388/551/496 1391/545/490
f 1390/546/491 1393/549/494 1392/547/492
f 1390/546/491 1391/545/490 1394/548/493
f 612/462/407 1386/544/489 632/550/495
f 613/461/406 1387/542/487 1386/544/489
f 613/461/406 614/460/405 1388/551/496
f 614/460/405 414/459/404 629/534/479
f 1388/551/496 629/534/479 628/541/486
f 1391/545/490 628/541/486 627/539/484
f 1394/548/493 627/539/484 396/540/485
f 1393/549/494 1394/548/493 543/552/497
f 1392/547/492 1393/549/494 544/553/498
f 1392/547/492 545/554/499 397/555/500
f 1389/543/488 1392/547/492 630/556/501
f 1386/544/489 1389/543/488 631/557/502
f 1396/558/503 1399/562/507 1398/559/504
f 1397/561/506 1400/564/509 1399/562/507
f 1399/562/507 1402/565/510 1401/563/508
f 1400/564/509 1403/571/516 1402/565/510
f 391/566/511 633/569/514 1395/560/505
f 634/568/513 1396/558/503 1395/560/505
f 635/570/515 1397/561/506 1396/558/503
f 413/463/408 632/550/495 1397/561/506
f 632/550/495 631/557/502 1400/564/509
f 631/557/502 630/556/501 1403/571/516
f 630/556/501 397/555/500 546/572/517
f 1403/571/516 546/572/517 547/573/518
f 1402/565/510 547/573/518 548/574/519
f 1401/563/508 548/574/519 389/575/520
f 526/577/522 1398/559/504 1401/563/508
f 527/567/512 1395/560/505 1398/559/504
f 1404/578/523 1405/582/527 1408/579/524
f 1406/581/526 1409/585/530 1408/579/524
f 1407/580/525 1408/579/524 1411/583/528
f 1409/585/530 1412/591/536 1411/583/528
f 392/586/531 636/588/533 1404/578/523
f 636/588/533 637/590/535 1405/582/527
f 638/589/534 1406/581/526 1405/582/527
f 410/452/397 603/451/396 1406/581/526
f 603/451/396 604/465/410 1409/585/530
f 604/465/410 605/464/409 1412/591/536
f 605/464/409 413/463/408 635/570/515
f 1412/591/536 635/570/515 634/568/513
f 1410/584/529 1411/583/528 634/568/513
f 528/592/537 1410/584/529 633/569/514
f 529/593/538 1407/580/525 1410/584/529
f 530/587/532 1404/578/523 1407/580/525
f 1413/594/539 1414/597/542 1417/595/540
f 1414/597/542 1415/606/551 1418/598/543
f 1416/596/541 1417/595/540 1420/599/544
f 1417/595/540 1418/598/543 1421/601/546
f 416/602/547 639/604/549 1413/594/539
f 639/604/549 640/605/550 1414/597/542
f 640/605/550 641/607/552 1415/606/551
f 641/607/552 417/626/571 648/608/553
f 1415/606/551 648/608/553 649/609/554
f 1418/598/543 649/609/554 650/610/555
f 1421/601/546 650/610/555 420/611/556
f 1420/599/544 1421/601/546 656/612/557
f 1419/600/545 1420/599/544 655/613/558
f 647/615/560 1419/600/545 654/614/559
f 646/617/562 1416/596/541 1419/600/545
f 645/603/548 1413/594/539 1416/596/541
f 1422/618/563 1423/621/566 1426/619/564
f 1423/621/566 1424/629/574 1427/622/567
f 1425/620/565 1426/619/564 1429/623/568
f 1426/619/564 1427/622/567 1430/625/570
f 417/626/571 642/627/572 1422/618/563
f 642/627/572 643/628/573 1423/621/566
f 643/628/573 644/631/576 1424/629/574
f 418/630/575 651/1392/1304 1424/629/574
f 1424/629/574 651/1392/1304 652/632/577
f 1427/622/567 652/632/577 653/633/578
f 653/633/578 421/1390/609 659/634/579
f 1430/625/570 659/634/579 658/635/580
f 1429/623/568 658/635/580 657/636/581
f 650/610/555 1428/624/569 657/636/581
f 649/609/554 1425/620/565 1428/624/569
f 648/608/553 1422/618/563 1425/620/565
f 1431/637/582 1432/640/585 1435/638/583
f 1432/640/585 1433/649/591 1436/641/586
f 1434/639/584 1435/638/583 1438/642/587
f 1435/638/583 1436/641/586 1439/644/589
f 419/645/561 654/647/559 1431/637/582
f 654/647/559 655/648/558 1432/640/585
f 655/648/558 656/651/557 1433/649/591
f 420/650/556 663/652/592 1433/649/591
f 663/652/592 664/653/593 1436/641/586
f 664/653/593 665/654/594 1439/644/589
f 665/654/594 423/680/617 671/655/595
f 1438/642/587 1439/644/589 671/655/595
f 1437/643/588 1438/642/587 670/656/596
f 662/658/598 1437/643/588 669/657/597
f 661/660/600 1434/639/584 1437/643/588
f 660/646/590 1431/637/582 1434/639/584
f 1441/661/601 1444/665/605 1443/662/602
f 1442/664/604 1445/667/607 1444/665/605
f 1444/665/605 1447/668/608 1446/666/606
f 1445/667/607 1448/675/612 1447/668/608
f 657/669/581 1440/663/603 663/652/592
f 658/670/580 1441/661/601 1440/663/603
f 659/671/579 1442/664/604 1441/661/601
f 421/672/609 666/673/610 1442/664/604
f 666/673/610 667/674/611 1445/667/607
f 667/674/611 668/676/613 1448/675/612
f 668/676/613 453/795/732 674/677/614
f 1448/675/612 674/677/614 673/678/615
f 1447/668/608 673/678/615 672/679/616
f 1446/666/606 672/679/616 423/680/617
f 1443/662/602 1446/666/606 665/654/594
f 1440/663/603 1443/662/602 664/653/593
f 1450/681/618 1453/685/622 1452/682/619
f 1451/684/621 1454/687/624 1453/685/622
f 1453/685/622 1456/688/625 1455/686/623
f 1454/687/624 1457/692/629 1456/688/625
f 389/575/520 548/574/519 1449/683/620
f 547/573/518 1450/681/618 1449/683/620
f 546/572/517 1451/684/621 1450/681/618
f 397/555/500 675/690/627 1451/684/621
f 675/690/627 676/691/628 1454/687/624
f 676/691/628 677/693/630 1457/692/629
f 677/693/630 416/602/547 710/694/631
f 1457/692/629 710/694/631 709/695/632
f 1456/688/625 709/695/632 708/696/633
f 1455/686/623 708/696/633 400/697/634
f 1452/682/619 1455/686/623 558/698/635
f 1449/683/620 1452/682/619 559/699/636
f 1458/700/637 1459/703/640 1462/701/638
f 1459/703/640 1460/708/645 1463/704/641
f 1461/702/639 1462/701/638 1465/705/642
f 1462/701/638 1463/704/641 1466/707/644
f 545/554/499 1458/700/637 675/690/627
f 545/554/499 544/553/498 1459/703/640
f 544/553/498 543/552/497 1460/708/645
f 543/552/497 396/540/485 678/709/646
f 1460/708/645 678/709/646 679/710/647
f 1463/704/641 679/710/647 680/711/648
f 1466/707/644 680/711/648 417/626/571
f 1465/705/642 1466/707/644 641/607/552
f 1464/706/643 1465/705/642 640/605/550
f 677/693/630 1464/706/643 639/604/549
f 676/691/628 1461/702/639 1464/706/643
f 675/690/627 1458/700/637 1461/702/639
f 1467/712/649 1468/715/652 1471/713/650
f 1468/715/652 1469/719/656 1472/716/653
f 1470/714/651 1471/713/650 1474/717/654
f 1472/716/653 1475/722/659 1474/717/654
f 396/540/485 542/538/483 1467/712/649
f 542/538/483 541/537/482 1468/715/652
f 541/537/482 540/536/481 1469/719/656
f 540/536/481 395/524/469 681/720/657
f 1469/719/656 681/720/657 682/721/658
f 682/721/658 683/723/660 1475/722/659
f 683/723/660 418/630/575 644/631/576
f 1475/722/659 644/631/576 643/628/573
f 1473/718/655 1474/717/654 643/628/573
f 680/711/648 1473/718/655 642/627/572
f 679/710/647 1470/714/651 1473/718/655
f 678/709/646 1467/712/649 1470/714/651
f 1476/724/661 1477/727/664 1480/725/662
f 1477/727/664 1478/731/668 1481/728/665
f 1480/725/662 1483/730/667 1482/729/666
f 1481/728/665 1484/734/671 1483/730/667
f 395/524/469 539/522/467 1476/724/661
f 539/522/467 538/521/466 1477/727/664
f 538/521/466 537/520/465 1478/731/668
f 537/520/465 390/519/464 561/732/669
f 1478/731/668 561/732/669 562/733/670
f 562/733/670 563/735/672 1484/734/671
f 563/735/672 401/1221/1142 684/736/673
f 1484/734/671 684/736/673 685/737/674
f 1483/730/667 685/737/674 686/738/675
f 1482/729/666 686/738/675 418/630/575
f 1479/726/663 1482/729/666 683/723/660
f 681/720/657 1476/724/661 1479/726/663
f 1486/739/676 1489/743/680 1488/740/677
f 1487/742/679 1490/745/682 1489/743/680
f 1489/743/680 1492/746/683 1491/744/681
f 1490/745/682 1493/755/692 1492/746/683
f 897/747/684 1485/741/678 950/748/685
f 898/750/687 1486/739/676 1485/741/678
f 899/751/688 1487/742/679 1486/739/676
f 451/752/689 945/753/690 1487/742/679
f 945/753/690 946/754/691 1490/745/682
f 946/754/691 947/756/693 1493/755/692
f 947/756/693 462/1556/1461 938/757/694
f 1493/755/692 938/757/694 937/758/695
f 1492/746/683 937/758/695 936/759/696
f 1491/744/681 936/759/696 459/760/697
f 1488/740/677 1491/744/681 948/761/698
f 1485/741/678 1488/740/677 949/762/699
f 1494/763/700 1495/766/703 1498/764/701
f 1495/766/703 1496/775/712 1499/767/704
f 1497/765/702 1498/764/701 1501/768/705
f 1498/764/701 1499/767/704 1502/770/707
f 441/771/708 890/773/710 1494/763/700
f 890/773/710 889/774/711 1495/766/703
f 889/774/711 888/776/713 1496/775/712
f 888/776/713 402/1464/1369 873/777/714
f 1496/775/712 873/777/714 874/778/715
f 1499/767/704 874/778/715 875/779/716
f 1502/770/707 875/779/716 458/780/717
f 1501/768/705 1502/770/707 927/781/718
f 1500/769/706 1501/768/705 928/782/719
f 942/784/721 1500/769/706 929/783/720
f 943/786/723 1497/765/702 1500/769/706
f 944/772/709 1494/763/700 1497/765/702
f 1503/787/724 1504/790/727 1507/788/725
f 1504/790/727 1505/799/736 1508/791/728
f 1506/789/726 1507/788/725 1510/792/729
f 1507/788/725 1508/791/728 1511/794/731
f 453/795/732 692/797/734 1503/787/724
f 692/797/734 691/798/735 1504/790/727
f 691/798/735 690/800/737 1505/799/736
f 690/800/737 452/1259/1180 570/801/738
f 1505/799/736 570/801/738 571/802/739
f 1508/791/728 571/802/739 572/803/740
f 1511/794/731 572/803/740 388/804/741
f 1510/792/729 1511/794/731 573/805/742
f 1509/793/730 1510/792/729 574/806/743
f 693/808/745 1509/793/730 575/807/744
f 694/810/747 1506/789/726 1509/793/730
f 695/796/733 1503/787/724 1506/789/726
f 1512/811/748 1513/814/751 1516/812/749
f 1513/814/751 1514/820/757 1517/815/752
f 1515/813/750 1516/812/749 1519/816/753
f 1516/812/749 1517/815/752 1520/818/755
f 672/679/616 1512/811/748 698/819/756
f 673/678/615 1513/814/751 1512/811/748
f 673/678/615 674/677/614 1514/820/757
f 674/677/614 453/795/732 695/796/733
f 1514/820/757 695/796/733 694/810/747
f 1517/815/752 694/810/747 693/808/745
f 1520/818/755 693/808/745 403/809/746
f 1519/816/753 1520/818/755 576/821/758
f 1518/817/754 1519/816/753 577/822/759
f 696/824/761 1518/817/754 578/823/760
f 697/826/763 1515/813/750 1518/817/754
f 698/819/756 1512/811/748 1515/813/750
f 1521/827/764 1522/830/767 1525/828/765
f 1522/830/767 1523/836/773 1526/831/768
f 1524/829/766 1525/828/765 1528/832/769
f 1525/828/765 1526/831/768 1529/834/771
f 422/659/599 669/657/597 1521/827/764
f 669/657/597 670/656/596 1522/830/767
f 670/656/596 671/655/595 1523/836/773
f 423/680/617 698/819/756 1523/836/773
f 1523/836/773 698/819/756 697/826/763
f 1526/831/768 697/826/763 696/824/761
f 1529/834/771 696/824/761 404/825/762
f 1528/832/769 1529/834/771 579/837/774
f 1527/833/770 1528/832/769 580/838/775
f 699/840/777 1527/833/770 581/839/776
f 700/842/779 1524/829/766 1527/833/770
f 701/835/772 1521/827/764 1524/829/766
f 1530/843/780 1531/846/783 1534/844/781
f 1531/846/783 1532/855/792 1535/847/784
f 1533/845/782 1534/844/781 1537/848/785
f 1534/844/781 1535/847/784 1538/850/787
f 398/851/788 702/853/790 1530/843/780
f 702/853/790 703/854/791 1531/846/783
f 703/854/791 704/856/793 1532/855/792
f 704/856/793 422/659/599 701/835/772
f 1532/855/792 701/835/772 700/842/779
f 1535/847/784 700/842/779 699/840/777
f 1538/850/787 699/840/777 405/841/778
f 1537/848/785 1538/850/787 582/857/794
f 1536/849/786 1537/848/785 583/858/795
f 549/860/797 1536/849/786 584/859/796
f 550/862/799 1533/845/782 1536/849/786
f 551/852/789 1530/843/780 1533/845/782
f 1539/863/800 1540/866/803 1543/864/801
f 1540/866/803 1541/875/812 1544/867/804
f 1542/865/802 1543/864/801 1546/868/805
f 1543/864/801 1544/867/804 1547/870/807
f 399/871/808 705/873/810 1539/863/800
f 705/873/810 706/874/811 1540/866/803
f 706/874/811 707/876/813 1541/875/812
f 707/876/813 419/645/561 660/646/590
f 1541/875/812 660/646/590 661/660/600
f 1544/867/804 661/660/600 662/658/598
f 1547/870/807 662/658/598 422/659/599
f 1546/868/805 1547/870/807 704/856/793
f 1545/869/806 1546/868/805 703/854/791
f 552/877/814 1545/869/806 702/853/790
f 553/878/815 1542/865/802 1545/869/806
f 554/872/809 1539/863/800 1542/865/802
f 1549/879/816 1552/883/820 1551/880/817
f 1550/882/819 1553/888/825 1552/883/820
f 1552/883/820 1555/886/823 1554/884/821
f 1552/883/820 1553/888/825 1556/885/822
f 708/696/633 1548/881/818 557/887/824
f 709/695/632 1549/879/816 1548/881/818
f 710/694/631 1550/882/819 1549/879/816
f 710/694/631 416/602/547 645/603/548
f 1550/882/819 645/603/548 646/617/562
f 1553/888/825 646/617/562 647/615/560
f 1556/885/822 647/615/560 419/616/561
f 1555/886/823 1556/885/822 707/889/813
f 1554/884/821 1555/886/823 706/890/811
f 555/892/826 1554/884/821 705/891/810
f 1551/880/817 1554/884/821 555/892/826
f 1548/881/818 1551/880/817 556/894/827
f 1557/895/828 1558/898/831 1561/896/829
f 1558/898/831 1559/907/840 1562/899/832
f 1560/897/830 1561/896/829 1564/900/833
f 1561/896/829 1562/899/832 1565/902/835
f 425/903/836 711/905/838 1557/895/828
f 711/905/838 712/906/839 1558/898/831
f 712/906/839 713/908/841 1559/907/840
f 713/908/841 426/928/861 720/909/842
f 1559/907/840 720/909/842 721/910/843
f 1562/899/832 721/910/843 722/911/844
f 1565/902/835 722/911/844 429/912/845
f 1564/900/833 1565/902/835 728/913/846
f 1563/901/834 1564/900/833 727/914/847
f 719/916/849 1563/901/834 726/915/848
f 718/918/851 1560/897/830 1563/901/834
f 717/904/837 1557/895/828 1560/897/830
f 1567/919/852 1570/923/856 1569/920/853
f 1568/922/855 1571/925/858 1570/923/856
f 1570/923/856 1573/926/859 1572/924/857
f 1571/925/858 1574/934/867 1573/926/859
f 714/927/860 1566/921/854 720/909/842
f 715/929/862 1567/919/852 1566/921/854
f 716/930/863 1568/922/855 1567/919/852
f 427/931/864 723/932/865 1568/922/855
f 723/932/865 724/933/866 1571/925/858
f 724/933/866 725/935/868 1574/934/867
f 725/935/868 430/1013/946 731/936/869
f 1574/934/867 731/936/869 730/937/870
f 1573/926/859 730/937/870 729/938/871
f 1572/924/857 729/938/871 429/912/845
f 1569/920/853 1572/924/857 722/911/844
f 1566/921/854 1569/920/853 721/910/843
f 1575/939/872 1576/942/875 1579/940/873
f 1576/942/875 1577/948/881 1580/943/876
f 1578/941/874 1579/940/873 1582/944/877
f 1579/940/873 1580/943/876 1583/946/879
f 387/861/798 584/859/796 1575/939/872
f 584/859/796 583/858/795 1576/942/875
f 583/858/795 582/857/794 1577/948/881
f 582/857/794 405/841/778 732/949/882
f 1577/948/881 732/949/882 733/950/883
f 1580/943/876 733/950/883 734/951/884
f 1583/946/879 734/951/884 425/903/836
f 1582/944/877 1583/946/879 752/952/885
f 1581/945/878 1582/944/877 751/953/886
f 1581/945/878 750/954/887 407/955/888
f 1578/941/874 1581/945/878 588/956/889
f 590/947/880 1575/939/872 1578/941/874
f 1584/958/891 1585/961/894 1588/959/892
f 1585/961/894 1586/966/899 1589/962/895
f 1587/960/893 1588/959/892 1591/963/896
f 1588/959/892 1589/962/895 1592/965/898
f 405/841/778 581/839/776 1584/958/891
f 581/839/776 580/838/775 1585/961/894
f 580/838/775 579/837/774 1586/966/899
f 579/837/774 404/825/762 735/967/900
f 1586/966/899 735/967/900 736/968/901
f 1589/962/895 736/968/901 737/969/902
f 1592/965/898 737/969/902 426/928/861
f 1591/963/896 1592/965/898 713/908/841
f 1590/964/897 1591/963/896 712/906/839
f 734/951/884 1590/964/897 711/905/838
f 733/950/883 1587/960/893 1590/964/897
f 732/949/882 1584/958/891 1587/960/893
f 1594/970/903 1597/974/907 1596/971/904
f 1595/973/906 1598/976/909 1597/974/907
f 1597/974/907 1600/977/910 1599/975/908
f 1598/976/909 1601/980/913 1600/977/910
f 404/825/762 578/823/760 1593/972/905
f 578/823/760 577/822/759 1594/970/903
f 577/822/759 576/821/758 1595/973/906
f 576/821/758 403/809/746 738/978/911
f 738/978/911 739/979/912 1598/976/909
f 739/979/912 740/981/914 1601/980/913
f 740/981/914 427/931/864 716/930/863
f 1601/980/913 716/930/863 715/929/862
f 1600/977/910 715/929/862 714/927/860
f 1599/975/908 714/927/860 426/928/861
f 1596/971/904 1599/975/908 737/969/902
f 1593/972/905 1596/971/904 736/968/901
f 1603/982/915 1606/986/919 1605/983/916
f 1604/985/918 1607/988/921 1606/986/919
f 1606/986/919 1609/989/922 1608/987/920
f 1607/988/921 1610/992/925 1609/989/922
f 403/809/746 575/807/744 1602/984/917
f 575/807/744 574/806/743 1603/982/915
f 573/805/742 1604/985/918 1603/982/915
f 388/804/741 591/990/923 1604/985/918
f 591/990/923 592/991/924 1607/988/921
f 592/991/924 593/993/926 1610/992/925
f 593/993/926 408/1005/938 741/994/927
f 1610/992/925 741/994/927 742/995/928
f 1609/989/922 742/995/928 743/996/929
f 1608/987/920 743/996/929 427/931/864
f 1605/983/916 1608/987/920 740/981/914
f 1602/984/917 1605/983/916 739/979/912
f 1612/997/930 1615/1001/934 1614/998/931
f 1613/1000/933 1616/1003/936 1615/1001/934
f 1615/1001/934 1618/1004/937 1617/1002/935
f 1616/1003/936 1619/1008/941 1618/1004/937
f 743/996/929 1611/999/932 723/932/865
f 742/995/928 1612/997/930 1611/999/932
f 741/994/927 1613/1000/933 1612/997/930
f 408/1005/938 594/1006/939 1613/1000/933
f 594/1006/939 595/1007/940 1616/1003/936
f 595/1007/940 596/1009/942 1619/1008/941
f 596/1009/942 409/1248/1169 744/1010/943
f 1619/1008/941 744/1010/943 745/1011/944
f 1618/1004/937 745/1011/944 746/1012/945
f 1617/1002/935 746/1012/945 430/1013/946
f 1614/998/931 1617/1002/935 725/935/868
f 1611/999/932 1614/998/931 724/933/866
f 1620/1014/947 1621/1017/950 1624/1015/948
f 1621/1017/950 1622/1023/956 1625/1018/951
f 1623/1016/949 1624/1015/948 1627/1019/952
f 1624/1015/948 1625/1018/951 1628/1021/954
f 750/954/887 1620/1014/947 587/1022/955
f 750/954/887 751/953/886 1621/1017/950
f 751/953/886 752/952/885 1622/1023/956
f 752/952/885 425/903/836 717/904/837
f 1622/1023/956 717/904/837 718/918/851
f 1625/1018/951 718/918/851 719/916/849
f 1628/1021/954 719/916/849 428/917/850
f 1627/1019/952 1628/1021/954 749/1024/957
f 1626/1020/953 1627/1019/952 748/1025/958
f 1626/1020/953 747/1026/959 406/1027/960
f 1623/1016/949 1626/1020/953 585/1028/961
f 1620/1014/947 1623/1016/949 586/1029/962
f 1630/1030/963 1633/1034/967 1632/1031/964
f 1631/1033/966 1634/1036/969 1633/1034/967
f 1633/1034/967 1636/1037/970 1635/1035/968
f 1634/1036/969 1637/1046/979 1636/1037/970
f 753/1038/971 1629/1032/965 756/1039/972
f 754/1041/974 1630/1030/963 1629/1032/965
f 755/1042/975 1631/1033/966 1630/1030/963
f 432/1043/976 759/1044/977 1631/1033/966
f 759/1044/977 760/1045/978 1634/1036/969
f 760/1045/978 761/1047/980 1637/1046/979
f 761/1047/980 434/1117/1046 764/1048/981
f 1637/1046/979 764/1048/981 763/1049/982
f 1636/1037/970 763/1049/982 762/1050/983
f 1635/1035/968 762/1050/983 433/1051/984
f 1632/1031/964 1635/1035/968 758/1052/985
f 1629/1032/965 1632/1031/964 757/1053/986
f 1638/1054/987 1639/1057/990 1642/1055/988
f 1639/1057/990 1640/1066/996 1643/1058/991
f 1641/1056/989 1642/1055/988 1645/1059/992
f 1642/1055/988 1643/1058/991 1646/1061/994
f 433/1062/984 762/1064/983 1638/1054/987
f 762/1064/983 763/1065/982 1639/1057/990
f 763/1065/982 764/1067/981 1640/1066/996
f 764/1067/981 434/1126/1046 768/1068/997
f 1640/1066/996 768/1068/997 769/1069/998
f 1643/1058/991 769/1069/998 770/1070/999
f 1646/1061/994 770/1070/999 436/1071/1000
f 1645/1059/992 1646/1061/994 773/1072/1001
f 1644/1060/993 1645/1059/992 772/1073/1002
f 767/1075/1004 1644/1060/993 771/1074/1003
f 766/1077/1006 1641/1056/989 1644/1060/993
f 765/1063/995 1638/1054/987 1641/1056/989
f 1648/1078/1007 1651/1082/1011 1650/1079/1008
f 1649/1081/1010 1652/1084/1013 1651/1082/1011
f 1651/1082/1011 1654/1085/1014 1653/1083/1012
f 1652/1084/1013 1655/1089/1018 1654/1085/1014
f 530/587/532 1647/1080/1009 774/1086/1015
f 529/593/538 1648/1078/1007 1647/1080/1009
f 528/592/537 1649/1081/1010 1648/1078/1007
f 391/566/511 777/1087/1016 1649/1081/1010
f 777/1087/1016 778/1088/1017 1652/1084/1013
f 778/1088/1017 779/1090/1019 1655/1089/1018
f 779/1090/1019 432/1043/976 755/1042/975
f 1655/1089/1018 755/1042/975 754/1041/974
f 1654/1085/1014 754/1041/974 753/1038/971
f 1653/1083/1012 753/1038/971 431/1040/973
f 1650/1079/1008 1653/1083/1012 776/1091/1020
f 1647/1080/1009 1650/1079/1008 775/1092/1021
f 1657/1093/1022 1660/1097/1026 1659/1094/1023
f 1658/1096/1025 1661/1099/1028 1660/1097/1026
f 1660/1097/1026 1663/1100/1029 1662/1098/1027
f 1661/1099/1028 1664/1101/1030 1663/1100/1029
f 527/567/512 1656/1095/1024 777/1087/1016
f 526/577/522 1657/1093/1022 1656/1095/1024
f 525/576/521 1658/1096/1025 1657/1093/1022
f 389/575/520 560/689/626 1658/1096/1025
f 560/689/626 559/699/636 1661/1099/1028
f 559/699/636 558/698/635 1664/1101/1030
f 558/698/635 400/697/634 780/1102/1031
f 1664/1101/1030 780/1102/1031 781/1103/1032
f 1663/1100/1029 781/1103/1032 782/1104/1033
f 1662/1098/1027 782/1104/1033 432/1043/976
f 1659/1094/1023 1662/1098/1027 779/1090/1019
f 1656/1095/1024 1659/1094/1023 778/1088/1017
f 1666/1105/1034 1669/1109/1038 1668/1106/1035
f 1667/1108/1037 1670/1111/1040 1669/1109/1038
f 1669/1109/1038 1672/1112/1041 1671/1110/1039
f 1670/1111/1040 1673/1113/1042 1672/1112/1041
f 782/1104/1033 1665/1107/1036 759/1044/977
f 781/1103/1032 1666/1105/1034 1665/1107/1036
f 780/1102/1031 1667/1108/1037 1666/1105/1034
f 400/697/634 557/887/824 1667/1108/1037
f 557/887/824 556/894/827 1670/1111/1040
f 556/894/827 555/892/826 1673/1113/1042
f 1673/1113/1042 555/892/826 399/893/808
f 1672/1112/1041 1673/1113/1042 783/1114/1043
f 1672/1112/1041 784/1115/1044 785/1116/1045
f 1671/1110/1039 785/1116/1045 434/1117/1046
f 1668/1106/1035 1671/1110/1039 761/1047/980
f 1665/1107/1036 1668/1106/1035 760/1045/978
f 1674/1118/1047 1675/1121/1050 1678/1119/1048
f 1675/1121/1050 1676/1129/1055 1679/1122/1051
f 1677/1120/1049 1678/1119/1048 1681/1123/1052
f 1678/1119/1048 1679/1122/1051 1682/1125/1054
f 434/1126/1046 785/1127/1045 1674/1118/1047
f 785/1127/1045 784/1128/1044 1675/1121/1050
f 784/1128/1044 783/1130/1043 1676/1129/1055
f 783/1130/1043 399/871/808 554/872/809
f 1676/1129/1055 554/872/809 553/878/815
f 1679/1122/1051 553/878/815 552/877/814
f 1682/1125/1054 552/877/814 398/851/788
f 1681/1123/1052 1682/1125/1054 786/1131/1056
f 1680/1124/1053 1681/1123/1052 787/1132/1057
f 770/1070/999 1680/1124/1053 788/1133/1058
f 769/1069/998 1677/1120/1049 1680/1124/1053
f 768/1068/997 1674/1118/1047 1677/1120/1049
f 1683/1134/1059 1684/1137/1062 1687/1135/1060
f 1684/1137/1062 1685/1143/1068 1688/1138/1063
f 1686/1136/1061 1687/1135/1060 1690/1139/1064
f 1687/1135/1060 1688/1138/1063 1691/1141/1066
f 436/1071/1000 788/1133/1058 1683/1134/1059
f 788/1133/1058 787/1132/1057 1684/1137/1062
f 787/1132/1057 786/1131/1056 1685/1143/1068
f 786/1131/1056 398/851/788 551/852/789
f 1685/1143/1068 551/852/789 550/862/799
f 1688/1138/1063 550/862/799 549/860/797
f 1691/1141/1066 549/860/797 387/861/798
f 1690/1139/1064 1691/1141/1066 590/947/880
f 1689/1140/1065 1690/1139/1064 589/957/890
f 789/1144/1069 1689/1140/1065 588/956/889
f 790/1145/1070 1686/1136/1061 1689/1140/1065
f 791/1142/1067 1683/1134/1059 1686/1136/1061
f 1692/1146/1071 1693/1149/1074 1696/1147/1072
f 1693/1149/1074 1694/1155/1080 1697/1150/1075
f 1695/1148/1073 1696/1147/1072 1699/1151/1076
f 1696/1147/1072 1697/1150/1075 1700/1153/1078
f 435/1076/1005 771/1074/1003 1692/1146/1071
f 771/1074/1003 772/1073/1002 1693/1149/1074
f 772/1073/1002 773/1072/1001 1694/1155/1080
f 773/1072/1001 436/1071/1000 791/1142/1067
f 1694/1155/1080 791/1142/1067 790/1145/1070
f 1697/1150/1075 790/1145/1070 789/1144/1069
f 1700/1153/1078 789/1144/1069 407/955/888
f 1699/1151/1076 1700/1153/1078 587/1022/955
f 1698/1152/1077 1699/1151/1076 586/1029/962
f 792/1156/1081 1698/1152/1077 585/1028/961
f 793/1157/1082 1695/1148/1073 1698/1152/1077
f 794/1154/1079 1692/1146/1071 1695/1148/1073
f 1702/1158/1083 1705/1162/1087 1704/1159/1084
f 1703/1161/1086 1706/1164/1089 1705/1162/1087
f 1705/1162/1087 1708/1165/1090 1707/1163/1088
f 1706/1164/1089 1709/1174/1099 1708/1165/1090
f 795/1166/1091 1701/1160/1085 798/1167/1092
f 796/1169/1094 1702/1158/1083 1701/1160/1085
f 797/1170/1095 1703/1161/1086 1702/1158/1083
f 438/1171/1096 801/1172/1097 1703/1161/1086
f 801/1172/1097 802/1173/1098 1706/1164/1089
f 802/1173/1098 803/1175/1100 1709/1174/1099
f 803/1175/1100 440/2698/1116 806/1176/1101
f 1709/1174/1099 806/1176/1101 805/1177/1102
f 1708/1165/1090 805/1177/1102 804/1178/1103
f 1707/1163/1088 804/1178/1103 439/1179/1104
f 1704/1159/1084 1707/1163/1088 800/1180/1105
f 798/1167/1092 1701/1160/1085 1704/1159/1084
f 1711/1182/1107 1714/1186/1111 1713/1183/1108
f 1711/1182/1107 1712/1196/1117 1715/1185/1110
f 1714/1186/1111 1717/1189/1114 1716/1187/1112
f 1714/1186/1111 1715/1185/1110 1718/1188/1113
f 804/1190/1103 1710/1184/1109 807/1191/1115
f 805/1193/1102 1711/1182/1107 1710/1184/1109
f 806/1194/1101 1712/1196/1117 1711/1182/1107
f 440/1195/1116 810/2308/2193 1712/1196/1117
f 1712/1196/1117 810/2308/2193 811/1197/1118
f 1715/1185/1110 811/1197/1118 812/1198/1119
f 1718/1188/1113 812/1198/1119 442/1199/1120
f 1717/1189/1114 1718/1188/1113 815/1200/1121
f 1716/1187/1112 1717/1189/1114 814/1201/1122
f 1716/1187/1112 813/1202/1123 454/1203/1124
f 1713/1183/1108 1716/1187/1112 809/1204/1125
f 1710/1184/1109 1713/1183/1108 808/1205/1126
f 1720/1206/1127 1723/1210/1131 1722/1207/1128
f 1721/1209/1130 1724/1212/1133 1723/1210/1131
f 1723/1210/1131 1726/1213/1134 1725/1211/1132
f 1724/1212/1133 1727/1216/1137 1726/1213/1134
f 390/519/464 536/518/463 1719/1208/1129
f 535/517/462 1720/1206/1127 1719/1208/1129
f 534/516/461 1721/1209/1130 1720/1206/1127
f 394/502/447 816/1214/1135 1721/1209/1130
f 816/1214/1135 817/1215/1136 1724/1212/1133
f 817/1215/1136 818/1217/1138 1727/1216/1137
f 818/1217/1138 437/1168/1093 836/1218/1139
f 1727/1216/1137 836/1218/1139 835/1219/1140
f 1726/1213/1134 835/1219/1140 834/1220/1141
f 1725/1211/1132 834/1220/1141 401/1221/1142
f 1722/1207/1128 1725/1211/1132 563/735/672
f 1719/1208/1129 1722/1207/1128 562/733/670
f 1729/1222/1143 1732/1226/1147 1731/1223/1144
f 1730/1225/1146 1733/1228/1149 1732/1226/1147
f 1732/1226/1147 1735/1229/1150 1734/1227/1148
f 1733/1228/1149 1736/1233/1154 1735/1229/1150
f 533/501/446 1728/1224/1145 816/1214/1135
f 532/500/445 1729/1222/1143 1728/1224/1145
f 531/499/444 1730/1225/1146 1729/1222/1143
f 393/1230/1151 819/1231/1152 1730/1225/1146
f 819/1231/1152 820/1232/1153 1733/1228/1149
f 820/1232/1153 821/1234/1155 1736/1233/1154
f 821/1234/1155 438/1171/1096 797/1170/1095
f 1736/1233/1154 797/1170/1095 796/1169/1094
f 1735/1229/1150 796/1169/1094 795/1166/1091
f 818/1217/1138 1734/1227/1148 795/1166/1091
f 1731/1223/1144 1734/1227/1148 818/1217/1138
f 1728/1224/1145 1731/1223/1144 817/1215/1136
f 1737/1235/1156 1738/1238/1159 1741/1236/1157
f 1738/1238/1159 1739/1244/1165 1742/1239/1160
f 1740/1237/1158 1741/1236/1157 1744/1240/1161
f 1741/1236/1157 1742/1239/1160 1745/1242/1163
f 813/1202/1123 1737/1235/1156 827/1243/1164
f 813/1202/1123 814/1201/1122 1738/1238/1159
f 814/1201/1122 815/1200/1121 1739/1244/1165
f 815/1200/1121 442/1199/1120 824/1245/1166
f 1739/1244/1165 824/1245/1166 823/1246/1167
f 1742/1239/1160 823/1246/1167 822/1247/1168
f 1745/1242/1163 822/1247/1168 409/1248/1169
f 1744/1240/1161 1745/1242/1163 596/1009/942
f 1743/1241/1162 1744/1240/1161 595/1007/940
f 825/1249/1170 1743/1241/1162 594/1006/939
f 826/1250/1171 1740/1237/1158 1743/1241/1162
f 827/1243/1164 1737/1235/1156 1740/1237/1158
f 1746/1251/1172 1747/1254/1175 1750/1252/1173
f 1747/1254/1175 1748/1262/1183 1751/1255/1176
f 1749/1253/1174 1750/1252/1173 1753/1256/1177
f 1750/1252/1173 1751/1255/1176 1754/1258/1179
f 452/1259/1180 828/1260/1181 1746/1251/1172
f 828/1260/1181 829/1261/1182 1747/1254/1175
f 829/1261/1182 830/1263/1184 1748/1262/1183
f 830/1263/1184 454/1203/1124 827/1243/1164
f 1748/1262/1183 827/1243/1164 826/1250/1171
f 1751/1255/1176 826/1250/1171 825/1249/1170
f 1754/1258/1179 825/1249/1170 408/1005/938
f 1753/1256/1177 1754/1258/1179 593/993/926
f 1752/1257/1178 1753/1256/1177 592/991/924
f 572/803/740 1752/1257/1178 591/990/923
f 571/802/739 1749/1253/1174 1752/1257/1178
f 570/801/738 1746/1251/1172 1749/1253/1174
f 1756/1264/1185 1759/1268/1189 1758/1265/1186
f 1757/1267/1188 1760/1270/1191 1759/1268/1189
f 1759/1268/1189 1762/1271/1192 1761/1269/1190
f 1760/1270/1191 1763/1275/1196 1762/1271/1192
f 834/1220/1141 1755/1266/1187 566/1272/1193
f 835/1219/1140 1756/1264/1185 1755/1266/1187
f 836/1218/1139 1757/1267/1188 1756/1264/1185
f 437/1168/1093 567/1273/1194 1757/1267/1188
f 567/1273/1194 568/1274/1195 1760/1270/1191
f 568/1274/1195 569/1421/1329 1763/1275/1196
f 1763/1275/1196 569/1421/1329 449/1276/1197
f 1762/1271/1192 1763/1275/1196 872/1277/1198
f 1762/1271/1192 871/1278/1199 870/1279/1200
f 1761/1269/1190 870/1279/1200 443/1280/1201
f 1758/1265/1186 1761/1269/1190 564/1281/1202
f 1755/1266/1187 1758/1265/1186 565/1282/1203
f 1764/1283/1204 1765/1286/1207 1768/1284/1205
f 1765/1286/1207 1766/1292/1213 1769/1287/1208
f 1767/1285/1206 1768/1284/1205 1771/1288/1209
f 1768/1284/1205 1769/1287/1208 1772/1290/1211
f 439/1192/1104 807/1191/1115 1764/1283/1204
f 807/1191/1115 808/1205/1126 1765/1286/1207
f 808/1205/1126 809/1204/1125 1766/1292/1213
f 809/1204/1125 454/1203/1124 831/1293/1214
f 1766/1292/1213 831/1293/1214 832/1294/1215
f 1769/1287/1208 832/1294/1215 833/1295/1216
f 1772/1290/1211 833/1295/1216 455/1296/1217
f 1772/1290/1211 863/1297/1218 862/1298/1219
f 1771/1288/1209 862/1298/1219 861/1299/1220
f 1770/1289/1210 861/1299/1220 450/1300/1221
f 688/1302/1223 1767/1285/1206 1770/1289/1210
f 689/1291/1212 1764/1283/1204 1767/1285/1206
f 1774/1303/1224 1777/1307/1228 1776/1304/1225
f 1775/1306/1227 1778/1309/1230 1777/1307/1228
f 1777/1307/1228 1780/1310/1231 1779/1308/1229
f 1778/1309/1230 1781/1318/1239 1780/1310/1231
f 851/1311/1232 1773/1305/1226 843/1312/1233
f 850/1314/1235 1774/1303/1224 1773/1305/1226
f 849/1315/1236 1775/1306/1227 1774/1303/1224
f 443/1280/1201 837/1316/1237 1775/1306/1227
f 837/1316/1237 838/1317/1238 1778/1309/1230
f 838/1317/1238 839/1319/1240 1781/1318/1239
f 839/1319/1240 444/1381/1275 852/1320/1241
f 1781/1318/1239 852/1320/1241 853/1321/1242
f 1780/1310/1231 853/1321/1242 854/1322/1243
f 1779/1308/1229 854/1322/1243 447/1323/1244
f 1776/1304/1225 1779/1308/1229 845/1324/1245
f 1773/1305/1226 1776/1304/1225 844/1325/1246
f 1783/1326/1247 1786/1330/1251 1785/1327/1248
f 1784/1329/1250 1787/1341/1258 1786/1330/1251
f 1786/1330/1251 1789/1333/1254 1788/1331/1252
f 1786/1330/1251 1787/1341/1258 1790/1332/1253
f 854/1334/1243 1782/1328/1249 846/1335/1255
f 853/1337/1242 1783/1326/1247 1782/1328/1249
f 852/1338/1241 1784/1329/1250 1783/1326/1247
f 852/1338/1241 444/1358/1275 840/1339/1256
f 1784/1329/1250 840/1339/1256 841/1340/1257
f 1787/1341/1258 841/1340/1257 842/1342/1259
f 1790/1332/1253 842/1342/1259 456/1343/1260
f 1789/1333/1254 1790/1332/1253 855/1344/1261
f 1788/1331/1252 1789/1333/1254 856/1345/1262
f 1788/1331/1252 857/1346/1263 457/1347/1264
f 1785/1327/1248 1788/1331/1252 848/1348/1265
f 1782/1328/1249 1785/1327/1248 847/1349/1266
f 1791/1350/1267 1792/1353/1270 1795/1351/1268
f 1792/1353/1270 1793/1361/1278 1796/1354/1271
f 1794/1352/1269 1795/1351/1268 1798/1355/1272
f 1795/1351/1268 1796/1354/1271 1799/1357/1274
f 444/1358/1275 867/1359/1276 1791/1350/1267
f 867/1359/1276 868/1360/1277 1792/1353/1270
f 868/1360/1277 869/1362/1279 1793/1361/1278
f 869/1362/1279 450/1300/1221 861/1299/1220
f 1793/1361/1278 861/1299/1220 862/1298/1219
f 1796/1354/1271 862/1298/1219 863/1297/1218
f 1799/1357/1274 863/1297/1218 455/1296/1217
f 1798/1355/1272 1799/1357/1274 866/1363/1280
f 1797/1356/1273 1798/1355/1272 865/1364/1281
f 842/1342/1259 1797/1356/1273 864/1365/1282
f 841/1340/1257 1794/1352/1269 1797/1356/1273
f 840/1339/1256 1791/1350/1267 1794/1352/1269
f 1800/1366/1283 1801/1369/1286 1804/1367/1284
f 1801/1369/1286 1802/1374/1291 1805/1370/1287
f 1803/1368/1285 1804/1367/1284 1807/1371/1288
f 1804/1367/1284 1805/1370/1287 1808/1373/1290
f 870/1279/1200 1800/1366/1283 837/1316/1237
f 870/1279/1200 871/1278/1199 1801/1369/1286
f 871/1278/1199 872/1277/1198 1802/1374/1291
f 872/1277/1198 449/1276/1197 858/1375/1292
f 1802/1374/1291 858/1375/1292 859/1376/1293
f 1805/1370/1287 859/1376/1293 860/1377/1294
f 860/1377/1294 450/1420/1221 869/1378/1279
f 1808/1373/1290 869/1378/1279 868/1379/1277
f 1807/1371/1288 868/1379/1277 867/1380/1276
f 1806/1372/1289 867/1380/1276 444/1381/1275
f 1803/1368/1285 1806/1372/1289 839/1319/1240
f 1800/1366/1283 1803/1368/1285 838/1317/1238
f 1810/1382/1295 1813/1386/1299 1812/1383/1296
f 1811/1385/1298 1814/1394/1306 1813/1386/1299
f 1812/1383/1296 1813/1386/1299 1816/1387/1300
f 1813/1386/1299 1814/1394/1306 1817/1389/1302
f 421/1390/609 653/633/578 1809/1384/1297
f 652/632/577 1810/1382/1295 1809/1384/1297
f 651/1392/1304 1811/1385/1298 1810/1382/1295
f 418/630/575 879/1393/1305 1811/1385/1298
f 879/1393/1305 880/1395/1307 1814/1394/1306
f 880/1395/1307 881/1407/1319 1817/1389/1302
f 1817/1389/1302 881/1407/1319 446/1313/1234
f 1816/1387/1300 1817/1389/1302 843/1312/1233
f 1815/1388/1301 1816/1387/1300 844/1325/1246
f 882/1396/1308 1815/1388/1301 845/1324/1245
f 883/1397/1309 1812/1383/1296 1815/1388/1301
f 884/1391/1303 1809/1384/1297 1812/1383/1296
f 1819/1398/1310 1822/1402/1314 1821/1399/1311
f 1820/1401/1313 1823/1404/1316 1822/1402/1314
f 1822/1402/1314 1825/1405/1317 1824/1403/1315
f 1823/1404/1316 1826/1406/1318 1825/1405/1317
f 686/738/675 1818/1400/1312 879/1393/1305
f 685/737/674 1819/1398/1310 1818/1400/1312
f 684/736/673 1820/1401/1313 1819/1398/1310
f 401/1221/1142 566/1272/1193 1820/1401/1313
f 566/1272/1193 565/1282/1203 1823/1404/1316
f 565/1282/1203 564/1281/1202 1826/1406/1318
f 564/1281/1202 443/1280/1201 849/1315/1236
f 1826/1406/1318 849/1315/1236 850/1314/1235
f 1825/1405/1317 850/1314/1235 851/1311/1232
f 1824/1403/1315 851/1311/1232 446/1313/1234
f 1821/1399/1311 1824/1403/1315 881/1407/1319
f 1818/1400/1312 1821/1399/1311 880/1395/1307
f 1828/1408/1320 1831/1412/1324 1830/1409/1321
f 1829/1411/1323 1832/1414/1326 1831/1412/1324
f 1831/1412/1324 1834/1415/1327 1833/1413/1325
f 1832/1414/1326 1835/1419/1328 1834/1415/1327
f 798/1167/1092 1827/1410/1322 567/1273/1194
f 799/1181/1106 1828/1408/1320 1827/1410/1322
f 800/1180/1105 1829/1411/1323 1828/1408/1320
f 800/1180/1105 439/1179/1104 689/1416/1212
f 1829/1411/1323 689/1416/1212 688/1417/1223
f 1832/1414/1326 688/1417/1223 687/1418/1222
f 1835/1419/1328 687/1418/1222 450/1420/1221
f 1835/1419/1328 860/1377/1294 859/1376/1293
f 1834/1415/1327 859/1376/1293 858/1375/1292
f 1833/1413/1325 858/1375/1292 449/1276/1197
f 1830/1409/1321 1833/1413/1325 569/1421/1329
f 1827/1410/1322 1830/1409/1321 568/1274/1195
f 1836/1422/1330 1837/1425/1333 1840/1423/1331
f 1837/1425/1333 1838/1431/1339 1841/1426/1334
f 1839/1424/1332 1840/1423/1331 1843/1427/1335
f 1840/1423/1331 1841/1426/1334 1844/1429/1337
f 453/795/732 668/676/613 1836/1422/1330
f 668/676/613 667/674/611 1837/1425/1333
f 667/674/611 666/673/610 1838/1431/1339
f 666/673/610 421/672/609 884/1432/1303
f 1838/1431/1339 884/1432/1303 883/1433/1309
f 1841/1426/1334 883/1433/1309 882/1434/1308
f 1844/1429/1337 882/1434/1308 447/1336/1244
f 1843/1427/1335 1844/1429/1337 846/1335/1255
f 1842/1428/1336 1843/1427/1335 847/1349/1266
f 878/1435/1340 1842/1428/1336 848/1348/1265
f 877/1436/1341 1839/1424/1332 1842/1428/1336
f 876/1430/1338 1836/1422/1330 1839/1424/1332
f 1846/1437/1342 1849/1441/1346 1848/1438/1343
f 1846/1437/1342 1847/1449/1354 1850/1440/1345
f 1848/1438/1343 1849/1441/1346 1852/1442/1347
f 1849/1441/1346 1850/1440/1345 1853/1444/1349
f 887/1445/1350 1845/1439/1344 905/1446/1351
f 886/1448/1353 1846/1437/1342 1845/1439/1344
f 886/1448/1353 885/1450/1355 1847/1449/1354
f 885/1450/1355 402/1464/1369 906/1451/1356
f 1847/1449/1354 906/1451/1356 907/1452/1357
f 1850/1440/1345 907/1452/1357 908/1453/1358
f 1853/1444/1349 908/1453/1358 452/1259/1180
f 1852/1442/1347 1853/1444/1349 690/800/737
f 1851/1443/1348 1852/1442/1347 691/798/735
f 1851/1443/1348 692/797/734 453/795/732
f 1848/1438/1343 1851/1443/1348 903/1454/1359
f 1845/1439/1344 1848/1438/1343 904/1455/1360
f 1854/1456/1361 1855/1459/1364 1858/1457/1362
f 1855/1459/1364 1856/1465/1370 1859/1460/1365
f 1857/1458/1363 1858/1457/1362 1861/1461/1366
f 1858/1457/1362 1859/1460/1365 1862/1463/1368
f 402/1464/1369 888/776/713 1854/1456/1361
f 889/774/711 1855/1459/1364 1854/1456/1361
f 889/774/711 890/773/710 1856/1465/1370
f 890/773/710 441/771/708 909/1466/1371
f 1856/1465/1370 909/1466/1371 910/1467/1372
f 1859/1460/1365 910/1467/1372 911/1468/1373
f 1862/1463/1368 911/1468/1373 454/1203/1124
f 1861/1461/1366 1862/1463/1368 830/1263/1184
f 1860/1462/1367 1861/1461/1366 829/1261/1182
f 908/1453/1358 1860/1462/1367 828/1260/1181
f 907/1452/1357 1857/1458/1363 1860/1462/1367
f 906/1451/1356 1854/1456/1361 1857/1458/1363
f 1863/1469/1374 1864/1472/1377 1867/1470/1375
f 1864/1472/1377 1865/1479/1384 1868/1473/1378
f 1866/1471/1376 1867/1470/1375 1870/1474/1379
f 1867/1470/1375 1868/1473/1378 1871/1476/1381
f 441/771/708 891/1477/1382 1863/1469/1374
f 891/1477/1382 892/1478/1383 1864/1472/1377
f 892/1478/1383 893/1480/1385 1865/1479/1384
f 451/752/689 912/1481/1386 1865/1479/1384
f 912/1481/1386 913/1482/1387 1868/1473/1378
f 913/1482/1387 914/1483/1388 1871/1476/1381
f 914/1483/1388 455/1296/1217 833/1295/1216
f 1871/1476/1381 833/1295/1216 832/1294/1215
f 1869/1475/1380 1870/1474/1379 832/1294/1215
f 911/1468/1373 1869/1475/1380 831/1293/1214
f 910/1467/1372 1866/1471/1376 1869/1475/1380
f 909/1466/1371 1863/1469/1374 1866/1471/1376
f 1872/1484/1389 1873/1487/1392 1876/1485/1390
f 1873/1487/1392 1874/1495/1400 1877/1488/1393
f 1875/1486/1391 1876/1485/1390 1879/1489/1394
f 1876/1485/1390 1877/1488/1393 1880/1491/1396
f 894/1492/1397 1872/1484/1389 917/1493/1398
f 894/1492/1397 895/1494/1399 1873/1487/1392
f 895/1494/1399 896/1496/1401 1874/1495/1400
f 896/1496/1401 448/1519/1424 918/1497/1402
f 1874/1495/1400 918/1497/1402 919/1498/1403
f 1877/1488/1393 919/1498/1403 920/1499/1404
f 1880/1491/1396 920/1499/1404 457/1347/1264
f 1879/1489/1394 1880/1491/1396 857/1346/1263
f 1878/1490/1395 1879/1489/1394 856/1345/1262
f 915/1500/1405 1878/1490/1395 855/1344/1261
f 916/1501/1406 1875/1486/1391 1878/1490/1395
f 917/1493/1398 1872/1484/1389 1875/1486/1391
f 1882/1502/1407 1885/1506/1411 1884/1503/1408
f 1883/1505/1410 1886/1508/1413 1885/1506/1411
f 1885/1506/1411 1888/1509/1414 1887/1507/1412
f 1886/1508/1413 1889/1510/1415 1888/1509/1414
f 899/751/688 1881/1504/1409 912/1481/1386
f 898/750/687 1882/1502/1407 1881/1504/1409
f 897/747/684 1883/1505/1410 1882/1502/1407
f 445/749/686 917/1493/1398 1883/1505/1410
f 917/1493/1398 916/1501/1406 1886/1508/1413
f 916/1501/1406 915/1500/1405 1889/1510/1415
f 1889/1510/1415 915/1500/1405 456/1343/1260
f 1889/1510/1415 864/1365/1282 865/1364/1281
f 1888/1509/1414 865/1364/1281 866/1363/1280
f 1887/1507/1412 866/1363/1280 455/1296/1217
f 1884/1503/1408 1887/1507/1412 914/1483/1388
f 1881/1504/1409 1884/1503/1408 913/1482/1387
f 1891/1511/1416 1894/1515/1420 1893/1512/1417
f 1892/1514/1419 1895/1517/1422 1894/1515/1420
f 1894/1515/1420 1897/1518/1423 1896/1516/1421
f 1895/1517/1422 1898/1523/1428 1897/1518/1423
f 448/1519/1424 902/1521/1426 1890/1513/1418
f 901/1520/1425 1891/1511/1416 1890/1513/1418
f 900/1522/1427 1892/1514/1419 1891/1511/1416
f 424/1447/1352 905/1446/1351 1892/1514/1419
f 905/1446/1351 904/1455/1360 1895/1517/1422
f 904/1455/1360 903/1454/1359 1898/1523/1428
f 903/1454/1359 453/795/732 876/1430/1338
f 1898/1523/1428 876/1430/1338 877/1436/1341
f 1897/1518/1423 877/1436/1341 878/1435/1340
f 1896/1516/1421 878/1435/1340 457/1347/1264
f 1893/1512/1417 1896/1516/1421 920/1499/1404
f 1890/1513/1418 1893/1512/1417 919/1498/1403
f 1899/1524/1429 1900/1527/1432 1903/1525/1430
f 1900/1527/1432 1901/1537/1442 1904/1528/1433
f 1902/1526/1431 1903/1525/1430 1906/1529/1434
f 1903/1525/1430 1904/1528/1433 1907/1531/1436
f 458/780/717 924/1533/1438 1899/1524/1429
f 924/1533/1438 925/1535/1440 1900/1527/1432
f 926/1534/1439 1901/1537/1442 1900/1527/1432
f 460/1536/1441 939/1592/1497 1901/1537/1442
f 1901/1537/1442 939/1592/1497 940/1538/1443
f 1904/1528/1433 940/1538/1443 941/1539/1444
f 1907/1531/1436 941/1539/1444 463/1540/1445
f 1906/1529/1434 1907/1531/1436 935/1541/1446
f 1905/1530/1435 1906/1529/1434 934/1542/1447
f 923/1544/1449 1905/1530/1435 933/1543/1448
f 922/1545/1450 1902/1526/1431 1905/1530/1435
f 921/1532/1437 1899/1524/1429 1902/1526/1431
f 1908/1546/1451 1909/1549/1454 1912/1547/1452
f 1909/1549/1454 1910/1555/1460 1913/1550/1455
f 1912/1547/1452 1915/1553/1458 1914/1551/1456
f 1912/1547/1452 1913/1550/1455 1916/1552/1457
f 461/785/722 929/783/720 1908/1546/1451
f 929/783/720 928/782/719 1909/1549/1454
f 928/782/719 927/781/718 1910/1555/1460
f 927/781/718 458/780/717 921/1532/1437
f 1910/1555/1460 921/1532/1437 922/1545/1450
f 1913/1550/1455 922/1545/1450 923/1544/1449
f 1916/1552/1457 923/1544/1449 459/760/697
f 1916/1552/1457 936/759/696 937/758/695
f 1915/1553/1458 937/758/695 938/757/694
f 1914/1551/1456 938/757/694 462/1556/1461
f 1911/1548/1453 1914/1551/1456 932/1557/1462
f 930/1554/1459 1908/1546/1451 1911/1548/1453
f 1918/1559/1464 1921/1563/1468 1920/1560/1465
f 1918/1559/1464 1919/1567/1472 1922/1562/1467
f 1921/1563/1468 1924/1566/1471 1923/1564/1469
f 1921/1563/1468 1922/1562/1467 1925/1565/1470
f 893/1480/1385 1917/1561/1466 945/753/690
f 892/1478/1383 1918/1559/1464 1917/1561/1466
f 892/1478/1383 891/1477/1382 1919/1567/1472
f 891/1477/1382 441/771/708 944/772/709
f 1919/1567/1472 944/772/709 943/786/723
f 1922/1562/1467 943/786/723 942/784/721
f 1925/1565/1470 942/784/721 461/785/722
f 1924/1566/1471 1925/1565/1470 930/1554/1459
f 1924/1566/1471 931/1558/1463 932/1557/1462
f 1923/1564/1469 932/1557/1462 462/1556/1461
f 1920/1560/1465 1923/1564/1469 947/756/693
f 1917/1561/1466 1920/1560/1465 946/754/691
f 1926/1568/1473 1927/1572/1477 1930/1569/1474
f 1928/1571/1476 1931/1575/1480 1930/1569/1474
f 1929/1570/1475 1930/1569/1474 1933/1573/1478
f 1931/1575/1480 1934/1578/1483 1933/1573/1478
f 402/1464/1369 885/1450/1355 1926/1568/1473
f 885/1450/1355 886/1448/1353 1927/1572/1477
f 887/1445/1350 1928/1571/1476 1927/1572/1477
f 424/1447/1352 951/1576/1481 1928/1571/1476
f 951/1576/1481 952/1577/1482 1931/1575/1480
f 952/1577/1482 953/1579/1484 1934/1578/1483
f 953/1579/1484 460/1536/1441 926/1534/1439
f 1934/1578/1483 926/1534/1439 925/1535/1440
f 1932/1574/1479 1933/1573/1478 925/1535/1440
f 875/779/716 1932/1574/1479 924/1533/1438
f 874/778/715 1929/1570/1475 1932/1574/1479
f 873/777/714 1926/1568/1473 1929/1570/1475
f 1936/1580/1485 1939/1584/1489 1938/1581/1486
f 1936/1580/1485 1937/1589/1494 1940/1583/1488
f 1939/1584/1489 1942/1587/1492 1941/1585/1490
f 1939/1584/1489 1940/1583/1488 1943/1586/1491
f 900/1522/1427 1935/1582/1487 951/1576/1481
f 901/1520/1425 1936/1580/1485 1935/1582/1487
f 902/1521/1426 1937/1589/1494 1936/1580/1485
f 902/1521/1426 448/1519/1424 954/1588/1493
f 1937/1589/1494 954/1588/1493 955/1590/1495
f 1940/1583/1488 955/1590/1495 956/1591/1496
f 1943/1586/1491 956/1591/1496 463/1540/1445
f 1942/1587/1492 1943/1586/1491 941/1539/1444
f 1942/1587/1492 940/1538/1443 939/1592/1497
f 1941/1585/1490 939/1592/1497 460/1536/1441
f 1938/1581/1486 1941/1585/1490 953/1579/1484
f 1935/1582/1487 1938/1581/1486 952/1577/1482
f 1944/1593/1498 1945/1596/1501 1948/1594/1499
f 1945/1596/1501 1946/1601/1506 1949/1597/1502
f 1947/1595/1500 1948/1594/1499 1951/1598/1503
f 1948/1594/1499 1949/1597/1502 1952/1600/1505
f 448/1519/1424 896/1496/1401 1944/1593/1498
f 896/1496/1401 895/1494/1399 1945/1596/1501
f 895/1494/1399 894/1492/1397 1946/1601/1506
f 445/749/686 950/748/685 1946/1601/1506
f 950/748/685 949/762/699 1949/1597/1502
f 1949/1597/1502 949/762/699 948/761/698
f 1952/1600/1505 948/761/698 459/760/697
f 1951/1598/1503 1952/1600/1505 933/1543/1448
f 1950/1599/1504 1951/1598/1503 934/1542/1447
f 956/1591/1496 1950/1599/1504 935/1541/1446
f 955/1590/1495 1947/1595/1500 1950/1599/1504
f 954/1588/1493 1944/1593/1498 1947/1595/1500
f 1954/1602/1507 1957/1606/1511 1956/1603/1508
f 1955/1605/1510 1958/1615/1520 1957/1606/1511
f 1956/1603/1508 1957/1606/1511 1960/1607/1512
f 1957/1606/1511 1958/1615/1520 1961/1609/1514
f 1182/1610/1515 1953/1604/1509 597/450/395
f 1183/1611/1516 1954/1602/1507 1953/1604/1509
f 1184/1612/1517 1955/1605/1510 1954/1602/1507
f 483/1613/1518 1020/1614/1519 1955/1605/1510
f 1020/1614/1519 1021/1704/1609 1958/1615/1520
f 1958/1615/1520 1021/1704/1609 1022/1616/1521
f 1961/1609/1514 1022/1616/1521 484/1617/1522
f 1960/1607/1512 1961/1609/1514 1019/1618/1523
f 1959/1608/1513 1960/1607/1512 1018/1619/1524
f 599/454/399 1959/1608/1513 1017/1620/1525
f 598/453/398 1956/1603/1508 1959/1608/1513
f 1953/1604/1509 1956/1603/1508 598/453/398
f 1962/1621/1526 1963/1624/1529 1966/1622/1527
f 1963/1624/1529 1964/1629/1534 1967/1625/1530
f 1965/1623/1528 1966/1622/1527 1969/1626/1531
f 1966/1622/1527 1967/1625/1530 1970/1628/1533
f 411/474/419 1017/1620/1525 1962/1621/1526
f 1017/1620/1525 1018/1619/1524 1963/1624/1529
f 1018/1619/1524 1019/1618/1523 1964/1629/1534
f 1019/1618/1523 484/1617/1522 1023/1630/1535
f 1964/1629/1534 1023/1630/1535 1024/1631/1536
f 1967/1625/1530 1024/1631/1536 1025/1632/1537
f 1970/1628/1533 1025/1632/1537 485/1633/1538
f 1969/1626/1531 1970/1628/1533 1028/1634/1539
f 1968/1627/1532 1969/1626/1531 1027/1635/1540
f 602/478/423 1968/1627/1532 1026/1636/1541
f 601/476/421 1965/1623/1528 1968/1627/1532
f 600/475/420 1962/1621/1526 1965/1623/1528
f 1971/1637/1542 1972/1640/1545 1975/1638/1543
f 1972/1640/1545 1973/1645/1550 1976/1641/1546
f 1974/1639/1544 1975/1638/1543 1978/1642/1547
f 1975/1638/1543 1976/1641/1546 1979/1644/1549
f 412/494/439 1026/1636/1541 1971/1637/1542
f 1026/1636/1541 1027/1635/1540 1972/1640/1545
f 1027/1635/1540 1028/1634/1539 1973/1645/1550
f 1028/1634/1539 485/1633/1538 1031/1646/1551
f 1973/1645/1550 1031/1646/1551 1030/1647/1552
f 1976/1641/1546 1030/1647/1552 1029/1648/1553
f 1979/1644/1549 1029/1648/1553 469/1649/1554
f 1978/1642/1547 1979/1644/1549 1340/1650/1555
f 1977/1643/1548 1978/1642/1547 1339/1651/1556
f 618/498/443 1977/1643/1548 1338/1652/1557
f 619/496/441 1974/1639/1544 1977/1643/1548
f 620/495/440 1971/1637/1542 1974/1639/1544
f 1980/1653/1558 1981/1656/1561 1984/1654/1559
f 1981/1656/1561 1982/1663/1568 1985/1657/1562
f 1983/1655/1560 1984/1654/1559 1987/1658/1563
f 1984/1654/1559 1985/1657/1562 1988/1660/1565
f 485/1633/1538 1034/1661/1566 1980/1653/1558
f 1034/1661/1566 1033/1662/1567 1981/1656/1561
f 1033/1662/1567 1032/1664/1569 1982/1663/1568
f 1032/1664/1569 470/1687/1592 965/1665/1570
f 1982/1663/1568 965/1665/1570 964/1666/1571
f 1985/1657/1562 964/1666/1571 963/1667/1572
f 1988/1660/1565 963/1667/1572 467/1668/1573
f 1987/1658/1563 1988/1660/1565 962/1669/1574
f 1986/1659/1564 1987/1658/1563 961/1670/1575
f 1029/1648/1553 1986/1659/1564 960/1671/1576
f 1030/1647/1552 1983/1655/1560 1986/1659/1564
f 1031/1646/1551 1980/1653/1558 1983/1655/1560
f 1989/1672/1577 1990/1675/1580 1993/1673/1578
f 1990/1675/1580 1991/1682/1587 1994/1676/1581
f 1992/1674/1579 1993/1673/1578 1996/1677/1582
f 1993/1673/1578 1994/1676/1581 1997/1679/1584
f 484/1617/1522 1037/1680/1585 1989/1672/1577
f 1037/1680/1585 1036/1681/1586 1990/1675/1580
f 1036/1681/1586 1035/1683/1588 1991/1682/1587
f 1035/1683/1588 471/1703/1608 968/1684/1589
f 1991/1682/1587 968/1684/1589 967/1685/1590
f 1994/1676/1581 967/1685/1590 966/1686/1591
f 1997/1679/1584 966/1686/1591 470/1687/1592
f 1996/1677/1582 1997/1679/1584 1032/1664/1569
f 1995/1678/1583 1996/1677/1582 1033/1662/1567
f 1025/1632/1537 1995/1678/1583 1034/1661/1566
f 1024/1631/1536 1992/1674/1579 1995/1678/1583
f 1023/1630/1535 1989/1672/1577 1992/1674/1579
f 1999/1688/1593 2002/1692/1597 2001/1689/1594
f 2000/1691/1596 2003/1701/1606 2002/1692/1597
f 2001/1689/1594 2002/1692/1597 2005/1693/1598
f 2002/1692/1597 2003/1701/1606 2006/1695/1600
f 1040/1696/1601 1998/1690/1595 1020/1614/1519
f 1039/1697/1602 1999/1688/1593 1998/1690/1595
f 1038/1698/1603 2000/1691/1596 1999/1688/1593
f 472/1699/1604 971/1850/1748 2000/1691/1596
f 2000/1691/1596 971/1850/1748 970/1700/1605
f 2003/1701/1606 970/1700/1605 969/1702/1607
f 2006/1695/1600 969/1702/1607 471/1703/1608
f 2005/1693/1598 2006/1695/1600 1035/1683/1588
f 2004/1694/1599 2005/1693/1598 1036/1681/1586
f 1022/1616/1521 2004/1694/1599 1037/1680/1585
f 1021/1704/1609 2001/1689/1594 2004/1694/1599
f 1998/1690/1595 2001/1689/1594 1021/1704/1609
f 2008/1705/1610 2011/1709/1614 2010/1706/1611
f 2009/1708/1613 2012/1711/1616 2011/1709/1614
f 2011/1709/1614 2014/1712/1617 2013/1710/1615
f 2012/1711/1616 2015/1721/1626 2014/1712/1617
f 468/1713/1618 959/1715/1620 2007/1707/1612
f 959/1715/1620 958/1716/1621 2008/1705/1610
f 958/1716/1621 957/1718/1623 2009/1708/1613
f 466/1717/1622 974/1719/1624 2009/1708/1613
f 974/1719/1624 973/1720/1625 2012/1711/1616
f 973/1720/1625 972/1722/1627 2015/1721/1626
f 972/1722/1627 472/1699/1604 1038/1698/1603
f 2015/1721/1626 1038/1698/1603 1039/1697/1602
f 2014/1712/1617 1039/1697/1602 1040/1696/1601
f 2013/1710/1615 1040/1696/1601 483/1613/1518
f 2010/1706/1611 2013/1710/1615 1043/1723/1628
f 1041/1714/1619 2007/1707/1612 2010/1706/1611
f 2016/1725/1630 2017/1728/1633 2020/1726/1631
f 2017/1728/1633 2018/1734/1639 2021/1729/1634
f 2020/1726/1631 2023/1731/1636 2022/1730/1635
f 2021/1729/1634 2024/1736/1641 2023/1731/1636
f 392/586/531 1196/1732/1637 2016/1725/1630
f 1196/1732/1637 1195/1733/1638 2017/1728/1633
f 1195/1733/1638 1194/1735/1640 2018/1734/1639
f 1194/1735/1640 468/1713/1618 1041/1714/1619
f 2018/1734/1639 1041/1714/1619 1042/1724/1629
f 1042/1724/1629 1043/1723/1628 2024/1736/1641
f 1043/1723/1628 483/1613/1518 1184/1612/1517
f 2024/1736/1641 1184/1612/1517 1183/1611/1516
f 2023/1731/1636 1183/1611/1516 1182/1610/1515
f 2022/1730/1635 1182/1610/1515 410/452/397
f 637/590/535 2019/1727/1632 2022/1730/1635
f 636/588/533 2016/1725/1630 2019/1727/1632
f 2025/1737/1642 2026/1740/1645 2029/1738/1643
f 2026/1740/1645 2027/1749/1654 2030/1741/1646
f 2028/1739/1644 2029/1738/1643 2032/1742/1647
f 2029/1738/1643 2030/1741/1646 2033/1744/1649
f 486/1745/1650 1050/1747/1652 2025/1737/1642
f 1050/1747/1652 1051/1748/1653 2026/1740/1645
f 1051/1748/1653 1052/1750/1655 2027/1749/1654
f 1052/1750/1655 489/2038/1693 1059/1751/1656
f 2027/1749/1654 1059/1751/1656 1060/1752/1657
f 2030/1741/1646 1060/1752/1657 1061/1753/1658
f 2033/1744/1649 1061/1753/1658 490/1754/1659
f 2032/1742/1647 2033/1744/1649 1055/1755/1660
f 2031/1743/1648 2032/1742/1647 1054/1756/1661
f 1046/1758/1663 2031/1743/1648 1053/1757/1662
f 1045/1760/1665 2028/1739/1644 2031/1743/1648
f 1044/1746/1651 2025/1737/1642 2028/1739/1644
f 2034/1761/1666 2035/1764/1669 2038/1762/1667
f 2035/1764/1669 2036/1770/1675 2039/1765/1670
f 2037/1763/1668 2038/1762/1667 2041/1766/1671
f 2038/1762/1667 2039/1765/1670 2042/1768/1673
f 487/1759/1664 1053/1757/1662 2034/1761/1666
f 1053/1757/1662 1054/1756/1661 2035/1764/1669
f 1054/1756/1661 1055/1755/1660 2036/1770/1675
f 1055/1755/1660 490/1754/1659 1062/1771/1676
f 1062/1771/1676 1063/1772/1677 2039/1765/1670
f 1063/1772/1677 1064/1773/1678 2042/1768/1673
f 1064/1773/1678 491/2487/1720 1058/1774/1679
f 2041/1766/1671 2042/1768/1673 1058/1774/1679
f 2040/1767/1672 2041/1766/1671 1057/1775/1680
f 2040/1767/1672 1056/1776/1681 488/1777/1682
f 1048/1779/1684 2037/1763/1668 2040/1767/1672
f 1047/1769/1674 2034/1761/1666 2037/1763/1668
f 2043/1780/1685 2044/1783/1688 2047/1781/1686
f 2044/1783/1688 2045/1792/1696 2048/1784/1689
f 2046/1782/1687 2047/1781/1686 2050/1785/1690
f 2047/1781/1686 2048/1784/1689 2051/1787/1692
f 489/1788/1693 1065/1790/1694 2043/1780/1685
f 1065/1790/1694 1066/1791/1695 2044/1783/1688
f 1066/1791/1695 1067/1793/1697 2045/1792/1696
f 1067/1793/1697 492/1978/1876 1074/1794/1698
f 2045/1792/1696 1074/1794/1698 1075/1795/1699
f 2048/1784/1689 1075/1795/1699 1076/1796/1700
f 1076/1796/1700 493/1812/1712 1070/1797/1701
f 2051/1787/1692 1070/1797/1701 1069/1798/1702
f 2050/1785/1690 1069/1798/1702 1068/1799/1703
f 2049/1786/1691 1068/1799/1703 490/1800/1659
f 1060/1802/1657 2046/1782/1687 2049/1786/1691
f 1059/1789/1656 2043/1780/1685 2046/1782/1687
f 2053/1803/1704 2056/1807/1708 2055/1804/1705
f 2054/1806/1707 2057/1809/1710 2056/1807/1708
f 2056/1807/1708 2059/1810/1711 2058/1808/1709
f 2057/1809/1710 2060/1815/1715 2059/1810/1711
f 1068/1799/1703 2052/1805/1706 1062/1811/1676
f 1069/1798/1702 2053/1803/1704 2052/1805/1706
f 1070/1797/1701 2054/1806/1707 2053/1803/1704
f 493/1812/1712 1077/1813/1713 2054/1806/1707
f 1077/1813/1713 1078/1814/1714 2057/1809/1710
f 1078/1814/1714 1079/1816/1716 2060/1815/1715
f 1079/1816/1716 514/1938/1836 1073/1817/1717
f 2060/1815/1715 1073/1817/1717 1072/1818/1718
f 2059/1810/1711 1072/1818/1718 1071/1819/1719
f 2058/1808/1709 1071/1819/1719 491/1820/1720
f 2055/1804/1705 2058/1808/1709 1064/1821/1678
f 2052/1805/1706 2055/1804/1705 1063/1822/1677
f 2062/1823/1721 2065/1827/1725 2064/1824/1722
f 2063/1826/1724 2066/1829/1727 2065/1827/1725
f 2065/1827/1725 2068/1830/1728 2067/1828/1726
f 2066/1829/1727 2069/1837/1735 2068/1830/1728
f 466/1717/1622 986/1832/1730 2061/1825/1723
f 985/1831/1729 2062/1823/1721 2061/1825/1723
f 984/1833/1731 2063/1826/1724 2062/1823/1721
f 475/1834/1732 1113/1835/1733 2063/1826/1724
f 1113/1835/1733 1114/1836/1734 2066/1829/1727
f 1114/1836/1734 1115/1838/1736 2069/1837/1735
f 1115/1838/1736 486/1745/1650 1082/1839/1737
f 2069/1837/1735 1082/1839/1737 1081/1840/1738
f 2068/1830/1728 1081/1840/1738 1080/1841/1739
f 2067/1828/1726 1080/1841/1739 472/1699/1604
f 2064/1824/1722 2067/1828/1726 972/1722/1627
f 2061/1825/1723 2064/1824/1722 973/1720/1625
f 2070/1842/1740 2071/1845/1743 2074/1843/1741
f 2071/1845/1743 2072/1851/1749 2075/1846/1744
f 2073/1844/1742 2074/1843/1741 2077/1847/1745
f 2074/1843/1741 2075/1846/1744 2078/1849/1747
f 1080/1841/1739 2070/1842/1740 971/1850/1748
f 1080/1841/1739 1081/1840/1738 2071/1845/1743
f 1081/1840/1738 1082/1839/1737 2072/1851/1749
f 1082/1839/1737 486/1745/1650 1044/1746/1651
f 2072/1851/1749 1044/1746/1651 1045/1760/1665
f 2075/1846/1744 1045/1760/1665 1046/1758/1663
f 2078/1849/1747 1046/1758/1663 487/1759/1664
f 2077/1847/1745 2078/1849/1747 1085/1852/1750
f 2076/1848/1746 2077/1847/1745 1084/1853/1751
f 969/1702/1607 2076/1848/1746 1083/1854/1752
f 970/1700/1605 2073/1844/1742 2076/1848/1746
f 971/1850/1748 2070/1842/1740 2073/1844/1742
f 2079/1855/1753 2080/1858/1756 2083/1856/1754
f 2080/1858/1756 2081/1862/1760 2084/1859/1757
f 2082/1857/1755 2083/1856/1754 2086/1860/1758
f 2084/1859/1757 2087/1863/1761 2086/1860/1758
f 471/1703/1608 1083/1854/1752 2079/1855/1753
f 1083/1854/1752 1084/1853/1751 2080/1858/1756
f 1084/1853/1751 1085/1852/1750 2081/1862/1760
f 1085/1852/1750 487/1759/1664 1047/1769/1674
f 2081/1862/1760 1047/1769/1674 1048/1779/1684
f 1048/1779/1684 1049/1778/1683 2087/1863/1761
f 1049/1778/1683 488/1777/1682 1088/1864/1762
f 2087/1863/1761 1088/1864/1762 1087/1865/1763
f 2085/1861/1759 2086/1860/1758 1087/1865/1763
f 966/1686/1591 2085/1861/1759 1086/1866/1764
f 967/1685/1590 2082/1857/1755 2085/1861/1759
f 968/1684/1589 2079/1855/1753 2082/1857/1755
f 2088/1867/1765 2089/1871/1769 2092/1868/1766
f 2090/1870/1768 2093/1874/1772 2092/1868/1766
f 2091/1869/1767 2092/1868/1766 2095/1872/1770
f 2093/1874/1772 2096/1877/1775 2095/1872/1770
f 470/1687/1592 1086/1866/1764 2088/1867/1765
f 1086/1866/1764 1087/1865/1763 2089/1871/1769
f 1088/1864/1762 2090/1870/1768 2089/1871/1769
f 488/1777/1682 1091/1875/1773 2090/1870/1768
f 1091/1875/1773 1090/1876/1774 2093/1874/1772
f 1090/1876/1774 1089/1878/1776 2096/1877/1775
f 1089/1878/1776 476/2319/2202 989/1879/1777
f 2096/1877/1775 989/1879/1777 988/1880/1778
f 2094/1873/1771 2095/1872/1770 988/1880/1778
f 963/1667/1572 2094/1873/1771 987/1881/1779
f 964/1666/1571 2091/1869/1767 2094/1873/1771
f 965/1665/1570 2088/1867/1765 2091/1869/1767
f 2098/1882/1780 2101/1886/1784 2100/1883/1781
f 2099/1885/1783 2102/1888/1786 2101/1886/1784
f 2101/1886/1784 2104/1889/1787 2103/1887/1785
f 2102/1888/1786 2105/1898/1796 2104/1889/1787
f 1325/1890/1788 2097/1884/1782 1272/1891/1789
f 1324/1893/1791 2098/1882/1780 2097/1884/1782
f 1323/1894/1792 2099/1885/1783 2098/1882/1780
f 520/1895/1793 1311/1896/1794 2099/1885/1783
f 1311/1896/1794 1312/1897/1795 2102/1888/1786
f 1312/1897/1795 1313/1899/1797 2105/1898/1796
f 1313/1899/1797 523/2654/2521 1322/1900/1798
f 2105/1898/1796 1322/1900/1798 1321/1901/1799
f 2104/1889/1787 1321/1901/1799 1320/1902/1800
f 2103/1887/1785 1320/1902/1800 512/1903/1801
f 2100/1883/1781 2103/1887/1785 1274/1904/1802
f 2097/1884/1782 2100/1883/1781 1273/1905/1803
f 2106/1906/1804 2107/1909/1807 2110/1907/1805
f 2107/1909/1807 2108/1918/1816 2111/1910/1808
f 2109/1908/1806 2110/1907/1805 2113/1911/1809
f 2110/1907/1805 2111/1910/1808 2114/1913/1811
f 503/1914/1812 1319/1916/1814 2106/1906/1804
f 1319/1916/1814 1318/1917/1815 2107/1909/1807
f 1318/1917/1815 1317/1919/1817 2108/1918/1816
f 1317/1919/1817 522/2650/2517 1304/1920/1818
f 2108/1918/1816 1304/1920/1818 1303/1921/1819
f 2111/1910/1808 1303/1921/1819 1302/1922/1820
f 2114/1913/1811 1302/1922/1820 519/1923/1821
f 2113/1911/1809 2114/1913/1811 1250/1924/1822
f 2112/1912/1810 2113/1911/1809 1249/1925/1823
f 1263/1927/1825 2112/1912/1810 1248/1926/1824
f 1264/1929/1827 2109/1908/1806 2112/1912/1810
f 1265/1915/1813 2106/1906/1804 2109/1908/1806
f 2115/1930/1828 2116/1933/1831 2119/1931/1829
f 2116/1933/1831 2117/1942/1840 2120/1934/1832
f 2118/1932/1830 2119/1931/1829 2122/1935/1833
f 2119/1931/1829 2120/1934/1832 2123/1937/1835
f 514/1938/1836 1100/1940/1838 2115/1930/1828
f 1100/1940/1838 1099/1941/1839 2116/1933/1831
f 1099/1941/1839 1098/1943/1841 2117/1942/1840
f 1098/1943/1841 478/1969/1867 1001/1944/1842
f 2117/1942/1840 1001/1944/1842 1000/1945/1843
f 2120/1934/1832 1000/1945/1843 999/1946/1844
f 2123/1937/1835 999/1946/1844 465/1947/1845
f 2122/1935/1833 2123/1937/1835 998/1948/1846
f 2121/1936/1834 2122/1935/1833 997/1949/1847
f 1095/1951/1849 2121/1936/1834 996/1950/1848
f 1096/1953/1851 2118/1932/1830 2121/1936/1834
f 1097/1939/1837 2115/1930/1828 2118/1932/1830
f 2124/1954/1852 2125/1957/1855 2128/1955/1853
f 2125/1957/1855 2126/1964/1862 2129/1958/1856
f 2127/1956/1854 2128/1955/1853 2131/1959/1857
f 2128/1955/1853 2129/1958/1856 2132/1961/1859
f 1103/1962/1860 2124/1954/1852 1077/1813/1713
f 1103/1962/1860 1102/1963/1861 2125/1957/1855
f 1102/1963/1861 1101/1965/1863 2126/1964/1862
f 1101/1965/1863 479/1986/1884 1004/1966/1864
f 2126/1964/1862 1004/1966/1864 1003/1967/1865
f 2129/1958/1856 1003/1967/1865 1002/1968/1866
f 2132/1961/1859 1002/1968/1866 478/1969/1867
f 2131/1959/1857 2132/1961/1859 1098/1943/1841
f 2130/1960/1858 2131/1959/1857 1099/1941/1839
f 1079/1816/1716 2130/1960/1858 1100/1940/1838
f 1078/1814/1714 2127/1956/1854 2130/1960/1858
f 2124/1954/1852 2127/1956/1854 1078/1814/1714
f 2133/1970/1868 2134/1973/1871 2137/1971/1869
f 2134/1973/1871 2135/1981/1879 2138/1974/1872
f 2136/1972/1870 2137/1971/1869 2140/1975/1873
f 2137/1971/1869 2138/1974/1872 2141/1977/1875
f 492/1978/1876 1106/1979/1877 2133/1970/1868
f 1106/1979/1877 1105/1980/1878 2134/1973/1871
f 1105/1980/1878 1104/1982/1880 2135/1981/1879
f 1104/1982/1880 480/2004/1902 1007/1983/1881
f 2135/1981/1879 1007/1983/1881 1006/1984/1882
f 2138/1974/1872 1006/1984/1882 1005/1985/1883
f 2141/1977/1875 1005/1985/1883 479/1986/1884
f 2140/1975/1873 2141/1977/1875 1101/1965/1863
f 2139/1976/1874 2140/1975/1873 1102/1963/1861
f 2139/1976/1874 1103/1962/1860 493/1812/1712
f 1075/1795/1699 2136/1972/1870 2139/1976/1874
f 1074/1794/1698 2133/1970/1868 2136/1972/1870
f 2142/1987/1885 2143/1990/1888 2146/1988/1886
f 2143/1990/1888 2144/1999/1897 2147/1991/1889
f 2145/1989/1887 2146/1988/1886 2149/1992/1890
f 2146/1988/1886 2147/1991/1889 2150/1994/1892
f 473/1995/1893 977/1997/1895 2142/1987/1885
f 977/1997/1895 976/1998/1896 2143/1990/1888
f 976/1998/1896 975/2000/1898 2144/1999/1897
f 975/2000/1898 464/2083/1977 1010/2001/1899
f 2144/1999/1897 1010/2001/1899 1009/2002/1900
f 2147/1991/1889 1009/2002/1900 1008/2003/1901
f 2150/1994/1892 1008/2003/1901 480/2004/1902
f 2149/1992/1890 2150/1994/1892 1104/1982/1880
f 2148/1993/1891 2149/1992/1890 1105/1980/1878
f 1109/2005/1903 2148/1993/1891 1106/1979/1877
f 1108/2006/1904 2145/1989/1887 2148/1993/1891
f 1107/1996/1894 2142/1987/1885 2145/1989/1887
f 2151/2007/1905 2152/2010/1908 2155/2008/1906
f 2152/2010/1908 2153/2019/1917 2156/2011/1909
f 2154/2009/1907 2155/2008/1906 2158/2012/1910
f 2155/2008/1906 2156/2011/1909 2159/2014/1912
f 474/2015/1913 980/2017/1915 2151/2007/1905
f 980/2017/1915 979/2018/1916 2152/2010/1908
f 979/2018/1916 978/2020/1918 2153/2019/1917
f 978/2020/1918 473/1995/1893 1107/1996/1894
f 2153/2019/1917 1107/1996/1894 1108/2006/1904
f 2156/2011/1909 1108/2006/1904 1109/2005/1903
f 2159/2014/1912 1109/2005/1903 492/1978/1876
f 2158/2012/1910 2159/2014/1912 1067/1793/1697
f 2157/2013/1911 2158/2012/1910 1066/1791/1695
f 1112/2021/1919 2157/2013/1911 1065/1790/1694
f 1111/2022/1920 2154/2009/1907 2157/2013/1911
f 1110/2016/1914 2151/2007/1905 2154/2009/1907
f 2161/2023/1921 2164/2027/1925 2163/2024/1922
f 2162/2026/1924 2165/2036/1932 2164/2027/1925
f 2164/2027/1925 2167/2030/1928 2166/2028/1926
f 2164/2027/1925 2165/2036/1932 2168/2029/1927
f 983/2031/1929 2160/2025/1923 1113/1835/1733
f 982/2032/1930 2161/2023/1921 2160/2025/1923
f 981/2033/1931 2162/2026/1924 2161/2023/1921
f 981/2033/1931 474/2234/1913 1110/2034/1914
f 2162/2026/1924 1110/2034/1914 1111/2035/1920
f 2165/2036/1932 1111/2035/1920 1112/2037/1919
f 2168/2029/1927 1112/2037/1919 489/2038/1693
f 2167/2030/1928 2168/2029/1927 1052/1750/1655
f 2166/2028/1926 2167/2030/1928 1051/1748/1653
f 1115/1838/1736 2166/2028/1926 1050/1747/1652
f 2163/2024/1922 2166/2028/1926 1115/1838/1736
f 2160/2025/1923 2163/2024/1922 1114/1836/1734
f 2169/2039/1933 2170/2042/1936 2173/2040/1934
f 2170/2042/1936 2171/2051/1945 2174/2043/1937
f 2172/2041/1935 2173/2040/1934 2176/2044/1938
f 2173/2040/1934 2174/2043/1937 2177/2046/1940
f 495/2047/1941 1146/2049/1943 2169/2039/1933
f 1146/2049/1943 1147/2050/1944 2170/2042/1936
f 1147/2050/1944 1148/2052/1946 2171/2051/1945
f 1148/2052/1946 428/917/850 726/915/848
f 2171/2051/1945 726/915/848 727/914/847
f 2174/2043/1937 727/914/847 728/913/846
f 728/913/846 429/912/845 1157/2053/1947
f 2176/2044/1938 2177/2046/1940 1157/2053/1947
f 2175/2045/1939 2176/2044/1938 1156/2054/1948
f 1118/2056/1950 2175/2045/1939 1155/2055/1949
f 1117/2058/1952 2172/2041/1935 2175/2045/1939
f 1116/2048/1942 2169/2039/1933 2172/2041/1935
f 2179/2059/1953 2182/2063/1957 2181/2060/1954
f 2180/2062/1956 2183/2065/1959 2182/2063/1957
f 2182/2063/1957 2185/2066/1960 2184/2064/1958
f 2183/2065/1959 2186/2068/1962 2185/2066/1960
f 1155/2055/1949 2178/2061/1955 1119/2067/1961
f 1156/2054/1948 2179/2059/1953 2178/2061/1955
f 1157/2053/1947 2180/2062/1956 2179/2059/1953
f 429/912/845 729/938/871 2180/2062/1956
f 729/938/871 730/937/870 2183/2065/1959
f 730/937/870 731/936/869 2186/2068/1962
f 731/936/869 430/1013/946 1199/2069/1963
f 2186/2068/1962 1199/2069/1963 1198/2070/1964
f 2185/2066/1960 1198/2070/1964 1197/2071/1965
f 2184/2064/1958 1197/2071/1965 497/2072/1966
f 2181/2060/1954 2184/2064/1958 1121/2073/1967
f 2178/2061/1955 2181/2060/1954 1120/2074/1968
f 2187/2075/1969 2188/2078/1972 2191/2076/1970
f 2188/2078/1972 2189/2088/1982 2192/2079/1973
f 2190/2077/1971 2191/2076/1970 2194/2080/1974
f 2191/2076/1970 2192/2079/1973 2195/2082/1976
f 464/2083/1977 1013/2084/1978 2187/2075/1969
f 1013/2084/1978 1012/2086/1980 2188/2078/1972
f 1011/2085/1979 2189/2088/1982 2188/2078/1972
f 481/2087/1981 1137/2155/2049 2189/2088/1982
f 2189/2088/1982 1137/2155/2049 1138/2089/1983
f 2192/2079/1973 1138/2089/1983 1139/2090/1984
f 2195/2082/1976 1139/2090/1984 495/2047/1941
f 2194/2080/1974 2195/2082/1976 1127/2091/1985
f 2193/2081/1975 2194/2080/1974 1126/2092/1986
f 1008/2003/1901 2193/2081/1975 1125/2093/1987
f 1009/2002/1900 2190/2077/1971 2193/2081/1975
f 1010/2001/1899 2187/2075/1969 2190/2077/1971
f 2196/2094/1988 2197/2097/1991 2200/2095/1989
f 2197/2097/1991 2198/2102/1996 2201/2098/1992
f 2199/2096/1990 2200/2095/1989 2203/2099/1993
f 2200/2095/1989 2201/2098/1992 2204/2101/1995
f 480/2004/1902 1125/2093/1987 2196/2094/1988
f 1125/2093/1987 1126/2092/1986 2197/2097/1991
f 1126/2092/1986 1127/2091/1985 2198/2102/1996
f 1127/2091/1985 495/2047/1941 1116/2048/1942
f 2198/2102/1996 1116/2048/1942 1117/2058/1952
f 2201/2098/1992 1117/2058/1952 1118/2056/1950
f 2204/2101/1995 1118/2056/1950 496/2057/1951
f 2203/2099/1993 2204/2101/1995 1130/2103/1997
f 2202/2100/1994 2203/2099/1993 1129/2104/1998
f 1005/1985/1883 2202/2100/1994 1128/2105/1999
f 1006/1984/1882 2199/2096/1990 2202/2100/1994
f 1007/1983/1881 2196/2094/1988 2199/2096/1990
f 2206/2106/2000 2209/2110/2004 2208/2107/2001
f 2207/2109/2003 2210/2112/2006 2209/2110/2004
f 2209/2110/2004 2212/2113/2007 2211/2111/2005
f 2210/2112/2006 2213/2114/2008 2212/2113/2007
f 479/1986/1884 1128/2105/1999 2205/2108/2002
f 1129/2104/1998 2206/2106/2000 2205/2108/2002
f 1130/2103/1997 2207/2109/2003 2206/2106/2000
f 496/2057/1951 1119/2067/1961 2207/2109/2003
f 1119/2067/1961 1120/2074/1968 2210/2112/2006
f 1120/2074/1968 1121/2073/1967 2213/2114/2008
f 1121/2073/1967 497/2072/1966 1133/2115/2009
f 2213/2114/2008 1133/2115/2009 1132/2116/2010
f 2212/2113/2007 1132/2116/2010 1131/2117/2011
f 1002/1968/1866 2211/2111/2005 1131/2117/2011
f 1003/1967/1865 2208/2107/2001 2211/2111/2005
f 1004/1966/1864 2205/2108/2002 2208/2107/2001
f 2215/2118/2012 2218/2122/2016 2217/2119/2013
f 2216/2121/2015 2219/2124/2018 2218/2122/2016
f 2218/2122/2016 2221/2125/2019 2220/2123/2017
f 2219/2124/2018 2222/2128/2022 2221/2125/2019
f 478/1969/1867 1131/2117/2011 2214/2120/2014
f 1132/2116/2010 2215/2118/2012 2214/2120/2014
f 1133/2115/2009 2216/2121/2015 2215/2118/2012
f 497/2072/1966 1136/2126/2020 2216/2121/2015
f 1136/2126/2020 1135/2127/2021 2219/2124/2018
f 1135/2127/2021 1134/2129/2023 2222/2128/2022
f 1134/2129/2023 482/2145/2039 1016/2130/2024
f 2222/2128/2022 1016/2130/2024 1015/2131/2025
f 2221/2125/2019 1015/2131/2025 1014/2132/2026
f 2220/2123/2017 1014/2132/2026 465/1947/1845
f 2217/2119/2013 2220/2123/2017 999/1946/1844
f 1001/1944/1842 2214/2120/2014 2217/2119/2013
f 2224/2133/2027 2227/2137/2031 2226/2134/2028
f 2225/2136/2030 2228/2139/2033 2227/2137/2031
f 2227/2137/2031 2230/2140/2034 2229/2138/2032
f 2228/2139/2033 2231/2141/2035 2230/2140/2034
f 1197/2071/1965 2223/2135/2029 1136/2126/2020
f 1198/2070/1964 2224/2133/2027 2223/2135/2029
f 1199/2069/1963 2225/2136/2030 2224/2133/2027
f 430/1013/946 746/1012/945 2225/2136/2030
f 746/1012/945 745/1011/944 2228/2139/2033
f 745/1011/944 744/1010/943 2231/2141/2035
f 744/1010/943 409/1248/1169 1334/2142/2036
f 2231/2141/2035 1334/2142/2036 1333/2143/2037
f 2230/2140/2034 1333/2143/2037 1332/2144/2038
f 2229/2138/2032 1332/2144/2038 482/2145/2039
f 2226/2134/2028 2229/2138/2032 1134/2129/2023
f 2223/2135/2029 2226/2134/2028 1135/2127/2021
f 2232/2146/2040 2233/2150/2044 2236/2147/2041
f 2234/2149/2043 2237/2158/2052 2236/2147/2041
f 2235/2148/2042 2236/2147/2041 2239/2151/2045
f 2236/2147/2041 2237/2158/2052 2240/2153/2047
f 1178/2154/2048 2232/2146/2040 1137/2155/2049
f 1177/2156/2050 2233/2150/2044 2232/2146/2040
f 1176/2157/2051 2234/2149/2043 2233/2150/2044
f 406/1027/960 747/1026/959 2234/2149/2043
f 747/1026/959 748/1025/958 2237/2158/2052
f 2237/2158/2052 748/1025/958 749/1024/957
f 2240/2153/2047 749/1024/957 428/917/850
f 2239/2151/2045 2240/2153/2047 1148/2052/1946
f 2238/2152/2046 2239/2151/2045 1147/2050/1944
f 1139/2090/1984 2238/2152/2046 1146/2049/1943
f 1138/2089/1983 2235/2148/2042 2238/2152/2046
f 1137/2155/2049 2232/2146/2040 2235/2148/2042
f 2242/2159/2053 2245/2163/2057 2244/2160/2054
f 2243/2162/2056 2246/2165/2059 2245/2163/2057
f 2245/2163/2057 2248/2166/2060 2247/2164/2058
f 2246/2165/2059 2249/2170/2064 2248/2166/2060
f 756/1039/972 2241/2161/2055 1158/2167/2061
f 757/1053/986 2242/2159/2053 2241/2161/2055
f 758/1052/985 2243/2162/2056 2242/2159/2053
f 433/1051/984 1140/2168/2062 2243/2162/2056
f 1140/2168/2062 1141/2169/2063 2246/2165/2059
f 1141/2169/2063 1142/2171/2065 2249/2170/2064
f 1142/2171/2065 499/2230/2088 1145/2172/2066
f 2249/2170/2064 1145/2172/2066 1144/2173/2067
f 2248/2166/2060 1144/2173/2067 1143/2174/2068
f 2247/2164/2058 1143/2174/2068 498/2175/2069
f 2244/2160/2054 2247/2164/2058 1160/2176/2070
f 2241/2161/2055 2244/2160/2054 1159/2177/2071
f 2250/2178/2072 2251/2181/2075 2254/2179/2073
f 2251/2181/2075 2252/2187/2080 2255/2182/2076
f 2253/2180/2074 2254/2179/2073 2257/2183/2077
f 2254/2179/2073 2255/2182/2076 2258/2185/2079
f 433/1062/984 765/1063/995 2250/2178/2072
f 765/1063/995 766/1077/1006 2251/2181/2075
f 766/1077/1006 767/1075/1004 2252/2187/2080
f 767/1075/1004 435/1076/1005 1149/2188/2081
f 2252/2187/2080 1149/2188/2081 1150/2189/2082
f 2255/2182/2076 1150/2189/2082 1151/2190/2083
f 2258/2185/2079 1151/2190/2083 500/2191/2084
f 2257/2183/2077 2258/2185/2079 1154/2192/2085
f 2256/2184/2078 2257/2183/2077 1153/2193/2086
f 1142/2195/2065 2256/2184/2078 1152/2194/2087
f 1141/2197/2063 2253/2180/2074 2256/2184/2078
f 1140/2186/2062 2250/2178/2072 2253/2180/2074
f 2260/2198/2089 2263/2202/2093 2262/2199/2090
f 2261/2201/2092 2264/2204/2095 2263/2202/2093
f 2263/2202/2093 2266/2205/2096 2265/2203/2094
f 2264/2204/2095 2267/2206/2097 2266/2205/2096
f 774/1086/1015 2259/2200/2091 1196/1732/1637
f 775/1092/1021 2260/2198/2089 2259/2200/2091
f 776/1091/1020 2261/2201/2092 2260/2198/2089
f 431/1040/973 1158/2167/2061 2261/2201/2092
f 1158/2167/2061 1159/2177/2071 2264/2204/2095
f 1159/2177/2071 1160/2176/2070 2267/2206/2097
f 1160/2176/2070 498/2175/2069 1163/2207/2098
f 2267/2206/2097 1163/2207/2098 1162/2208/2099
f 2266/2205/2096 1162/2208/2099 1161/2209/2100
f 2265/2203/2094 1161/2209/2100 468/1713/1618
f 2262/2199/2090 2265/2203/2094 1194/1735/1640
f 2259/2200/2091 2262/2199/2090 1195/1733/1638
f 2269/2210/2101 2272/2214/2105 2271/2211/2102
f 2270/2213/2104 2273/2216/2107 2272/2214/2105
f 2272/2214/2105 2275/2217/2108 2274/2215/2106
f 2273/2216/2107 2276/2220/2111 2275/2217/2108
f 1161/2209/2100 2268/2212/2103 959/1715/1620
f 1162/2208/2099 2269/2210/2101 2268/2212/2103
f 1163/2207/2098 2270/2213/2104 2269/2210/2101
f 498/2175/2069 1166/2218/2109 2270/2213/2104
f 1166/2218/2109 1165/2219/2110 2273/2216/2107
f 1165/2219/2110 1164/2221/2112 2276/2220/2111
f 1164/2221/2112 475/1834/1732 984/1833/1731
f 2276/2220/2111 984/1833/1731 985/1831/1729
f 2275/2217/2108 985/1831/1729 986/1832/1730
f 2274/2215/2106 986/1832/1730 466/1717/1622
f 2271/2211/2102 2274/2215/2106 957/1718/1623
f 2268/2212/2103 2271/2211/2102 958/1716/1621
f 2278/2222/2113 2281/2226/2117 2280/2223/2114
f 2279/2225/2116 2282/2228/2119 2281/2226/2117
f 2281/2226/2117 2284/2229/2120 2283/2227/2118
f 2282/2228/2119 2285/2233/2123 2284/2229/2120
f 1143/2174/2068 2277/2224/2115 1166/2218/2109
f 1144/2173/2067 2278/2222/2113 2277/2224/2115
f 1145/2172/2066 2279/2225/2116 2278/2222/2113
f 499/2230/2088 1169/2231/2121 2279/2225/2116
f 1169/2231/2121 1168/2699/2136 2282/2228/2119
f 2282/2228/2119 1168/2699/2136 1167/2232/2122
f 2285/2233/2123 1167/2232/2122 474/2234/1913
f 2285/2233/2123 981/2033/1931 982/2032/1930
f 2284/2229/2120 982/2032/1930 983/2031/1929
f 2283/2227/2118 983/2031/1929 475/1834/1732
f 2280/2223/2114 2283/2227/2118 1164/2221/2112
f 2277/2224/2115 2280/2223/2114 1165/2219/2110
f 2286/2235/2124 2287/2238/2127 2290/2236/2125
f 2287/2238/2127 2288/2244/2132 2291/2239/2128
f 2289/2237/2126 2290/2236/2125 2293/2240/2129
f 2290/2236/2125 2291/2239/2128 2294/2242/2131
f 499/2196/2088 1152/2194/2087 2286/2235/2124
f 1152/2194/2087 1153/2193/2086 2287/2238/2127
f 1153/2193/2086 1154/2192/2085 2288/2244/2132
f 1154/2192/2085 500/2191/2084 1172/2245/2133
f 2288/2244/2132 1172/2245/2133 1171/2246/2134
f 2291/2239/2128 1171/2246/2134 1170/2247/2135
f 2294/2242/2131 1170/2247/2135 473/1995/1893
f 2293/2240/2129 2294/2242/2131 978/2020/1918
f 2292/2241/2130 2293/2240/2129 979/2018/1916
f 1167/2248/2122 2292/2241/2130 980/2017/1915
f 1168/2249/2136 2289/2237/2126 2292/2241/2130
f 1169/2243/2121 2286/2235/2124 2289/2237/2126
f 2295/2250/2137 2296/2253/2140 2299/2251/2138
f 2296/2253/2140 2297/2260/2147 2300/2254/2141
f 2298/2252/2139 2299/2251/2138 2302/2255/2142
f 2299/2251/2138 2300/2254/2141 2303/2257/2144
f 500/2191/2084 1175/2258/2145 2295/2250/2137
f 1175/2258/2145 1174/2259/2146 2296/2253/2140
f 1174/2259/2146 1173/2261/2148 2297/2260/2147
f 1173/2261/2148 481/2087/1981 1011/2085/1979
f 2297/2260/2147 1011/2085/1979 1012/2086/1980
f 2300/2254/2141 1012/2086/1980 1013/2084/1978
f 2303/2257/2144 1013/2084/1978 464/2083/1977
f 2302/2255/2142 2303/2257/2144 975/2000/1898
f 2301/2256/2143 2302/2255/2142 976/1998/1896
f 1170/2247/2135 2301/2256/2143 977/1997/1895
f 1171/2246/2134 2298/2252/2139 2301/2256/2143
f 1172/2245/2133 2295/2250/2137 2298/2252/2139
f 2304/2262/2149 2305/2265/2152 2308/2263/2150
f 2305/2265/2152 2306/2270/2157 2309/2266/2153
f 2307/2264/2151 2308/2263/2150 2311/2267/2154
f 2308/2263/2150 2309/2266/2153 2312/2269/2156
f 435/1076/1005 794/1154/1079 2304/2262/2149
f 794/1154/1079 793/1157/1082 2305/2265/2152
f 793/1157/1082 792/1156/1081 2306/2270/2157
f 792/1156/1081 406/1027/960 1176/2157/2051
f 2306/2270/2157 1176/2157/2051 1177/2156/2050
f 2309/2266/2153 1177/2156/2050 1178/2154/2048
f 2312/2269/2156 1178/2154/2048 481/2087/1981
f 2311/2267/2154 2312/2269/2156 1173/2261/2148
f 2310/2268/2155 2311/2267/2154 1174/2259/2146
f 1151/2190/2083 2310/2268/2155 1175/2258/2145
f 1150/2189/2082 2307/2264/2151 2310/2268/2155
f 1149/2188/2081 2304/2262/2149 2307/2264/2151
f 2314/2271/2158 2317/2275/2162 2316/2272/2159
f 2315/2274/2161 2318/2277/2164 2317/2275/2162
f 2317/2275/2162 2320/2278/2165 2319/2276/2163
f 2318/2277/2164 2321/2287/2174 2320/2278/2165
f 1179/2279/2166 2313/2273/2160 1335/2280/2167
f 1179/2279/2166 1180/2283/2170 2314/2271/2158
f 1181/2282/2169 2315/2274/2161 2314/2271/2158
f 502/2284/2171 1188/2285/2172 2315/2274/2161
f 1188/2285/2172 1189/2286/2173 2318/2277/2164
f 1189/2286/2173 1190/2288/2175 2321/2287/2174
f 1190/2288/2175 440/2698/1116 803/1175/1100
f 2321/2287/2174 803/1175/1100 802/1173/1098
f 2320/2278/2165 802/1173/1098 801/1172/1097
f 2319/2276/2163 801/1172/1097 438/1171/1096
f 2316/2272/2159 2319/2276/2163 1337/2289/2176
f 2313/2273/2160 2316/2272/2159 1336/2290/2177
f 2323/2291/2178 2326/2295/2182 2325/2292/2179
f 2324/2294/2181 2327/2306/2191 2326/2295/2182
f 2325/2292/2179 2326/2295/2182 2329/2296/2183
f 2326/2295/2182 2327/2306/2191 2330/2298/2185
f 1185/2299/2186 2322/2293/2180 1188/2300/2172
f 1186/2302/2187 2323/2291/2178 2322/2293/2180
f 1187/2303/2188 2324/2294/2181 2323/2291/2178
f 515/2304/2189 1122/2345/2228 2324/2294/2181
f 2324/2294/2181 1122/2345/2228 1123/2305/2190
f 2327/2306/2191 1123/2305/2190 1124/2307/2192
f 2330/2298/2185 1124/2307/2192 442/1199/1120
f 2329/2296/2183 2330/2298/2185 812/1198/1119
f 2328/2297/2184 2329/2296/2183 811/1197/1118
f 2328/2297/2184 810/2308/2193 440/1195/1116
f 2325/2292/2179 2328/2297/2184 1190/2309/2175
f 2322/2293/2180 2325/2292/2179 1189/2310/2173
f 2332/2311/2194 2335/2315/2198 2334/2312/2195
f 2333/2314/2197 2336/2317/2200 2335/2315/2198
f 2335/2315/2198 2338/2318/2201 2337/2316/2199
f 2336/2317/2200 2339/2322/2205 2338/2318/2201
f 467/1668/1573 987/1881/1779 2331/2313/2196
f 988/1880/1778 2332/2311/2194 2331/2313/2196
f 989/1879/1777 2333/2314/2197 2332/2311/2194
f 476/2319/2202 1209/2320/2203 2333/2314/2197
f 1209/2320/2203 1210/2321/2204 2336/2317/2200
f 1210/2321/2204 1211/2323/2206 2339/2322/2205
f 1211/2323/2206 501/2281/2168 1193/2324/2207
f 2339/2322/2205 1193/2324/2207 1192/2325/2208
f 2338/2318/2201 1192/2325/2208 1191/2326/2209
f 2337/2316/2199 1191/2326/2209 469/1649/1554
f 2334/2312/2195 2337/2316/2199 960/1671/1576
f 2331/2313/2196 2334/2312/2195 961/1670/1575
f 2341/2327/2210 2344/2331/2214 2343/2328/2211
f 2342/2330/2213 2345/2333/2216 2344/2331/2214
f 2344/2331/2214 2347/2334/2217 2346/2332/2215
f 2345/2333/2216 2348/2335/2218 2347/2334/2217
f 1191/2326/2209 2340/2329/2212 1340/1650/1555
f 1192/2325/2208 2341/2327/2210 2340/2329/2212
f 1193/2324/2207 2342/2330/2213 2341/2327/2210
f 1193/2324/2207 501/2281/2168 1335/2280/2167
f 1335/2280/2167 1336/2290/2177 2345/2333/2216
f 1336/2290/2177 1337/2289/2176 2348/2335/2218
f 1337/2289/2176 438/1171/1096 821/1234/1155
f 2348/2335/2218 821/1234/1155 820/1232/1153
f 2347/2334/2217 820/1232/1153 819/1231/1152
f 2346/2332/2215 819/1231/1152 393/1230/1151
f 2343/2328/2211 2346/2332/2215 1338/1652/1557
f 2340/2329/2212 2343/2328/2211 1339/1651/1556
f 2349/2336/2219 2350/2339/2222 2353/2337/2220
f 2350/2339/2222 2351/2347/2230 2354/2340/2223
f 2352/2338/2221 2353/2337/2220 2356/2341/2224
f 2353/2337/2220 2354/2340/2223 2357/2343/2226
f 1202/2344/2227 2349/2336/2219 1122/2345/2228
f 1202/2344/2227 1201/2346/2229 2350/2339/2222
f 1201/2346/2229 1200/2348/2231 2351/2347/2230
f 1200/2348/2231 482/2145/2039 1332/2144/2038
f 2351/2347/2230 1332/2144/2038 1333/2143/2037
f 2354/2340/2223 1333/2143/2037 1334/2142/2036
f 2357/2343/2226 1334/2142/2036 409/1248/1169
f 2356/2341/2224 2357/2343/2226 822/1247/1168
f 2355/2342/2225 2356/2341/2224 823/1246/1167
f 1124/2307/2192 2355/2342/2225 824/1245/1166
f 1123/2305/2190 2352/2338/2221 2355/2342/2225
f 1122/2345/2228 2349/2336/2219 2352/2338/2221
f 2358/2349/2232 2359/2352/2235 2362/2350/2233
f 2359/2352/2235 2360/2358/2241 2363/2353/2236
f 2361/2351/2234 2362/2350/2233 2365/2354/2237
f 2362/2350/2233 2363/2353/2236 2366/2356/2239
f 513/1952/1850 996/1950/1848 2358/2349/2232
f 996/1950/1848 997/1949/1847 2359/2352/2235
f 997/1949/1847 998/1948/1846 2360/2358/2241
f 998/1948/1846 465/1947/1845 1014/2132/2026
f 2360/2358/2241 1014/2132/2026 1015/2131/2025
f 2363/2353/2236 1015/2131/2025 1016/2130/2024
f 2366/2356/2239 1016/2130/2024 482/2145/2039
f 2365/2354/2237 2366/2356/2239 1200/2348/2231
f 2364/2355/2238 2365/2354/2237 1201/2346/2229
f 1205/2359/2242 2364/2355/2238 1202/2344/2227
f 1204/2360/2243 2361/2351/2234 2364/2355/2238
f 1203/2357/2240 2358/2349/2232 2361/2351/2234
f 2368/2361/2244 2371/2365/2248 2370/2362/2245
f 2369/2364/2247 2372/2367/2250 2371/2365/2248
f 2371/2365/2248 2374/2368/2251 2373/2366/2249
f 2372/2367/2250 2375/2375/2258 2374/2368/2251
f 992/2369/2252 2367/2363/2246 1209/2320/2203
f 991/2370/2253 2368/2361/2244 2367/2363/2246
f 990/2371/2254 2369/2364/2247 2368/2361/2244
f 504/2372/2255 1245/2373/2256 2369/2364/2247
f 1245/2373/2256 1246/2478/2353 2372/2367/2250
f 2372/2367/2250 1246/2478/2353 1247/2374/2257
f 2375/2375/2258 1247/2374/2257 510/2376/2259
f 2375/2375/2258 995/2377/2260 994/2378/2261
f 2374/2368/2251 994/2378/2261 993/2379/2262
f 2373/2366/2249 993/2379/2262 501/2281/2168
f 2370/2362/2245 2373/2366/2249 1211/2323/2206
f 2367/2363/2246 2370/2362/2245 1210/2321/2204
f 2376/2380/2263 2377/2383/2266 2380/2381/2264
f 2377/2383/2266 2378/2390/2273 2381/2384/2267
f 2379/2382/2265 2380/2381/2264 2383/2385/2268
f 2380/2381/2264 2381/2384/2267 2384/2387/2270
f 502/2301/2171 1094/2388/2271 2376/2380/2263
f 1094/2388/2271 1093/2389/2272 2377/2383/2266
f 1093/2389/2272 1092/2392/2275 2378/2390/2273
f 511/2391/2274 1236/2393/2276 2378/2390/2273
f 1236/2393/2276 1237/2394/2277 2381/2384/2267
f 1237/2394/2277 1238/2459/2338 2384/2387/2270
f 2384/2387/2270 1238/2459/2338 516/2395/2278
f 2383/2385/2268 2384/2387/2270 1208/2396/2279
f 2382/2386/2269 2383/2385/2268 1207/2397/2280
f 1187/2303/2188 2382/2386/2269 1206/2398/2281
f 1186/2302/2187 2379/2382/2265 2382/2386/2269
f 1185/2299/2186 2376/2380/2263 2379/2382/2265
f 2386/2399/2282 2389/2403/2286 2388/2400/2283
f 2387/2402/2285 2390/2405/2288 2389/2403/2286
f 2389/2403/2286 2392/2406/2289 2391/2404/2287
f 2390/2405/2288 2393/2415/2298 2392/2406/2289
f 1218/2407/2290 2385/2401/2284 1226/2408/2291
f 1219/2410/2293 2386/2399/2282 2385/2401/2284
f 1220/2411/2294 2387/2402/2285 2386/2399/2282
f 508/2412/2295 1229/2413/2296 2387/2402/2285
f 1229/2413/2296 1228/2414/2297 2390/2405/2288
f 1228/2414/2297 1227/2416/2299 2393/2415/2298
f 1227/2416/2299 505/2470/2324 1214/2417/2300
f 2393/2415/2298 1214/2417/2300 1213/2418/2301
f 2392/2406/2289 1213/2418/2301 1212/2419/2302
f 2391/2404/2287 1212/2419/2302 504/2372/2255
f 2388/2400/2283 2391/2404/2287 1224/2420/2303
f 2385/2401/2284 2388/2400/2283 1225/2421/2304
f 2395/2422/2305 2398/2426/2309 2397/2423/2306
f 2396/2425/2308 2399/2437/2318 2398/2426/2309
f 2398/2426/2309 2401/2429/2312 2400/2427/2310
f 2398/2426/2309 2399/2437/2318 2402/2428/2311
f 1221/2430/2313 2394/2424/2307 1229/2431/2296
f 1222/2433/2314 2395/2422/2305 2394/2424/2307
f 1223/2434/2315 2396/2425/2308 2395/2422/2305
f 518/2435/2316 1232/2591/2458 2396/2425/2308
f 2396/2425/2308 1232/2591/2458 1231/2436/2317
f 2399/2437/2318 1231/2436/2317 1230/2438/2319
f 2402/2428/2311 1230/2438/2319 517/2439/2320
f 2401/2429/2312 2402/2428/2311 1217/2440/2321
f 2400/2427/2310 2401/2429/2312 1216/2441/2322
f 1227/2443/2299 2400/2427/2310 1215/2442/2323
f 2397/2423/2306 2400/2427/2310 1227/2443/2299
f 2394/2424/2307 2397/2423/2306 1228/2445/2297
f 2403/2446/2325 2404/2449/2328 2407/2447/2326
f 2404/2449/2328 2405/2455/2334 2408/2450/2329
f 2406/2448/2327 2407/2447/2326 2410/2451/2330
f 2407/2447/2326 2408/2450/2329 2411/2453/2332
f 505/2444/2324 1215/2442/2323 2403/2446/2325
f 1215/2442/2323 1216/2441/2322 2404/2449/2328
f 1216/2441/2322 1217/2440/2321 2405/2455/2334
f 1217/2440/2321 517/2439/2320 1239/2456/2335
f 2405/2455/2334 1239/2456/2335 1240/2457/2336
f 2408/2450/2329 1240/2457/2336 1241/2458/2337
f 2411/2453/2332 1241/2458/2337 516/2395/2278
f 2410/2451/2330 2411/2453/2332 1238/2459/2338
f 2409/2452/2331 2410/2451/2330 1237/2394/2277
f 1244/2460/2339 2409/2452/2331 1236/2393/2276
f 1243/2461/2340 2406/2448/2327 2409/2452/2331
f 1242/2454/2333 2403/2446/2325 2406/2448/2327
f 2412/2462/2341 2413/2465/2344 2416/2463/2342
f 2413/2465/2344 2414/2471/2349 2417/2466/2345
f 2415/2464/2343 2416/2463/2342 2419/2467/2346
f 2416/2463/2342 2417/2466/2345 2420/2469/2348
f 1212/2419/2302 2412/2462/2341 1245/2373/2256
f 1213/2418/2301 2413/2465/2344 2412/2462/2341
f 1214/2417/2300 2414/2471/2349 2413/2465/2344
f 505/2470/2324 1242/2472/2333 2414/2471/2349
f 1242/2472/2333 1243/2473/2340 2417/2466/2345
f 1243/2473/2340 1244/2474/2339 2420/2469/2348
f 1244/2474/2339 511/2513/2274 1235/2475/2350
f 2419/2467/2346 2420/2469/2348 1235/2475/2350
f 2418/2468/2347 2419/2467/2346 1234/2476/2351
f 1247/2374/2257 2418/2468/2347 1233/2477/2352
f 1246/2478/2353 2415/2464/2343 2418/2468/2347
f 1245/2373/2256 2412/2462/2341 2415/2464/2343
f 2422/2479/2354 2425/2483/2358 2424/2480/2355
f 2422/2479/2354 2423/2490/2364 2426/2482/2357
f 2425/2483/2358 2428/2486/2361 2427/2484/2359
f 2425/2483/2358 2426/2482/2357 2429/2485/2360
f 491/2487/1720 1259/2488/2362 2421/2481/2356
f 1259/2488/2362 1258/2489/2363 2422/2479/2354
f 1258/2489/2363 1257/2491/2365 2423/2490/2364
f 1257/2491/2365 508/2412/2295 1220/2411/2294
f 2423/2490/2364 1220/2411/2294 1219/2410/2293
f 2426/2482/2357 1219/2410/2293 1218/2407/2290
f 2429/2485/2360 1218/2407/2290 507/2409/2292
f 2429/2485/2360 1256/2492/2366 1255/2493/2367
f 2428/2486/2361 1255/2493/2367 1254/2494/2368
f 2427/2484/2359 1254/2494/2368 488/1777/1682
f 2424/2480/2355 2427/2484/2359 1056/1776/1681
f 2421/2481/2356 2424/2480/2355 1057/1775/1680
f 2431/2495/2369 2434/2499/2373 2433/2496/2370
f 2432/2498/2372 2435/2501/2375 2434/2499/2373
f 2434/2499/2373 2437/2502/2376 2436/2500/2374
f 2435/2501/2375 2438/2503/2377 2437/2502/2376
f 1254/2494/2368 2430/2497/2371 1091/1875/1773
f 1255/2493/2367 2431/2495/2369 2430/2497/2371
f 1256/2492/2366 2432/2498/2372 2431/2495/2369
f 507/2409/2292 1226/2408/2291 2432/2498/2372
f 1226/2408/2291 1225/2421/2304 2435/2501/2375
f 1225/2421/2304 1224/2420/2303 2438/2503/2377
f 1224/2420/2303 504/2372/2255 990/2371/2254
f 2438/2503/2377 990/2371/2254 991/2370/2253
f 2437/2502/2376 991/2370/2253 992/2369/2252
f 2436/2500/2374 992/2369/2252 476/2319/2202
f 2433/2496/2370 2436/2500/2374 1089/1878/1776
f 2430/2497/2371 2433/2496/2370 1090/1876/1774
f 2440/2504/2378 2443/2508/2382 2442/2505/2379
f 2441/2507/2381 2444/2510/2384 2443/2508/2382
f 2443/2508/2382 2446/2511/2385 2445/2509/2383
f 2444/2510/2384 2447/2512/2386 2446/2511/2385
f 993/2379/2262 2439/2506/2380 1179/2279/2166
f 994/2378/2261 2440/2504/2378 2439/2506/2380
f 995/2377/2260 2441/2507/2381 2440/2504/2378
f 510/2376/2259 1233/2477/2352 2441/2507/2381
f 1233/2477/2352 1234/2476/2351 2444/2510/2384
f 1234/2476/2351 1235/2475/2350 2447/2512/2386
f 2447/2512/2386 1235/2475/2350 511/2513/2274
f 2446/2511/2385 2447/2512/2386 1092/2514/2275
f 2446/2511/2385 1093/2515/2272 1094/2516/2271
f 1181/2282/2169 2445/2509/2383 1094/2516/2271
f 2442/2505/2379 2445/2509/2383 1181/2282/2169
f 2439/2506/2380 2442/2505/2379 1180/2283/2170
f 2448/2517/2387 2449/2520/2390 2452/2518/2388
f 2449/2520/2390 2450/2527/2397 2453/2521/2391
f 2451/2519/2389 2452/2518/2388 2455/2522/2392
f 2452/2518/2388 2453/2521/2391 2456/2524/2394
f 514/1938/1836 1251/2525/2395 2448/2517/2387
f 1251/2525/2395 1252/2526/2396 2449/2520/2390
f 1252/2526/2396 1253/2528/2398 2450/2527/2397
f 1253/2528/2398 518/2435/2316 1223/2434/2315
f 2450/2527/2397 1223/2434/2315 1222/2433/2314
f 2453/2521/2391 1222/2433/2314 1221/2430/2313
f 2456/2524/2394 1221/2430/2313 508/2432/2295
f 2455/2522/2392 2456/2524/2394 1257/2529/2365
f 2454/2523/2393 2455/2522/2392 1258/2530/2363
f 1071/1819/1719 2454/2523/2393 1259/2531/2362
f 1072/1818/1718 2451/2519/2389 2454/2523/2393
f 1073/1817/1717 2448/2517/2387 2451/2519/2389
f 2458/2532/2399 2461/2536/2403 2460/2533/2400
f 2458/2532/2399 2459/2545/2412 2462/2535/2402
f 2460/2533/2400 2461/2536/2403 2464/2537/2404
f 2461/2536/2403 2462/2535/2402 2465/2539/2406
f 1280/2540/2407 2457/2534/2401 1262/2541/2408
f 1279/2543/2410 2458/2532/2399 2457/2534/2401
f 1278/2544/2411 2459/2545/2412 2458/2532/2399
f 514/1938/1836 1097/1939/1837 2459/2545/2412
f 2459/2545/2412 1097/1939/1837 1096/1953/1851
f 2462/2535/2402 1096/1953/1851 1095/1951/1849
f 2465/2539/2406 1095/1951/1849 513/1952/1850
f 2464/2537/2404 2465/2539/2406 1283/2546/2413
f 2463/2538/2405 2464/2537/2404 1282/2547/2414
f 1260/2549/2416 2463/2538/2405 1281/2548/2415
f 1261/2550/2417 2460/2533/2400 2463/2538/2405
f 2457/2534/2401 2460/2533/2400 1261/2550/2417
f 2466/2551/2418 2467/2554/2421 2470/2552/2419
f 2467/2554/2421 2468/2559/2426 2471/2555/2422
f 2469/2553/2420 2470/2552/2419 2473/2556/2423
f 2470/2552/2419 2471/2555/2422 2474/2558/2425
f 477/1928/1826 1281/2548/2415 2466/2551/2418
f 1281/2548/2415 1282/2547/2414 2467/2554/2421
f 1282/2547/2414 1283/2546/2413 2468/2559/2426
f 1283/2546/2413 513/1952/1850 1203/2357/2240
f 2468/2559/2426 1203/2357/2240 1204/2360/2243
f 2471/2555/2422 1204/2360/2243 1205/2359/2242
f 2474/2558/2425 1205/2359/2242 515/2304/2189
f 2473/2556/2423 2474/2558/2425 1286/2560/2427
f 2472/2557/2424 2473/2556/2423 1285/2561/2428
f 1265/1915/1813 2472/2557/2424 1284/2562/2429
f 1264/1929/1827 2469/2553/2420 2472/2557/2424
f 2466/2551/2418 2469/2553/2420 1264/1929/1827
f 2475/2563/2430 2476/2566/2433 2479/2564/2431
f 2476/2566/2433 2477/2572/2439 2480/2567/2434
f 2478/2565/2432 2479/2564/2431 2482/2568/2435
f 2479/2564/2431 2480/2567/2434 2483/2570/2437
f 503/1914/1812 1284/2562/2429 2475/2563/2430
f 1284/2562/2429 1285/2561/2428 2476/2566/2433
f 1285/2561/2428 1286/2560/2427 2477/2572/2439
f 1286/2560/2427 515/2304/2189 1206/2398/2281
f 2477/2572/2439 1206/2398/2281 1207/2397/2280
f 1207/2397/2280 1208/2396/2279 2483/2570/2437
f 1208/2396/2279 516/2395/2278 1289/2573/2440
f 2483/2570/2437 1289/2573/2440 1288/2574/2441
f 2482/2568/2435 1288/2574/2441 1287/2575/2442
f 2481/2569/2436 1287/2575/2442 512/1903/1801
f 1267/2577/2444 2478/2565/2432 2481/2569/2436
f 1266/2571/2438 2475/2563/2430 2478/2565/2432
f 2484/2578/2445 2485/2581/2448 2488/2579/2446
f 2485/2581/2448 2486/2589/2456 2489/2582/2449
f 2487/2580/2447 2488/2579/2446 2491/2583/2450
f 2488/2579/2446 2489/2582/2449 2492/2585/2452
f 1292/2586/2453 2484/2578/2445 1269/2587/2454
f 1292/2586/2453 1291/2588/2455 2485/2581/2448
f 1291/2588/2455 1290/2590/2457 2486/2589/2456
f 1290/2590/2457 517/2439/2320 1230/2438/2319
f 2486/2589/2456 1230/2438/2319 1231/2436/2317
f 2489/2582/2449 1231/2436/2317 1232/2591/2458
f 2492/2585/2452 1232/2591/2458 518/2435/2316
f 2491/2583/2450 2492/2585/2452 1295/2592/2459
f 2490/2584/2451 2491/2583/2450 1294/2593/2460
f 1271/2595/2462 2490/2584/2451 1293/2594/2461
f 1270/2597/2464 2487/2580/2447 2490/2584/2451
f 1269/2587/2454 2484/2578/2445 2487/2580/2447
f 2494/2598/2465 2497/2602/2469 2496/2599/2466
f 2495/2601/2468 2498/2604/2471 2497/2602/2469
f 2497/2602/2469 2500/2605/2472 2499/2603/2470
f 2498/2604/2471 2501/2606/2473 2500/2605/2472
f 1287/2575/2442 2493/2600/2467 1274/1904/1802
f 1288/2574/2441 2494/2598/2465 2493/2600/2467
f 1289/2573/2440 2495/2601/2468 2494/2598/2465
f 516/2395/2278 1241/2458/2337 2495/2601/2468
f 1241/2458/2337 1240/2457/2336 2498/2604/2471
f 1240/2457/2336 1239/2456/2335 2501/2606/2473
f 2501/2606/2473 1239/2456/2335 517/2439/2320
f 2501/2606/2473 1290/2590/2457 1291/2588/2455
f 2500/2605/2472 1291/2588/2455 1292/2586/2453
f 2499/2603/2470 1292/2586/2453 506/1892/1790
f 2496/2599/2466 2499/2603/2470 1272/1891/1789
f 2493/2600/2467 2496/2599/2466 1273/1905/1803
f 2503/2607/2474 2506/2611/2478 2505/2608/2475
f 2504/2610/2477 2507/2613/2480 2506/2611/2478
f 2506/2611/2478 2509/2614/2481 2508/2612/2479
f 2507/2613/2480 2510/2616/2483 2509/2614/2481
f 509/2596/2463 1293/2594/2461 2502/2609/2476
f 1294/2593/2460 2503/2607/2474 2502/2609/2476
f 1295/2592/2459 2504/2610/2477 2503/2607/2474
f 518/2435/2316 1253/2528/2398 2504/2610/2477
f 1253/2528/2398 1252/2526/2396 2507/2613/2480
f 1252/2526/2396 1251/2525/2395 2510/2616/2483
f 1251/2525/2395 514/1938/1836 1278/2544/2411
f 2510/2616/2483 1278/2544/2411 1279/2543/2410
f 2509/2614/2481 1279/2543/2410 1280/2540/2407
f 2508/2612/2479 1280/2540/2407 494/2542/2409
f 2505/2608/2475 2508/2612/2479 1275/2617/2484
f 2502/2609/2476 2505/2608/2475 1276/2618/2485
f 2511/2619/2486 2512/2622/2489 2515/2620/2487
f 2512/2622/2489 2513/2630/2497 2516/2623/2490
f 2514/2621/2488 2515/2620/2487 2518/2624/2491
f 2515/2620/2487 2516/2623/2490 2519/2626/2493
f 519/1923/1821 1296/2628/2495 2511/2619/2486
f 1296/2628/2495 1297/2629/2496 2512/2622/2489
f 1297/2629/2496 1298/2631/2498 2513/2630/2497
f 1298/2631/2498 520/1895/1793 1308/2632/2499
f 2513/2630/2497 1308/2632/2499 1309/2633/2500
f 2516/2623/2490 1309/2633/2500 1310/2634/2501
f 2519/2626/2493 1310/2634/2501 524/2635/2502
f 2518/2624/2491 2519/2626/2493 1316/2636/2503
f 2517/2625/2492 2518/2624/2491 1315/2637/2504
f 2517/2625/2492 1314/2638/2505 521/2639/2506
f 2514/2621/2488 2517/2625/2492 1301/2640/2507
f 1299/2627/2494 2511/2619/2486 2514/2621/2488
f 2520/2642/2509 2521/2646/2513 2524/2643/2510
f 2522/2645/2512 2525/2655/2522 2524/2643/2510
f 2523/2644/2511 2524/2643/2510 2527/2647/2514
f 2524/2643/2510 2525/2655/2522 2528/2649/2516
f 522/2650/2517 1305/2651/2518 2520/2642/2509
f 1305/2651/2518 1306/2653/2520 2521/2646/2513
f 1307/2652/2519 2522/2645/2512 2521/2646/2513
f 523/2654/2521 1313/1899/1797 2522/2645/2512
f 1313/1899/1797 1312/1897/1795 2525/2655/2522
f 1312/1897/1795 1311/1896/1794 2528/2649/2516
f 2528/2649/2516 1311/1896/1794 520/1895/1793
f 2527/2647/2514 2528/2649/2516 1298/2631/2498
f 2526/2648/2515 2527/2647/2514 1297/2629/2496
f 1302/1922/1820 2526/2648/2515 1296/2628/2495
f 1303/1921/1819 2523/2644/2511 2526/2648/2515
f 1304/1920/1818 2520/2642/2509 2523/2644/2511
f 2530/2656/2523 2533/2660/2527 2532/2657/2524
f 2531/2659/2526 2534/2664/2531 2533/2660/2527
f 2532/2657/2524 2533/2660/2527 2536/2661/2528
f 2533/2660/2527 2534/2664/2531 2537/2663/2530
f 1320/1902/1800 2529/2658/2525 1268/2576/2443
f 1321/1901/1799 2530/2656/2523 2529/2658/2525
f 1322/1900/1798 2531/2659/2526 2530/2656/2523
f 523/2654/2521 1307/2652/2519 2531/2659/2526
f 1307/2652/2519 1306/2653/2520 2534/2664/2531
f 2534/2664/2531 1306/2653/2520 1305/2651/2518
f 2537/2663/2530 1305/2651/2518 522/2650/2517
f 2536/2661/2528 2537/2663/2530 1317/1919/1817
f 2535/2662/2529 2536/2661/2528 1318/1917/1815
f 1266/2571/2438 2535/2662/2529 1319/1916/1814
f 1267/2577/2444 2532/2657/2524 2535/2662/2529
f 2529/2658/2525 2532/2657/2524 1267/2577/2444
f 2538/2665/2532 2539/2668/2535 2542/2666/2533
f 2539/2668/2535 2540/2672/2539 2543/2669/2536
f 2542/2666/2533 2545/2671/2538 2544/2670/2537
f 2543/2669/2536 2546/2673/2540 2545/2671/2538
f 477/1928/1826 1248/1926/1824 2538/2665/2532
f 1248/1926/1824 1249/1925/1823 2539/2668/2535
f 1249/1925/1823 1250/1924/1822 2540/2672/2539
f 1250/1924/1822 519/1923/1821 1299/2627/2494
f 2540/2672/2539 1299/2627/2494 1300/2641/2508
f 1300/2641/2508 1301/2640/2507 2546/2673/2540
f 1301/2640/2507 521/2639/2506 1328/2674/2541
f 2546/2673/2540 1328/2674/2541 1327/2675/2542
f 2545/2671/2538 1327/2675/2542 1326/2676/2543
f 2544/2670/2537 1326/2676/2543 494/2542/2409
f 2541/2667/2534 2544/2670/2537 1262/2541/2408
f 1260/2549/2416 2538/2665/2532 2541/2667/2534
f 2548/2677/2544 2551/2681/2548 2550/2678/2545
f 2549/2680/2547 2552/2685/2552 2551/2681/2548
f 2550/2678/2545 2551/2681/2548 2554/2682/2549
f 2551/2681/2548 2552/2685/2552 2555/2684/2551
f 1326/2676/2543 2547/2679/2546 1275/2617/2484
f 1327/2675/2542 2548/2677/2544 2547/2679/2546
f 1328/2674/2541 2549/2680/2547 2548/2677/2544
f 521/2639/2506 1314/2638/2505 2549/2680/2547
f 1314/2638/2505 1315/2637/2504 2552/2685/2552
f 2552/2685/2552 1315/2637/2504 1316/2636/2503
f 2555/2684/2551 1316/2636/2503 524/2635/2502
f 2554/2682/2549 2555/2684/2551 1331/2686/2553
f 2553/2683/2550 2554/2682/2549 1330/2687/2554
f 1277/2615/2482 2553/2683/2550 1329/2688/2555
f 2550/2678/2545 2553/2683/2550 1277/2615/2482
f 2547/2679/2546 2550/2678/2545 1276/2618/2485
f 2556/2689/2556 2557/2692/2559 2560/2690/2557
f 2557/2692/2559 2558/2697/2564 2561/2693/2560
f 2559/2691/2558 2560/2690/2557 2563/2694/2561
f 2560/2690/2557 2561/2693/2560 2564/2696/2563
f 509/2596/2463 1329/2688/2555 2556/2689/2556
f 1329/2688/2555 1330/2687/2554 2557/2692/2559
f 1330/2687/2554 1331/2686/2553 2558/2697/2564
f 1331/2686/2553 524/2635/2502 1310/2634/2501
f 2558/2697/2564 1310/2634/2501 1309/2633/2500
f 2561/2693/2560 1309/2633/2500 1308/2632/2499
f 2564/2696/2563 1308/2632/2499 520/1895/1793
f 2563/2694/2561 2564/2696/2563 1323/1894/1792
f 2563/2694/2561 1324/1893/1791 1325/1890/1788
f 2562/2695/2562 1325/1890/1788 506/1892/1790
f 1270/2597/2464 2559/2691/2558 2562/2695/2562
f 1271/2595/2462 2556/2689/2556 2559/2691/2558
o bizixiao.002
v 2.209457 2.902791 -3.095341
v 2.208686 2.998966 -3.130399
v 2.201544 2.873277 -3.189921
v 2.200382 2.956027 -3.229640
v 2.349386 2.903076 -3.107157
v 2.343361 2.999536 -3.141882
v 2.341472 2.873561 -3.201736
v 2.335057 2.956596 -3.241123
v 2.197245 2.872648 -3.180470
v 2.192874 2.872913 -3.167030
v 2.190223 2.874691 -3.152183
v 2.190024 2.878214 -3.137224
v 2.192645 2.883517 -3.123246
v 2.197559 2.890080 -3.111036
v 2.203867 2.897123 -3.101328
v 2.204805 2.911731 -3.094414
v 2.199806 2.924791 -3.094608
v 2.196270 2.939580 -3.096713
v 2.194916 2.954801 -3.100976
v 2.196129 2.969311 -3.107395
v 2.199493 2.982188 -3.115297
v 2.204264 2.992541 -3.123702
v 2.203317 2.998725 -3.139323
v 2.197259 2.996881 -3.152419
v 2.192518 2.993043 -3.167351
v 2.189924 2.987223 -3.182874
v 2.189963 2.979640 -3.197879
v 2.192322 2.971062 -3.211418
v 2.196354 2.962505 -3.222544
v 2.195415 2.947897 -3.229458
v 2.190076 2.936351 -3.227846
v 2.186338 2.923577 -3.224411
v 2.185031 2.910636 -3.219122
v 2.186612 2.898423 -3.212140
v 2.190640 2.887606 -3.204152
v 2.196298 2.878832 -3.196092
v 2.330026 2.869753 -3.202655
v 2.312795 2.865684 -3.203218
v 2.292623 2.862826 -3.202930
v 2.271075 2.861745 -3.201634
v 2.249603 2.862743 -3.199299
v 2.229641 2.865522 -3.196200
v 2.212710 2.869520 -3.192751
v 2.210931 2.957308 -3.235507
v 2.226943 2.958671 -3.242235
v 2.245884 2.959637 -3.247648
v 2.266376 2.960047 -3.250812
v 2.287113 2.959817 -3.251165
v 2.306711 2.959016 -3.249039
v 2.323650 2.957790 -3.245120
v 2.340063 2.948478 -3.241779
v 2.345712 2.936932 -3.241086
v 2.350105 2.924137 -3.238325
v 2.352420 2.911156 -3.233324
v 2.352169 2.898886 -3.226167
v 2.349662 2.888004 -3.217607
v 2.345541 2.879164 -3.208704
v 2.353937 2.897411 -3.113993
v 2.358580 2.890370 -3.124618
v 2.361422 2.883806 -3.137477
v 2.361693 2.878503 -3.151696
v 2.359001 2.874980 -3.166414
v 2.353895 2.873202 -3.180612
v 2.347315 2.872936 -3.193135
v 2.340174 2.963131 -3.234813
v 2.345960 2.971751 -3.224533
v 2.350510 2.980375 -3.211588
v 2.353033 2.987975 -3.196805
v 2.353064 2.993778 -3.181061
v 2.350897 2.997571 -3.165534
v 2.347137 2.999351 -3.151592
v 2.348911 2.993122 -3.136023
v 2.355129 2.982769 -3.128538
v 2.359896 2.969872 -3.121308
v 2.362306 2.955322 -3.115177
v 2.361827 2.940044 -3.110740
v 2.358828 2.925189 -3.108063
v 2.354048 2.912064 -3.107027
v 2.221156 2.900306 -3.091808
v 2.238659 2.897599 -3.088430
v 2.259022 2.895672 -3.086730
v 2.280642 2.894972 -3.087286
v 2.302042 2.895754 -3.090361
v 2.321812 2.897761 -3.095448
v 2.338472 2.900539 -3.101712
v 2.332561 3.004548 -3.138630
v 2.316277 3.009962 -3.134717
v 2.297143 3.013781 -3.131292
v 2.276580 3.015151 -3.128867
v 2.255914 3.013601 -3.127774
v 2.236508 3.009616 -3.127913
v 2.219841 3.004066 -3.129017
v 2.193413 2.907443 -3.102836
v 2.186149 2.920467 -3.104511
v 2.181643 2.935063 -3.107493
v 2.180099 2.950137 -3.112170
v 2.181706 2.964670 -3.118596
v 2.186198 2.977911 -3.126069
v 2.193291 2.989276 -3.133557
v 2.184840 2.901334 -3.113564
v 2.175977 2.914752 -3.116556
v 2.170709 2.929502 -3.120531
v 2.169023 2.944714 -3.125758
v 2.170931 2.959570 -3.132280
v 2.176304 2.973490 -3.139483
v 2.185036 2.986008 -3.146539
v 2.178893 2.895081 -3.126409
v 2.169221 2.908634 -3.130401
v 2.163533 2.923448 -3.135276
v 2.161765 2.938789 -3.141053
v 2.163856 2.953959 -3.147652
v 2.169725 2.968399 -3.154613
v 2.179295 2.981590 -3.161375
v 2.175967 2.889593 -3.140815
v 2.166047 2.902874 -3.145549
v 2.160211 2.917426 -3.151157
v 2.158403 2.932620 -3.157371
v 2.160560 2.947827 -3.163921
v 2.166596 2.962416 -3.170536
v 2.176415 2.975758 -3.176944
v 2.176411 2.885467 -3.156074
v 2.166627 2.898027 -3.161393
v 2.160831 2.911867 -3.167562
v 2.159006 2.926464 -3.174025
v 2.161122 2.941256 -3.180328
v 2.167066 2.955543 -3.186386
v 2.176714 2.968585 -3.192217
v 2.180022 2.882644 -3.171155
v 2.170914 2.894062 -3.177063
v 2.165421 2.906856 -3.183727
v 2.163620 2.920576 -3.190327
v 2.165578 2.934675 -3.196257
v 2.171112 2.948366 -3.201530
v 2.180028 2.960794 -3.206396
v 2.186545 2.880772 -3.184919
v 2.178860 2.890741 -3.191625
v 2.173999 2.902387 -3.198852
v 2.172283 2.915215 -3.205589
v 2.173964 2.928602 -3.211133
v 2.178720 2.941661 -3.215449
v 2.186155 2.953381 -3.218843
v 2.210192 2.875677 -3.203889
v 2.206299 2.884334 -3.213943
v 2.203143 2.894971 -3.222934
v 2.201734 2.907054 -3.230337
v 2.202601 2.920006 -3.235605
v 2.205240 2.933115 -3.238471
v 2.208682 2.945681 -3.238671
v 2.227806 2.872337 -3.209497
v 2.225145 2.881368 -3.221193
v 2.222805 2.892233 -3.231157
v 2.221588 2.904513 -3.239036
v 2.221981 2.917768 -3.244439
v 2.223552 2.931501 -3.247034
v 2.225560 2.945243 -3.246466
v 2.248089 2.869941 -3.213629
v 2.246270 2.879302 -3.226253
v 2.244632 2.890452 -3.236863
v 2.243621 2.903017 -3.245125
v 2.243536 2.916612 -3.250694
v 2.244142 2.930841 -3.253214
v 2.245064 2.945308 -3.252326
v 2.269789 2.869070 -3.216274
v 2.268635 2.878565 -3.229211
v 2.267648 2.889854 -3.240077
v 2.266861 2.902566 -3.248507
v 2.266309 2.916324 -3.254136
v 2.266022 2.930746 -3.256623
v 2.266034 2.945448 -3.255628
v 2.291616 2.870038 -3.217308
v 2.291173 2.879416 -3.230053
v 2.290871 2.890584 -3.240782
v 2.290335 2.903162 -3.249089
v 2.289335 2.916767 -3.254584
v 2.288165 2.931003 -3.256959
v 2.287264 2.945478 -3.255920
v 2.312283 2.872527 -3.216637
v 2.312830 2.881591 -3.228614
v 2.313334 2.892489 -3.238828
v 2.313069 2.904798 -3.246798
v 2.311630 2.918072 -3.252055
v 2.309502 2.931818 -3.254345
v 2.307484 2.945570 -3.253444
v 2.330559 2.875948 -3.214062
v 2.332603 2.884654 -3.224632
v 2.334079 2.895340 -3.234029
v 2.334089 2.907465 -3.241566
v 2.332209 2.920447 -3.246615
v 2.328991 2.933573 -3.248998
v 2.325440 2.946148 -3.248616
v 2.357026 2.881139 -3.199321
v 2.363365 2.891193 -3.207233
v 2.366815 2.902921 -3.215187
v 2.367237 2.915821 -3.222130
v 2.364508 2.929260 -3.227324
v 2.358961 2.942343 -3.230786
v 2.350943 2.954057 -3.232885
v 2.365768 2.883029 -3.186841
v 2.373632 2.894547 -3.194208
v 2.377791 2.907439 -3.201715
v 2.378313 2.921244 -3.208542
v 2.375242 2.935405 -3.214074
v 2.368761 2.949126 -3.218354
v 2.359028 2.961544 -3.221656
v 2.371853 2.885859 -3.172574
v 2.380474 2.898530 -3.179475
v 2.385008 2.912477 -3.186548
v 2.385571 2.927168 -3.193247
v 2.382277 2.942030 -3.199123
v 2.375254 2.956352 -3.204110
v 2.364633 2.969384 -3.208242
v 2.374834 2.889987 -3.157603
v 2.383683 2.903382 -3.163950
v 2.388348 2.918045 -3.170479
v 2.388934 2.933337 -3.176929
v 2.385554 2.948617 -3.183043
v 2.378346 2.963243 -3.188565
v 2.367457 2.976576 -3.193237
v 2.374335 2.895473 -3.142910
v 2.383067 2.909137 -3.148483
v 2.387709 2.924058 -3.154263
v 2.388330 2.939494 -3.160275
v 2.385010 2.954734 -3.166448
v 2.377913 2.969208 -3.172337
v 2.367213 2.982390 -3.177399
v 2.370587 2.901719 -3.129250
v 2.378695 2.915237 -3.133700
v 2.383079 2.930084 -3.138519
v 2.383716 2.945381 -3.143973
v 2.380595 2.960299 -3.150097
v 2.373952 2.974250 -3.156306
v 2.364037 2.986758 -3.161798
v 2.363894 2.907810 -3.117239
v 2.370654 2.920919 -3.120119
v 2.374459 2.935598 -3.123827
v 2.375054 2.950743 -3.128711
v 2.372251 2.965328 -3.134787
v 2.366440 2.978594 -3.141407
v 2.358079 2.989951 -3.147600
v 2.340248 2.912905 -3.098268
v 2.343215 2.927326 -3.097801
v 2.345315 2.943013 -3.099745
v 2.345603 2.958904 -3.103963
v 2.343614 2.973924 -3.110316
v 2.339920 2.987139 -3.118384
v 2.335552 2.997652 -3.127771
v 2.322803 2.912026 -3.090908
v 2.324464 2.927931 -3.089570
v 2.325696 2.944708 -3.091089
v 2.325749 2.961444 -3.095263
v 2.324192 2.977206 -3.101914
v 2.321513 2.991115 -3.110802
v 2.318505 3.002310 -3.121728
v 2.302657 2.911000 -3.085354
v 2.303424 2.927863 -3.083624
v 2.303908 2.945473 -3.084961
v 2.303715 2.962941 -3.089175
v 2.302597 2.979378 -3.096082
v 2.300837 2.993910 -3.105509
v 2.298863 3.005666 -3.117291
v 2.281012 2.910510 -3.082144
v 2.281096 2.927691 -3.080288
v 2.280911 2.945617 -3.081558
v 2.280476 2.963392 -3.085793
v 2.279806 2.980120 -3.092828
v 2.278920 2.994913 -3.102477
v 2.277838 3.006886 -3.114553
v 2.259130 2.910902 -3.081676
v 2.258522 2.927748 -3.079824
v 2.257670 2.945342 -3.081043
v 2.257001 2.962796 -3.085211
v 2.256798 2.979223 -3.092191
v 2.256814 2.993748 -3.101764
v 2.256664 3.005497 -3.113696
v 2.238326 2.911836 -3.083768
v 2.236779 2.927708 -3.082150
v 2.235166 2.944452 -3.083418
v 2.234267 2.961160 -3.087502
v 2.234543 2.976902 -3.094299
v 2.235562 2.990798 -3.103491
v 2.236581 3.001981 -3.114751
v 2.219880 2.912634 -3.088095
v 2.216911 2.927006 -3.087112
v 2.214379 2.942644 -3.088651
v 2.213247 2.958492 -3.092734
v 2.214005 2.973483 -3.099305
v 2.216168 2.986681 -3.107857
v 2.218794 2.997185 -3.117826
v 2.211762 2.866167 -3.179886
v 2.229822 2.861213 -3.181459
v 2.250470 2.858017 -3.183619
v 2.272456 2.856902 -3.185697
v 2.294469 2.858089 -3.187327
v 2.315154 2.861356 -3.188653
v 2.333171 2.866381 -3.190125
v 2.209477 2.865113 -3.165435
v 2.229142 2.859377 -3.165766
v 2.250966 2.855820 -3.167156
v 2.273885 2.854615 -3.169027
v 2.296782 2.855885 -3.171014
v 2.318495 2.859510 -3.173292
v 2.337877 2.865319 -3.176256
v 2.207936 2.866128 -3.150145
v 2.228708 2.859923 -3.149726
v 2.251514 2.856151 -3.150537
v 2.275312 2.854895 -3.152227
v 2.299044 2.856212 -3.154537
v 2.321626 2.860049 -3.157549
v 2.341970 2.866329 -3.161436
v 2.208085 2.869264 -3.134985
v 2.229265 2.862861 -3.134074
v 2.252490 2.859019 -3.134408
v 2.276685 2.857755 -3.135901
v 2.300776 2.859079 -3.138470
v 2.323690 2.862986 -3.142022
v 2.344353 2.869464 -3.146462
v 2.210383 2.874535 -3.120899
v 2.231233 2.868196 -3.119545
v 2.254120 2.864431 -3.119398
v 2.277954 2.863204 -3.120651
v 2.301649 2.864493 -3.123398
v 2.324151 2.868323 -3.127367
v 2.344417 2.874737 -3.132190
v 2.214232 2.881619 -3.108602
v 2.234081 2.875806 -3.106738
v 2.256077 2.872360 -3.106080
v 2.279069 2.871232 -3.107069
v 2.301892 2.872425 -3.109937
v 2.323433 2.875938 -3.114264
v 2.342633 2.881825 -3.119423
v 2.218553 2.890176 -3.098728
v 2.236956 2.885582 -3.096205
v 2.257884 2.882776 -3.095008
v 2.279982 2.881825 -3.095750
v 2.301883 2.882848 -3.098717
v 2.322287 2.885725 -3.103399
v 2.339961 2.890390 -3.108968
v 2.325726 2.968663 -3.237917
v 2.307999 2.971871 -3.240953
v 2.288038 2.973630 -3.242558
v 2.267064 2.974133 -3.242022
v 2.246310 2.973435 -3.238993
v 2.226931 2.971497 -3.234029
v 2.210010 2.968139 -3.228038
v 2.329573 2.979074 -3.227376
v 2.310533 2.983811 -3.229651
v 2.289697 2.986441 -3.230645
v 2.268049 2.987206 -3.229842
v 2.246587 2.986229 -3.226959
v 2.226250 2.983404 -3.222446
v 2.207919 2.978503 -3.216981
v 2.333107 2.988724 -3.214170
v 2.313174 2.994457 -3.215777
v 2.291594 2.997747 -3.216147
v 2.269266 2.998737 -3.215044
v 2.247086 2.997522 -3.212339
v 2.225914 2.994023 -3.208313
v 2.206597 2.988115 -3.203356
v 2.335339 2.996905 -3.199067
v 2.315129 3.003256 -3.200039
v 2.293275 3.007024 -3.199793
v 2.270652 3.008203 -3.198398
v 2.248132 3.006793 -3.195929
v 2.226590 3.002812 -3.192464
v 2.206896 2.996282 -3.188085
v 2.335723 3.002935 -3.182909
v 2.315900 3.009646 -3.183194
v 2.294424 3.013750 -3.182326
v 2.272141 3.015079 -3.180678
v 2.249916 3.013525 -3.178517
v 2.228640 3.009213 -3.175730
v 2.209213 3.002326 -3.172094
v 2.334645 3.006474 -3.166760
v 2.315848 3.013196 -3.166124
v 2.295227 3.017441 -3.164548
v 2.273670 3.018863 -3.162661
v 2.252118 3.017229 -3.160861
v 2.231565 3.012789 -3.158919
v 2.212991 3.005902 -3.156366
v 2.332940 3.007218 -3.151708
v 2.315634 3.013479 -3.149713
v 2.296010 3.017615 -3.147271
v 2.275171 3.019054 -3.145130
v 2.254283 3.017421 -3.143707
v 2.234565 3.013105 -3.142789
v 2.217223 3.006696 -3.141829
vn -0.6410 -0.1461 0.7535
vn -0.6541 -0.4271 0.6243
vn -0.5645 -0.3237 0.7593
vn -0.6947 0.0439 0.7180
vn -0.7648 -0.2326 0.6009
vn -0.7216 0.2467 0.6469
vn -0.8353 -0.0245 0.5492
vn -0.8432 0.3877 0.3724
vn -0.8622 0.1908 0.4692
vn -0.7152 0.4307 0.5505
vn -0.7859 0.5584 0.2657
vn -0.6812 0.5859 0.4390
vn -0.6945 0.7025 0.1556
vn -0.7145 -0.5285 0.4585
vn -0.8476 -0.3245 0.4199
vn -0.9287 -0.1035 0.3560
vn -0.9269 0.3286 0.1815
vn -0.9543 0.1202 0.2735
vn -0.8537 0.5141 0.0830
vn -0.7415 0.6708 -0.0162
vn -0.7386 -0.6206 0.2632
vn -0.8831 -0.4168 0.2156
vn -0.9704 -0.1909 0.1482
vn -0.9970 0.0378 0.0681
vn -0.9670 0.2542 -0.0185
vn -0.7642 0.6154 -0.1932
vn -0.8868 0.4495 -0.1070
vn -0.7213 -0.6894 0.0663
vn -0.8655 -0.5008 0.0093
vn -0.9574 -0.2823 -0.0603
vn -0.9891 -0.0526 -0.1378
vn -0.9612 0.1694 -0.2179
vn -0.8816 0.3684 -0.2951
vn -0.6707 -0.7332 -0.1126
vn -0.8016 -0.5698 -0.1811
vn -0.8918 -0.3715 -0.2583
vn -0.9298 -0.1483 -0.3369
vn -0.9094 0.0761 -0.4090
vn -0.7592 0.5378 -0.3666
vn -0.8393 0.2769 -0.4679
vn -0.5963 -0.7579 -0.2648
vn -0.6988 -0.6237 -0.3503
vn -0.7765 -0.4543 -0.4367
vn -0.8186 -0.2448 -0.5195
vn -0.8106 -0.0235 -0.5851
vn -0.7297 0.4486 -0.5160
vn -0.7600 0.1761 -0.6256
vn -0.4433 -0.2350 0.8650
vn -0.4574 -0.4798 0.7487
vn -0.4003 -0.3726 0.8372
vn -0.4832 -0.0776 0.8721
vn -0.5183 0.0959 0.8498
vn -0.5424 0.2850 0.7903
vn -0.5482 0.4574 0.7002
vn -0.5376 0.6028 0.5896
vn -0.6227 0.7139 0.3203
vn -0.5151 0.7175 0.4690
vn -0.5306 0.8214 0.2091
vn -0.5689 0.8206 0.0546
vn -0.5959 0.7957 -0.1084
vn -0.6085 0.7451 -0.2731
vn -0.6051 0.6698 -0.4304
vn -0.5890 0.5828 -0.5598
vn -0.6778 0.3483 -0.6475
vn -0.5656 0.4866 -0.6659
vn -0.5928 0.2498 -0.7657
vn -0.6403 0.0794 -0.7641
vn -0.6682 -0.1193 -0.7344
vn -0.6634 -0.3327 -0.6703
vn -0.6240 -0.5233 -0.5803
vn -0.5620 -0.6700 -0.4850
vn -0.4919 -0.7759 -0.3949
vn -0.4256 -0.8502 -0.3098
vn -0.4674 -0.8619 -0.1966
vn -0.5074 -0.8594 -0.0629
vn -0.5411 -0.8347 0.1028
vn -0.5560 -0.7804 0.2862
vn -0.5433 -0.6950 0.4710
vn -0.5074 -0.5912 0.6269
vn -0.3632 -0.8106 -0.4594
vn -0.2828 -0.7363 -0.6147
vn -0.2526 -0.8362 -0.4868
vn -0.4128 -0.7103 -0.5701
vn -0.3138 -0.6059 -0.7311
vn -0.4940 -0.3990 -0.7725
vn -0.4593 -0.5741 -0.6779
vn -0.5069 -0.1940 -0.8399
vn -0.3399 -0.4402 -0.8311
vn -0.4962 0.0118 -0.8682
vn -0.3549 -0.2414 -0.9032
vn -0.4638 0.2097 -0.8607
vn -0.3553 -0.0248 -0.9344
vn -0.1665 -0.7498 -0.6404
vn -0.1481 -0.8498 -0.5058
vn -0.1854 -0.6220 -0.7608
vn -0.2028 -0.4619 -0.8634
vn -0.2156 -0.2677 -0.9391
vn -0.3418 0.2006 -0.9181
vn -0.2210 -0.0448 -0.9743
vn -0.0536 -0.7534 -0.6554
vn -0.0419 -0.8539 -0.5187
vn -0.0641 -0.6263 -0.7770
vn -0.0732 -0.4684 -0.8805
vn -0.0804 -0.2762 -0.9577
vn -0.2173 0.1942 -0.9566
vn -0.0845 -0.0519 -0.9951
vn 0.0648 -0.8489 -0.5246
vn 0.0603 -0.7486 -0.6603
vn 0.0572 -0.4606 -0.8858
vn 0.0582 -0.6206 -0.7820
vn 0.0558 -0.2664 -0.9622
vn 0.0535 -0.0438 -0.9976
vn 0.0508 0.1949 -0.9795
vn 0.1712 -0.8342 -0.5243
vn 0.1793 -0.7339 -0.6552
vn 0.1977 -0.4373 -0.8773
vn 0.1898 -0.6031 -0.7748
vn 0.1990 -0.2388 -0.9505
vn 0.1924 -0.0227 -0.9810
vn 0.1799 0.2021 -0.9627
vn 0.2850 -0.8074 -0.5166
vn 0.3151 -0.7065 -0.6337
vn 0.3592 -0.3946 -0.8458
vn 0.3421 -0.5697 -0.7473
vn 0.3591 -0.1901 -0.9137
vn 0.3421 0.0150 -0.9395
vn 0.3099 0.2120 -0.9268
vn -0.3246 -0.8864 -0.3301
vn -0.5359 0.3872 -0.7503
vn -0.4284 0.4039 -0.8083
vn -0.3234 0.4145 -0.8506
vn -0.2066 0.4216 -0.8829
vn -0.0841 0.1916 -0.9779
vn 0.0504 0.4223 -0.9051
vn 0.1712 0.4158 -0.8932
vn 0.2821 0.4056 -0.8694
vn 0.3981 0.3897 -0.8305
vn 0.4527 0.2529 -0.8550
vn 0.5012 0.0835 -0.8613
vn 0.5352 -0.1140 -0.8370
vn 0.5430 -0.3267 -0.7736
vn 0.5208 -0.5173 -0.6791
vn 0.4767 -0.6646 -0.5754
vn 0.4231 -0.7715 -0.4751
vn 0.3721 -0.8468 -0.3800
vn 0.2687 -0.8840 -0.3826
vn 0.1727 -0.9084 -0.3808
vn 0.0733 -0.9237 -0.3760
vn -0.0292 -0.9292 -0.3684
vn -0.1317 -0.9245 -0.3578
vn -0.2300 -0.9099 -0.3451
vn 0.5485 -0.7525 -0.3645
vn 0.7645 -0.5618 -0.3162
vn 0.6479 -0.7272 -0.2267
vn 0.6345 -0.6168 -0.4658
vn 0.8384 -0.3627 -0.4069
vn 0.6951 -0.4466 -0.5634
vn 0.8605 -0.1400 -0.4898
vn 0.7208 -0.2374 -0.6512
vn 0.8265 0.0831 -0.5568
vn 0.7001 -0.0172 -0.7138
vn 0.7462 0.2822 -0.6030
vn 0.6420 0.1810 -0.7451
vn 0.6289 0.4527 -0.6320
vn 0.8595 -0.4920 -0.1388
vn 0.7282 -0.6828 -0.0583
vn 0.9360 -0.2727 -0.2225
vn 0.9518 -0.0437 -0.3035
vn 0.9091 0.1767 -0.3771
vn 0.8166 0.3740 -0.4396
vn 0.6828 0.5423 -0.4896
vn 0.9111 -0.4076 0.0623
vn 0.7782 -0.6135 0.1340
vn 0.9833 -0.1811 -0.0188
vn 0.9937 0.0467 -0.1018
vn 0.9480 0.2615 -0.1816
vn 0.8530 0.4554 -0.2549
vn 0.7166 0.6202 -0.3191
vn 0.9097 -0.3153 0.2704
vn 0.7865 -0.5210 0.3316
vn 0.9766 -0.0940 0.1934
vn 0.9858 0.1288 0.1080
vn 0.9417 0.3356 0.0225
vn 0.8520 0.5198 -0.0619
vn 0.8575 -0.2240 0.4632
vn 0.7537 -0.4197 0.5057
vn 0.9161 -0.0139 0.4008
vn 0.9271 0.1977 0.3184
vn 0.8911 0.3942 0.2247
vn 0.7237 0.6757 -0.1404
vn 0.8157 0.5637 0.1298
vn 0.7601 -0.1385 0.6348
vn 0.6869 -0.3168 0.6541
vn 0.8068 0.0523 0.5886
vn 0.8195 0.2516 0.5148
vn 0.7947 0.4363 0.4219
vn 0.7061 0.7072 0.0373
vn 0.7414 0.5907 0.3184
vn 0.4328 -0.8584 -0.2754
vn 0.5560 0.3520 -0.7529
vn 0.4409 0.4894 -0.7524
vn 0.4814 0.5861 -0.6518
vn 0.5187 0.6735 -0.5267
vn 0.5482 0.7492 -0.3716
vn 0.5633 0.8000 -0.2066
vn 0.5640 0.8248 -0.0410
vn 0.6629 0.7181 0.2118
vn 0.5523 0.8253 0.1181
vn 0.5816 0.7211 0.3765
vn 0.6251 0.6067 0.4911
vn 0.6553 0.4619 0.5977
vn 0.6660 0.2902 0.6872
vn 0.6535 0.1017 0.7500
vn 0.6237 -0.0716 0.7784
vn 0.5840 -0.2291 0.7787
vn 0.5799 -0.4743 0.6624
vn 0.5375 -0.3673 0.7590
vn 0.6097 -0.5859 0.5338
vn 0.6199 -0.6901 0.3734
vn 0.6019 -0.7761 0.1880
vn 0.5564 -0.8309 0.0085
vn 0.4951 -0.8558 -0.1499
vn 0.4481 -0.2060 0.8699
vn 0.3360 -0.0251 0.9415
vn 0.3275 -0.2099 0.9212
vn 0.4734 -0.0371 0.8801
vn 0.3421 0.1446 0.9285
vn 0.4901 0.1311 0.8618
vn 0.3460 0.3133 0.8844
vn 0.4967 0.4726 0.7280
vn 0.4988 0.3080 0.8101
vn 0.4818 0.6196 0.6196
vn 0.3463 0.4745 0.8093
vn 0.4507 0.7497 0.4846
vn 0.3397 0.6293 0.6990
vn 0.2097 -0.0201 0.9776
vn 0.2081 -0.2119 0.9549
vn 0.2095 0.1507 0.9661
vn 0.2091 0.3137 0.9262
vn 0.2079 0.4730 0.8562
vn 0.3234 0.7761 0.5413
vn 0.2030 0.6336 0.7466
vn 0.0843 -0.0185 0.9963
vn 0.0827 -0.2128 0.9736
vn 0.0830 0.1524 0.9848
vn 0.0793 0.3130 0.9464
vn 0.0730 0.4715 0.8788
vn 0.1914 0.7912 0.5808
vn 0.0632 0.6342 0.7706
vn -0.0439 -0.2134 0.9760
vn -0.0423 -0.0215 0.9989
vn -0.0448 0.1494 0.9878
vn -0.0637 0.4720 0.8793
vn -0.0520 0.3126 0.9485
vn -0.0787 0.6326 0.7704
vn -0.0968 0.7903 0.6050
vn -0.1672 -0.2128 0.9627
vn -0.1728 -0.0279 0.9846
vn -0.1818 0.1420 0.9730
vn -0.2081 0.4724 0.8565
vn -0.1940 0.3110 0.9304
vn -0.2214 0.6274 0.7466
vn -0.2334 0.7743 0.5882
vn -0.2945 -0.2104 0.9322
vn -0.3184 -0.0414 0.9471
vn -0.3387 0.1270 0.9323
vn -0.3700 0.4693 0.8018
vn -0.3571 0.3043 0.8831
vn -0.3748 0.6167 0.6923
vn -0.3681 0.7470 0.5536
vn 0.4266 -0.3948 0.8137
vn 0.5275 0.8074 0.2644
vn 0.4139 0.8595 0.2998
vn 0.3007 0.8955 0.3280
vn 0.1715 0.9202 0.3518
vn 0.0481 0.7961 0.6032
vn -0.1173 0.9192 0.3760
vn -0.2484 0.8936 0.3740
vn -0.3642 0.8568 0.3650
vn -0.4814 0.8039 0.3492
vn -0.2821 -0.3989 0.8725
vn -0.1711 -0.4170 0.8927
vn -0.0513 -0.4287 0.9020
vn 0.0767 -0.4325 0.8983
vn 0.2035 -0.4273 0.8809
vn 0.3202 -0.4142 0.8520
vn -0.3312 -0.9249 -0.1869
vn -0.2214 -0.9741 -0.0461
vn -0.3510 -0.9353 -0.0451
vn -0.2213 -0.9553 -0.1962
vn -0.1098 -0.9926 -0.0516
vn -0.1191 -0.9716 -0.2043
vn -0.0035 -0.9982 -0.0592
vn 0.0865 -0.9711 -0.2225
vn -0.0162 -0.9770 -0.2127
vn 0.1889 -0.9541 -0.2325
vn 0.1026 -0.9922 -0.0702
vn 0.2994 -0.9229 -0.2423
vn 0.2140 -0.9732 -0.0840
vn -0.2230 -0.9687 0.1091
vn -0.3682 -0.9229 0.1125
vn -0.1020 -0.9895 0.1028
vn 0.0093 -0.9955 0.0946
vn 0.1206 -0.9892 0.0837
vn 0.3428 -0.9335 -0.1054
vn 0.2416 -0.9679 0.0693
vn -0.2230 -0.9341 0.2788
vn -0.3761 -0.8807 0.2881
vn -0.0949 -0.9593 0.2661
vn 0.0227 -0.9667 0.2550
vn 0.1408 -0.9589 0.2463
vn 0.3864 -0.9211 0.0478
vn 0.2699 -0.9332 0.2373
vn -0.3690 -0.8053 0.4640
vn -0.2181 -0.8660 0.4499
vn -0.0871 -0.8961 0.4352
vn 0.1612 -0.8956 0.4147
vn 0.0368 -0.9054 0.4229
vn 0.2936 -0.8647 0.4075
vn 0.4459 -0.8026 0.3962
vn -0.3489 -0.7007 0.6223
vn -0.2059 -0.7601 0.6163
vn -0.0765 -0.7907 0.6074
vn 0.1795 -0.7898 0.5866
vn 0.0515 -0.8007 0.5969
vn 0.3092 -0.7582 0.5741
vn 0.4520 -0.6974 0.5562
vn -0.3140 -0.5703 0.7590
vn -0.1874 -0.6099 0.7700
vn -0.0635 -0.6334 0.7712
vn 0.1940 -0.6322 0.7502
vn 0.0656 -0.6416 0.7642
vn 0.3163 -0.6073 0.7288
vn 0.4399 -0.5664 0.6969
vn 0.4236 -0.8786 0.2206
vn 0.2989 0.5604 -0.7724
vn 0.1877 0.7110 -0.6777
vn 0.3266 0.6689 -0.6678
vn 0.1752 0.5875 -0.7900
vn 0.0618 0.7317 -0.6788
vn 0.0543 0.6034 -0.7956
vn -0.0610 0.7383 -0.6717
vn -0.1940 0.6028 -0.7740
vn -0.0703 0.6088 -0.7902
vn -0.3117 0.5863 -0.7477
vn -0.1831 0.7309 -0.6575
vn -0.4300 0.5585 -0.7094
vn -0.3064 0.7093 -0.6348
vn 0.2030 0.8036 -0.5595
vn 0.3513 0.7581 -0.5494
vn 0.0719 0.8255 -0.5598
vn -0.0514 0.8320 -0.5525
vn -0.1740 0.8245 -0.5384
vn -0.4405 0.6664 -0.6015
vn -0.3024 0.8016 -0.5158
vn 0.2214 0.8777 -0.4250
vn 0.3753 0.8329 -0.4068
vn 0.0856 0.8985 -0.4305
vn -0.0410 0.9042 -0.4252
vn -0.1664 0.8973 -0.4088
vn -0.4456 0.7552 -0.4808
vn -0.2985 0.8753 -0.3804
vn 0.3951 0.8834 -0.2521
vn 0.2416 0.9302 -0.2764
vn 0.1033 0.9529 -0.2853
vn -0.1596 0.9515 -0.2630
vn -0.0289 0.9592 -0.2811
vn -0.2936 0.9276 -0.2310
vn -0.4395 0.8798 -0.1813
vn 0.4078 0.9089 -0.0876
vn 0.2612 0.9594 -0.1066
vn 0.1237 0.9860 -0.1119
vn -0.1504 0.9846 -0.0889
vn -0.0139 0.9942 -0.1063
vn -0.2843 0.9568 -0.0608
vn -0.4243 0.9053 -0.0175
vn 0.4095 0.9077 0.0911
vn 0.2797 0.9553 0.0956
vn 0.1469 0.9838 0.1025
vn -0.1364 0.9826 0.1261
vn 0.0051 0.9936 0.1126
vn -0.2680 0.9530 0.1413
vn -0.3957 0.9046 0.1585
vn -0.0788 0.4243 -0.9021
vn -0.4457 0.8295 -0.3366
vn 0.0274 0.9291 0.3687
vt 0.437500 0.031250
vt 0.406250 0.062500
vt 0.406250 0.031250
vt 0.468750 0.031250
vt 0.437500 0.062500
vt 0.500000 0.031250
vt 0.468750 0.062500
vt 0.531250 0.062500
vt 0.500000 0.062500
vt 0.531250 0.031250
vt 0.562500 0.062500
vt 0.562500 0.031250
vt 0.593750 0.062500
vt 0.406250 0.093750
vt 0.437500 0.093750
vt 0.468750 0.093750
vt 0.531250 0.093750
vt 0.500000 0.093750
vt 0.562500 0.093750
vt 0.593750 0.093750
vt 0.406250 0.125000
vt 0.437500 0.125000
vt 0.468750 0.125000
vt 0.500000 0.125000
vt 0.531250 0.125000
vt 0.593750 0.125000
vt 0.562500 0.125000
vt 0.406250 0.156250
vt 0.437500 0.156250
vt 0.468750 0.156250
vt 0.500000 0.156250
vt 0.531250 0.156250
vt 0.562500 0.156250
vt 0.406250 0.187500
vt 0.437500 0.187500
vt 0.468750 0.187500
vt 0.500000 0.187500
vt 0.531250 0.187500
vt 0.593750 0.156250
vt 0.562500 0.187500
vt 0.406250 0.218750
vt 0.437500 0.218750
vt 0.468750 0.218750
vt 0.500000 0.218750
vt 0.531250 0.218750
vt 0.593750 0.187500
vt 0.562500 0.218750
vt 0.406250 0.000000
vt 0.375000 0.031250
vt 0.375000 0.000000
vt 0.437500 0.000000
vt 0.468750 0.000000
vt 0.500000 0.000000
vt 0.531250 0.000000
vt 0.562500 0.000000
vt 0.593750 0.031250
vt 0.593750 0.000000
vt 0.625000 0.031250
vt 0.625000 0.062500
vt 0.625000 0.093750
vt 0.625000 0.125000
vt 0.625000 0.156250
vt 0.625000 0.187500
vt 0.593750 0.218750
vt 0.625000 0.218750
vt 0.593750 0.250000
vt 0.562500 0.250000
vt 0.531250 0.250000
vt 0.500000 0.250000
vt 0.468750 0.250000
vt 0.437500 0.250000
vt 0.406250 0.250000
vt 0.375000 0.250000
vt 0.375000 0.218750
vt 0.375000 0.187500
vt 0.375000 0.156250
vt 0.375000 0.125000
vt 0.375000 0.093750
vt 0.375000 0.062500
vt 0.406250 0.281250
vt 0.437500 0.312500
vt 0.406250 0.312500
vt 0.437500 0.281250
vt 0.468750 0.312500
vt 0.500000 0.281250
vt 0.468750 0.281250
vt 0.531250 0.281250
vt 0.500000 0.312500
vt 0.562500 0.281250
vt 0.531250 0.312500
vt 0.593750 0.281250
vt 0.562500 0.312500
vt 0.437500 0.343750
vt 0.406250 0.343750
vt 0.468750 0.343750
vt 0.500000 0.343750
vt 0.531250 0.343750
vt 0.593750 0.312500
vt 0.562500 0.343750
vt 0.437500 0.375000
vt 0.406250 0.375000
vt 0.468750 0.375000
vt 0.500000 0.375000
vt 0.531250 0.375000
vt 0.593750 0.343750
vt 0.562500 0.375000
vt 0.406250 0.406250
vt 0.437500 0.406250
vt 0.500000 0.406250
vt 0.468750 0.406250
vt 0.531250 0.406250
vt 0.562500 0.406250
vt 0.593750 0.406250
vt 0.406250 0.437500
vt 0.437500 0.437500
vt 0.500000 0.437500
vt 0.468750 0.437500
vt 0.531250 0.437500
vt 0.562500 0.437500
vt 0.593750 0.437500
vt 0.406250 0.468750
vt 0.437500 0.468750
vt 0.500000 0.468750
vt 0.468750 0.468750
vt 0.531250 0.468750
vt 0.562500 0.468750
vt 0.593750 0.468750
vt 0.375000 0.281250
vt 0.625000 0.250000
vt 0.625000 0.281250
vt 0.625000 0.312500
vt 0.625000 0.343750
vt 0.593750 0.375000
vt 0.625000 0.406250
vt 0.625000 0.437500
vt 0.625000 0.468750
vt 0.625000 0.500000
vt 0.593750 0.500000
vt 0.562500 0.500000
vt 0.531250 0.500000
vt 0.500000 0.500000
vt 0.468750 0.500000
vt 0.437500 0.500000
vt 0.406250 0.500000
vt 0.375000 0.500000
vt 0.375000 0.468750
vt 0.375000 0.437500
vt 0.375000 0.406250
vt 0.375000 0.375000
vt 0.375000 0.343750
vt 0.375000 0.312500
vt 0.406250 0.531250
vt 0.437500 0.562500
vt 0.406250 0.562500
vt 0.437500 0.531250
vt 0.468750 0.562500
vt 0.468750 0.531250
vt 0.500000 0.562500
vt 0.500000 0.531250
vt 0.531250 0.562500
vt 0.531250 0.531250
vt 0.562500 0.562500
vt 0.562500 0.531250
vt 0.593750 0.562500
vt 0.437500 0.593750
vt 0.406250 0.593750
vt 0.468750 0.593750
vt 0.500000 0.593750
vt 0.531250 0.593750
vt 0.562500 0.593750
vt 0.593750 0.593750
vt 0.437500 0.625000
vt 0.406250 0.625000
vt 0.468750 0.625000
vt 0.500000 0.625000
vt 0.531250 0.625000
vt 0.562500 0.625000
vt 0.593750 0.625000
vt 0.437500 0.656250
vt 0.406250 0.656250
vt 0.468750 0.656250
vt 0.500000 0.656250
vt 0.531250 0.656250
vt 0.562500 0.656250
vt 0.437500 0.687500
vt 0.406250 0.687500
vt 0.468750 0.687500
vt 0.500000 0.687500
vt 0.531250 0.687500
vt 0.593750 0.656250
vt 0.562500 0.687500
vt 0.437500 0.718750
vt 0.406250 0.718750
vt 0.468750 0.718750
vt 0.500000 0.718750
vt 0.531250 0.718750
vt 0.593750 0.687500
vt 0.562500 0.718750
vt 0.375000 0.531250
vt 0.593750 0.531250
vt 0.625000 0.531250
vt 0.625000 0.562500
vt 0.625000 0.593750
vt 0.625000 0.625000
vt 0.625000 0.656250
vt 0.625000 0.687500
vt 0.593750 0.718750
vt 0.625000 0.718750
vt 0.593750 0.750000
vt 0.562500 0.750000
vt 0.531250 0.750000
vt 0.500000 0.750000
vt 0.468750 0.750000
vt 0.437500 0.750000
vt 0.406250 0.750000
vt 0.375000 0.718750
vt 0.375000 0.750000
vt 0.375000 0.687500
vt 0.375000 0.656250
vt 0.375000 0.625000
vt 0.375000 0.593750
vt 0.375000 0.562500
vt 0.406250 0.781250
vt 0.437500 0.812500
vt 0.406250 0.812500
vt 0.437500 0.781250
vt 0.468750 0.812500
vt 0.468750 0.781250
vt 0.500000 0.812500
vt 0.531250 0.781250
vt 0.500000 0.781250
vt 0.562500 0.781250
vt 0.531250 0.812500
vt 0.593750 0.781250
vt 0.562500 0.812500
vt 0.437500 0.843750
vt 0.406250 0.843750
vt 0.468750 0.843750
vt 0.500000 0.843750
vt 0.531250 0.843750
vt 0.593750 0.812500
vt 0.562500 0.843750
vt 0.437500 0.875000
vt 0.406250 0.875000
vt 0.468750 0.875000
vt 0.500000 0.875000
vt 0.531250 0.875000
vt 0.593750 0.843750
vt 0.562500 0.875000
vt 0.406250 0.906250
vt 0.437500 0.906250
vt 0.468750 0.906250
vt 0.531250 0.906250
vt 0.500000 0.906250
vt 0.562500 0.906250
vt 0.593750 0.906250
vt 0.406250 0.937500
vt 0.437500 0.937500
vt 0.468750 0.937500
vt 0.531250 0.937500
vt 0.500000 0.937500
vt 0.562500 0.937500
vt 0.593750 0.937500
vt 0.406250 0.968750
vt 0.437500 0.968750
vt 0.468750 0.968750
vt 0.531250 0.968750
vt 0.500000 0.968750
vt 0.562500 0.968750
vt 0.593750 0.968750
vt 0.375000 0.781250
vt 0.625000 0.750000
vt 0.625000 0.781250
vt 0.625000 0.812500
vt 0.625000 0.843750
vt 0.593750 0.875000
vt 0.625000 0.906250
vt 0.625000 0.937500
vt 0.625000 0.968750
vt 0.625000 1.000000
vt 0.593750 1.000000
vt 0.562500 1.000000
vt 0.531250 1.000000
vt 0.500000 1.000000
vt 0.468750 1.000000
vt 0.437500 1.000000
vt 0.406250 1.000000
vt 0.375000 1.000000
vt 0.375000 0.968750
vt 0.375000 0.937500
vt 0.375000 0.906250
vt 0.375000 0.875000
vt 0.375000 0.843750
vt 0.375000 0.812500
vt 0.156250 0.531250
vt 0.187500 0.562500
vt 0.156250 0.562500
vt 0.187500 0.531250
vt 0.218750 0.562500
vt 0.218750 0.531250
vt 0.250000 0.562500
vt 0.281250 0.531250
vt 0.250000 0.531250
vt 0.312500 0.531250
vt 0.281250 0.562500
vt 0.343750 0.531250
vt 0.312500 0.562500
vt 0.187500 0.593750
vt 0.156250 0.593750
vt 0.218750 0.593750
vt 0.250000 0.593750
vt 0.281250 0.593750
vt 0.343750 0.562500
vt 0.312500 0.593750
vt 0.187500 0.625000
vt 0.156250 0.625000
vt 0.218750 0.625000
vt 0.250000 0.625000
vt 0.281250 0.625000
vt 0.343750 0.593750
vt 0.312500 0.625000
vt 0.156250 0.656250
vt 0.187500 0.656250
vt 0.218750 0.656250
vt 0.281250 0.656250
vt 0.250000 0.656250
vt 0.312500 0.656250
vt 0.343750 0.656250
vt 0.156250 0.687500
vt 0.187500 0.687500
vt 0.218750 0.687500
vt 0.281250 0.687500
vt 0.250000 0.687500
vt 0.312500 0.687500
vt 0.343750 0.687500
vt 0.156250 0.718750
vt 0.187500 0.718750
vt 0.218750 0.718750
vt 0.281250 0.718750
vt 0.250000 0.718750
vt 0.312500 0.718750
vt 0.343750 0.718750
vt 0.125000 0.500000
vt 0.125000 0.531250
vt 0.156250 0.500000
vt 0.187500 0.500000
vt 0.218750 0.500000
vt 0.281250 0.500000
vt 0.250000 0.500000
vt 0.312500 0.500000
vt 0.343750 0.500000
vt 0.343750 0.625000
vt 0.343750 0.750000
vt 0.312500 0.750000
vt 0.281250 0.750000
vt 0.250000 0.750000
vt 0.218750 0.750000
vt 0.187500 0.750000
vt 0.156250 0.750000
vt 0.125000 0.750000
vt 0.125000 0.718750
vt 0.125000 0.687500
vt 0.125000 0.656250
vt 0.125000 0.625000
vt 0.125000 0.593750
vt 0.125000 0.562500
vt 0.656250 0.531250
vt 0.687500 0.562500
vt 0.656250 0.562500
vt 0.687500 0.531250
vt 0.718750 0.562500
vt 0.718750 0.531250
vt 0.750000 0.562500
vt 0.781250 0.531250
vt 0.750000 0.531250
vt 0.812500 0.531250
vt 0.781250 0.562500
vt 0.843750 0.531250
vt 0.812500 0.562500
vt 0.687500 0.593750
vt 0.656250 0.593750
vt 0.718750 0.593750
vt 0.750000 0.593750
vt 0.781250 0.593750
vt 0.843750 0.562500
vt 0.812500 0.593750
vt 0.687500 0.625000
vt 0.656250 0.625000
vt 0.718750 0.625000
vt 0.750000 0.625000
vt 0.781250 0.625000
vt 0.843750 0.593750
vt 0.812500 0.625000
vt 0.656250 0.656250
vt 0.687500 0.656250
vt 0.718750 0.656250
vt 0.781250 0.656250
vt 0.750000 0.656250
vt 0.812500 0.656250
vt 0.843750 0.656250
vt 0.656250 0.687500
vt 0.687500 0.687500
vt 0.718750 0.687500
vt 0.781250 0.687500
vt 0.750000 0.687500
vt 0.812500 0.687500
vt 0.843750 0.687500
vt 0.656250 0.718750
vt 0.687500 0.718750
vt 0.718750 0.718750
vt 0.781250 0.718750
vt 0.750000 0.718750
vt 0.812500 0.718750
vt 0.843750 0.718750
vt 0.656250 0.500000
vt 0.687500 0.500000
vt 0.718750 0.500000
vt 0.781250 0.500000
vt 0.750000 0.500000
vt 0.812500 0.500000
vt 0.843750 0.500000
vt 0.875000 0.500000
vt 0.875000 0.531250
vt 0.875000 0.562500
vt 0.875000 0.593750
vt 0.843750 0.625000
vt 0.875000 0.656250
vt 0.875000 0.687500
vt 0.875000 0.718750
vt 0.875000 0.750000
vt 0.843750 0.750000
vt 0.812500 0.750000
vt 0.781250 0.750000
vt 0.750000 0.750000
vt 0.718750 0.750000
vt 0.687500 0.750000
vt 0.656250 0.750000
vt 0.625000 0.000000
vt 0.625000 0.375000
vt 0.625000 0.875000
vt 0.875000 0.625000
s 1
f 2658/2700/2565 2664/2701/2566 2657/2702/2567
f 2659/2703/2568 2665/2704/2569 2658/2700/2565
f 2660/2705/2570 2666/2706/2571 2659/2703/2568
f 2660/2705/2570 2668/2707/2572 2667/2708/2573
f 2661/2709/2574 2669/2710/2575 2668/2707/2572
f 2662/2711/2576 2670/2712/2577 2669/2710/2575
f 2665/2704/2569 2671/2713/2578 2664/2701/2566
f 2666/2706/2571 2672/2714/2579 2665/2704/2569
f 2667/2708/2573 2673/2715/2580 2666/2706/2571
f 2667/2708/2573 2675/2716/2581 2674/2717/2582
f 2668/2707/2572 2676/2718/2583 2675/2716/2581
f 2669/2710/2575 2677/2719/2584 2676/2718/2583
f 2672/2714/2579 2678/2720/2585 2671/2713/2578
f 2673/2715/2580 2679/2721/2586 2672/2714/2579
f 2674/2717/2582 2680/2722/2587 2673/2715/2580
f 2675/2716/2581 2681/2723/2588 2674/2717/2582
f 2676/2718/2583 2682/2724/2589 2675/2716/2581
f 2676/2718/2583 2684/2725/2590 2683/2726/2591
f 2679/2721/2586 2685/2727/2592 2678/2720/2585
f 2680/2722/2587 2686/2728/2593 2679/2721/2586
f 2681/2723/2588 2687/2729/2594 2680/2722/2587
f 2682/2724/2589 2688/2730/2595 2681/2723/2588
f 2683/2726/2591 2689/2731/2596 2682/2724/2589
f 2684/2725/2590 2690/2732/2597 2683/2726/2591
f 2686/2728/2593 2692/2733/2598 2685/2727/2592
f 2687/2729/2594 2693/2734/2599 2686/2728/2593
f 2688/2730/2595 2694/2735/2600 2687/2729/2594
f 2689/2731/2596 2695/2736/2601 2688/2730/2595
f 2690/2732/2597 2696/2737/2602 2689/2731/2596
f 2691/2738/2603 2697/2739/2604 2690/2732/2597
f 2693/2734/2599 2699/2740/2605 2692/2733/2598
f 2694/2735/2600 2700/2741/2606 2693/2734/2599
f 2695/2736/2601 2701/2742/2607 2694/2735/2600
f 2696/2737/2602 2702/2743/2608 2695/2736/2601
f 2697/2739/2604 2703/2744/2609 2696/2737/2602
f 2698/2745/2610 2704/2746/2611 2697/2739/2604
f 2580/2747/2612 2579/2748/2613 2565/2749/2614
f 2581/2750/2615 2657/2702/2567 2580/2747/2612
f 2582/2751/2616 2658/2700/2565 2581/2750/2615
f 2583/2752/2617 2659/2703/2568 2582/2751/2616
f 2583/2752/2617 2661/2709/2574 2660/2705/2570
f 2584/2753/2618 2662/2711/2576 2661/2709/2574
f 2585/2754/2619 2663/2755/2620 2662/2711/2576
f 2586/2756/2621 2587/2757/2622 2663/2755/2620
f 2663/2755/2620 2588/2758/2623 2670/2712/2577
f 2670/2712/2577 2589/2759/2624 2677/2719/2584
f 2677/2719/2584 2590/2760/2625 2684/2725/2590
f 2590/2760/2625 2691/2738/2603 2684/2725/2590
f 2591/2761/2626 2698/2745/2610 2691/2738/2603
f 2592/2762/2627 2705/2763/2628 2698/2745/2610
f 2593/2764/2629 2594/2765/2630 2705/2763/2628
f 2705/2763/2628 2595/2766/2631 2704/2746/2611
f 2704/2746/2611 2596/2767/2632 2703/2744/2609
f 2703/2744/2609 2597/2768/2633 2702/2743/2608
f 2702/2743/2608 2598/2769/2634 2701/2742/2607
f 2701/2742/2607 2599/2770/2635 2700/2741/2606
f 2699/2740/2605 2599/2770/2635 2600/2771/2636
f 2699/2740/2605 2567/2772/2637 2573/2773/2638
f 2574/2774/2639 2699/2740/2605 2573/2773/2638
f 2575/2775/2640 2692/2733/2598 2574/2774/2639
f 2678/2720/2585 2575/2775/2640 2576/2776/2641
f 2671/2713/2578 2576/2776/2641 2577/2777/2642
f 2664/2701/2566 2577/2777/2642 2578/2778/2643
f 2657/2702/2567 2578/2778/2643 2579/2748/2613
f 2706/2779/2644 2714/2780/2645 2713/2781/2646
f 2707/2782/2647 2715/2783/2648 2714/2780/2645
f 2709/2784/2649 2715/2783/2648 2708/2785/2650
f 2710/2786/2651 2716/2787/2652 2709/2784/2649
f 2711/2788/2653 2717/2789/2654 2710/2786/2651
f 2712/2790/2655 2718/2791/2656 2711/2788/2653
f 2713/2781/2646 2721/2792/2657 2720/2793/2658
f 2714/2780/2645 2722/2794/2659 2721/2792/2657
f 2716/2787/2652 2722/2794/2659 2715/2783/2648
f 2717/2789/2654 2723/2795/2660 2716/2787/2652
f 2718/2791/2656 2724/2796/2661 2717/2789/2654
f 2719/2797/2662 2725/2798/2663 2718/2791/2656
f 2720/2793/2658 2728/2799/2664 2727/2800/2665
f 2721/2792/2657 2729/2801/2666 2728/2799/2664
f 2723/2795/2660 2729/2801/2666 2722/2794/2659
f 2724/2796/2661 2730/2802/2667 2723/2795/2660
f 2725/2798/2663 2731/2803/2668 2724/2796/2661
f 2726/2804/2669 2732/2805/2670 2725/2798/2663
f 2728/2799/2664 2734/2806/2671 2727/2800/2665
f 2729/2801/2666 2735/2807/2672 2728/2799/2664
f 2729/2801/2666 2737/2808/2673 2736/2809/2674
f 2730/2802/2667 2738/2810/2675 2737/2808/2673
f 2731/2803/2668 2739/2811/2676 2738/2810/2675
f 2732/2805/2670 2740/2812/2677 2739/2811/2676
f 2735/2807/2672 2741/2813/2678 2734/2806/2671
f 2736/2809/2674 2742/2814/2679 2735/2807/2672
f 2736/2809/2674 2744/2815/2680 2743/2816/2681
f 2737/2808/2673 2745/2817/2682 2744/2815/2680
f 2738/2810/2675 2746/2818/2683 2745/2817/2682
f 2739/2811/2676 2747/2819/2684 2746/2818/2683
f 2742/2814/2679 2748/2820/2685 2741/2813/2678
f 2743/2816/2681 2749/2821/2686 2742/2814/2679
f 2743/2816/2681 2751/2822/2687 2750/2823/2688
f 2744/2815/2680 2752/2824/2689 2751/2822/2687
f 2745/2817/2682 2753/2825/2690 2752/2824/2689
f 2746/2818/2683 2754/2826/2691 2753/2825/2690
f 2567/2772/2637 2706/2779/2644 2607/2827/2692
f 2600/2771/2636 2707/2782/2647 2706/2779/2644
f 2599/2770/2635 2708/2785/2650 2707/2782/2647
f 2597/2768/2633 2708/2785/2650 2598/2769/2634
f 2596/2767/2632 2709/2784/2649 2597/2768/2633
f 2595/2766/2631 2710/2786/2651 2596/2767/2632
f 2594/2765/2630 2711/2788/2653 2595/2766/2631
f 2568/2828/2693 2712/2790/2655 2594/2765/2630
f 2608/2829/2694 2719/2797/2662 2712/2790/2655
f 2609/2830/2695 2726/2804/2669 2719/2797/2662
f 2610/2831/2696 2733/2832/2697 2726/2804/2669
f 2733/2832/2697 2612/2833/2698 2740/2812/2677
f 2740/2812/2677 2613/2834/2699 2747/2819/2684
f 2747/2819/2684 2614/2835/2700 2754/2826/2691
f 2754/2826/2691 2572/2836/2701 2615/2837/2702
f 2753/2825/2690 2615/2837/2702 2616/2838/2703
f 2752/2824/2689 2616/2838/2703 2617/2839/2704
f 2751/2822/2687 2617/2839/2704 2618/2840/2705
f 2750/2823/2688 2618/2840/2705 2619/2841/2706
f 2750/2823/2688 2620/2842/2707 2749/2821/2686
f 2749/2821/2686 2621/2843/2708 2748/2820/2685
f 2748/2820/2685 2571/2844/2709 2601/2845/2710
f 2741/2813/2678 2601/2845/2710 2602/2846/2711
f 2734/2806/2671 2602/2846/2711 2603/2847/2712
f 2604/2848/2713 2734/2806/2671 2603/2847/2712
f 2605/2849/2714 2727/2800/2665 2604/2848/2713
f 2606/2850/2715 2720/2793/2658 2605/2849/2714
f 2607/2827/2692 2713/2781/2646 2606/2850/2715
f 2755/2851/2716 2763/2852/2717 2762/2853/2718
f 2756/2854/2719 2764/2855/2720 2763/2852/2717
f 2757/2856/2721 2765/2857/2722 2764/2855/2720
f 2758/2858/2723 2766/2859/2724 2765/2857/2722
f 2759/2860/2725 2767/2861/2726 2766/2859/2724
f 2760/2862/2727 2768/2863/2728 2767/2861/2726
f 2762/2853/2718 2770/2864/2729 2769/2865/2730
f 2763/2852/2717 2771/2866/2731 2770/2864/2729
f 2764/2855/2720 2772/2867/2732 2771/2866/2731
f 2765/2857/2722 2773/2868/2733 2772/2867/2732
f 2766/2859/2724 2774/2869/2734 2773/2868/2733
f 2767/2861/2726 2775/2870/2735 2774/2869/2734
f 2769/2865/2730 2777/2871/2736 2776/2872/2737
f 2770/2864/2729 2778/2873/2738 2777/2871/2736
f 2771/2866/2731 2779/2874/2739 2778/2873/2738
f 2772/2867/2732 2780/2875/2740 2779/2874/2739
f 2773/2868/2733 2781/2876/2741 2780/2875/2740
f 2774/2869/2734 2782/2877/2742 2781/2876/2741
f 2776/2872/2737 2784/2878/2743 2783/2879/2744
f 2777/2871/2736 2785/2880/2745 2784/2878/2743
f 2778/2873/2738 2786/2881/2746 2785/2880/2745
f 2779/2874/2739 2787/2882/2747 2786/2881/2746
f 2780/2875/2740 2788/2883/2748 2787/2882/2747
f 2782/2877/2742 2788/2883/2748 2781/2876/2741
f 2783/2879/2744 2791/2884/2749 2790/2885/2750
f 2784/2878/2743 2792/2886/2751 2791/2884/2749
f 2785/2880/2745 2793/2887/2752 2792/2886/2751
f 2787/2882/2747 2793/2887/2752 2786/2881/2746
f 2788/2883/2748 2794/2888/2753 2787/2882/2747
f 2789/2889/2754 2795/2890/2755 2788/2883/2748
f 2790/2885/2750 2798/2891/2756 2797/2892/2757
f 2791/2884/2749 2799/2893/2758 2798/2891/2756
f 2793/2887/2752 2799/2893/2758 2792/2886/2751
f 2794/2888/2753 2800/2894/2759 2793/2887/2752
f 2795/2890/2755 2801/2895/2760 2794/2888/2753
f 2796/2896/2761 2802/2897/2762 2795/2890/2755
f 2571/2844/2709 2755/2851/2716 2628/2898/2763
f 2620/2842/2707 2755/2851/2716 2621/2843/2708
f 2620/2842/2707 2757/2856/2721 2756/2854/2719
f 2619/2841/2706 2758/2858/2723 2757/2856/2721
f 2618/2840/2705 2759/2860/2725 2758/2858/2723
f 2617/2839/2704 2760/2862/2727 2759/2860/2725
f 2616/2838/2703 2761/2899/2764 2760/2862/2727
f 2615/2837/2702 2629/2900/2765 2761/2899/2764
f 2761/2899/2764 2630/2901/2766 2768/2863/2728
f 2768/2863/2728 2631/2902/2767 2775/2870/2735
f 2775/2870/2735 2632/2903/2768 2782/2877/2742
f 2632/2903/2768 2789/2889/2754 2782/2877/2742
f 2633/2904/2769 2796/2896/2761 2789/2889/2754
f 2634/2905/2770 2803/2906/2771 2796/2896/2761
f 2635/2907/2772 2636/2908/2773 2803/2906/2771
f 2803/2906/2771 2637/2909/2774 2802/2897/2762
f 2802/2897/2762 2638/2910/2775 2801/2895/2760
f 2801/2895/2760 2639/2911/2776 2800/2894/2759
f 2799/2893/2758 2639/2911/2776 2640/2912/2777
f 2798/2891/2756 2640/2912/2777 2641/2913/2778
f 2797/2892/2757 2641/2913/2778 2642/2914/2779
f 2622/2915/2780 2642/2914/2779 2569/2916/2781
f 2623/2917/2782 2797/2892/2757 2622/2915/2780
f 2624/2918/2783 2790/2885/2750 2623/2917/2782
f 2625/2919/2784 2783/2879/2744 2624/2918/2783
f 2626/2920/2785 2776/2872/2737 2625/2919/2784
f 2762/2853/2718 2626/2920/2785 2627/2921/2786
f 2755/2851/2716 2627/2921/2786 2628/2898/2763
f 2804/2922/2787 2812/2923/2788 2811/2924/2789
f 2805/2925/2790 2813/2926/2791 2812/2923/2788
f 2806/2927/2792 2814/2928/2793 2813/2926/2791
f 2808/2929/2794 2814/2928/2793 2807/2930/2795
f 2809/2931/2796 2815/2932/2797 2808/2929/2794
f 2810/2933/2798 2816/2934/2799 2809/2931/2796
f 2811/2924/2789 2819/2935/2800 2818/2936/2801
f 2812/2923/2788 2820/2937/2802 2819/2935/2800
f 2813/2926/2791 2821/2938/2803 2820/2937/2802
f 2815/2932/2797 2821/2938/2803 2814/2928/2793
f 2816/2934/2799 2822/2939/2804 2815/2932/2797
f 2817/2940/2805 2823/2941/2806 2816/2934/2799
f 2818/2936/2801 2826/2942/2807 2825/2943/2808
f 2819/2935/2800 2827/2944/2809 2826/2942/2807
f 2820/2937/2802 2828/2945/2810 2827/2944/2809
f 2822/2939/2804 2828/2945/2810 2821/2938/2803
f 2823/2941/2806 2829/2946/2811 2822/2939/2804
f 2824/2947/2812 2830/2948/2813 2823/2941/2806
f 2826/2942/2807 2832/2949/2814 2825/2943/2808
f 2827/2944/2809 2833/2950/2815 2826/2942/2807
f 2828/2945/2810 2834/2951/2816 2827/2944/2809
f 2828/2945/2810 2836/2952/2817 2835/2953/2818
f 2829/2946/2811 2837/2954/2819 2836/2952/2817
f 2830/2948/2813 2838/2955/2820 2837/2954/2819
f 2833/2950/2815 2839/2956/2821 2832/2949/2814
f 2834/2951/2816 2840/2957/2822 2833/2950/2815
f 2835/2953/2818 2841/2958/2823 2834/2951/2816
f 2835/2953/2818 2843/2959/2824 2842/2960/2825
f 2836/2952/2817 2844/2961/2826 2843/2959/2824
f 2837/2954/2819 2845/2962/2827 2844/2961/2826
f 2840/2957/2822 2846/2963/2828 2839/2956/2821
f 2841/2958/2823 2847/2964/2829 2840/2957/2822
f 2842/2960/2825 2848/2965/2830 2841/2958/2823
f 2842/2960/2825 2850/2966/2831 2849/2967/2832
f 2843/2959/2824 2851/2968/2833 2850/2966/2831
f 2844/2961/2826 2852/2969/2834 2851/2968/2833
f 2569/2916/2781 2804/2922/2787 2649/2970/2835
f 2642/2914/2779 2805/2925/2790 2804/2922/2787
f 2641/2913/2778 2806/2927/2792 2805/2925/2790
f 2640/2912/2777 2807/2930/2795 2806/2927/2792
f 2638/2910/2775 2807/2930/2795 2639/2911/2776
f 2637/2909/2774 2808/2929/2794 2638/2910/2775
f 2636/2908/2773 2809/2931/2796 2637/2909/2774
f 2570/2971/2836 2810/2933/2798 2636/2908/2773
f 2650/2972/2837 2817/2940/2805 2810/2933/2798
f 2651/2973/2838 2824/2947/2812 2817/2940/2805
f 2652/2974/2839 2831/2975/2840 2824/2947/2812
f 2831/2975/2840 2654/2976/2841 2838/2955/2820
f 2838/2955/2820 2655/2977/2842 2845/2962/2827
f 2845/2962/2827 2656/2978/2843 2852/2969/2834
f 2852/2969/2834 2566/2979/2844 2586/2980/2621
f 2851/2968/2833 2586/2980/2621 2585/2981/2619
f 2850/2966/2831 2585/2981/2619 2584/2982/2618
f 2849/2967/2832 2584/2982/2618 2583/2983/2617
f 2849/2967/2832 2582/2984/2616 2848/2965/2830
f 2848/2965/2830 2581/2985/2615 2847/2964/2829
f 2847/2964/2829 2580/2986/2612 2846/2963/2828
f 2846/2963/2828 2565/2987/2614 2643/2988/2845
f 2839/2956/2821 2643/2988/2845 2644/2989/2846
f 2832/2949/2814 2644/2989/2846 2645/2990/2847
f 2825/2943/2808 2645/2990/2847 2646/2991/2848
f 2647/2992/2849 2825/2943/2808 2646/2991/2848
f 2648/2993/2850 2818/2936/2801 2647/2992/2849
f 2649/2970/2835 2811/2924/2789 2648/2993/2850
f 2853/2994/2851 2861/2995/2852 2860/2996/2853
f 2854/2997/2854 2862/2998/2855 2861/2995/2852
f 2855/2999/2856 2863/3000/2857 2862/2998/2855
f 2857/3001/2858 2863/3000/2857 2856/3002/2859
f 2858/3003/2860 2864/3004/2861 2857/3001/2858
f 2859/3005/2862 2865/3006/2863 2858/3003/2860
f 2860/2996/2853 2868/3007/2864 2867/3008/2865
f 2861/2995/2852 2869/3009/2866 2868/3007/2864
f 2862/2998/2855 2870/3010/2867 2869/3009/2866
f 2864/3004/2861 2870/3010/2867 2863/3000/2857
f 2865/3006/2863 2871/3011/2868 2864/3004/2861
f 2866/3012/2869 2872/3013/2870 2865/3006/2863
f 2867/3008/2865 2875/3014/2871 2874/3015/2872
f 2868/3007/2864 2876/3016/2873 2875/3014/2871
f 2869/3009/2866 2877/3017/2874 2876/3016/2873
f 2871/3011/2868 2877/3017/2874 2870/3010/2867
f 2872/3013/2870 2878/3018/2875 2871/3011/2868
f 2873/3019/2876 2879/3020/2877 2872/3013/2870
f 2875/3014/2871 2881/3021/2878 2874/3015/2872
f 2876/3016/2873 2882/3022/2879 2875/3014/2871
f 2877/3017/2874 2883/3023/2880 2876/3016/2873
f 2877/3017/2874 2885/3024/2881 2884/3025/2882
f 2878/3018/2875 2886/3026/2883 2885/3024/2881
f 2879/3020/2877 2887/3027/2884 2886/3026/2883
f 2882/3022/2879 2888/3028/2885 2881/3021/2878
f 2883/3023/2880 2889/3029/2886 2882/3022/2879
f 2884/3025/2882 2890/3030/2887 2883/3023/2880
f 2884/3025/2882 2892/3031/2888 2891/3032/2889
f 2885/3024/2881 2893/3033/2890 2892/3031/2888
f 2886/3026/2883 2894/3034/2891 2893/3033/2890
f 2889/3029/2886 2895/3035/2892 2888/3028/2885
f 2890/3030/2887 2896/3036/2893 2889/3029/2886
f 2891/3032/2889 2897/3037/2894 2890/3030/2887
f 2891/3032/2889 2899/3038/2895 2898/3039/2896
f 2892/3031/2888 2900/3040/2897 2899/3038/2895
f 2893/3033/2890 2901/3041/2898 2900/3040/2897
f 2567/3042/2637 2853/2994/2851 2573/3043/2638
f 2607/3044/2692 2854/2997/2854 2853/2994/2851
f 2606/3045/2715 2855/2999/2856 2854/2997/2854
f 2605/3046/2714 2856/3002/2859 2855/2999/2856
f 2603/3047/2712 2856/3002/2859 2604/3048/2713
f 2602/3049/2711 2857/3001/2858 2603/3047/2712
f 2601/3050/2710 2858/3003/2860 2602/3049/2711
f 2571/2844/2709 2859/3005/2862 2601/3050/2710
f 2628/2898/2763 2866/3012/2869 2859/3005/2862
f 2627/2921/2786 2873/3019/2876 2866/3012/2869
f 2873/3019/2876 2625/2919/2784 2880/3051/2899
f 2880/3051/2899 2624/2918/2783 2887/3027/2884
f 2887/3027/2884 2623/2917/2782 2894/3034/2891
f 2894/3034/2891 2622/2915/2780 2901/3041/2898
f 2901/3041/2898 2569/2916/2781 2649/3052/2835
f 2900/3040/2897 2649/3052/2835 2648/3053/2850
f 2899/3038/2895 2648/3053/2850 2647/3054/2849
f 2898/3039/2896 2647/3054/2849 2646/3055/2848
f 2898/3039/2896 2645/3056/2847 2897/3037/2894
f 2897/3037/2894 2644/3057/2846 2896/3036/2893
f 2896/3036/2893 2643/3058/2845 2895/3035/2892
f 2895/3035/2892 2565/3059/2614 2579/3060/2613
f 2888/3028/2885 2579/3060/2613 2578/3061/2643
f 2881/3021/2878 2578/3061/2643 2577/3062/2642
f 2874/3015/2872 2577/3062/2642 2576/3063/2641
f 2867/3008/2865 2576/3063/2641 2575/3064/2640
f 2574/3065/2639 2867/3008/2865 2575/3064/2640
f 2573/3043/2638 2860/2996/2853 2574/3065/2639
f 2902/3066/2900 2910/3067/2901 2909/3068/2902
f 2903/3069/2903 2911/3070/2904 2910/3067/2901
f 2904/3071/2905 2912/3072/2906 2911/3070/2904
f 2906/3073/2907 2912/3072/2906 2905/3074/2908
f 2907/3075/2909 2913/3076/2910 2906/3073/2907
f 2908/3077/2911 2914/3078/2912 2907/3075/2909
f 2909/3068/2902 2917/3079/2913 2916/3080/2914
f 2910/3067/2901 2918/3081/2915 2917/3079/2913
f 2911/3070/2904 2919/3082/2916 2918/3081/2915
f 2913/3076/2910 2919/3082/2916 2912/3072/2906
f 2914/3078/2912 2920/3083/2917 2913/3076/2910
f 2915/3084/2918 2921/3085/2919 2914/3078/2912
f 2916/3080/2914 2924/3086/2920 2923/3087/2921
f 2917/3079/2913 2925/3088/2922 2924/3086/2920
f 2918/3081/2915 2926/3089/2923 2925/3088/2922
f 2920/3083/2917 2926/3089/2923 2919/3082/2916
f 2921/3085/2919 2927/3090/2924 2920/3083/2917
f 2922/3091/2925 2928/3092/2926 2921/3085/2919
f 2924/3086/2920 2930/3093/2927 2923/3087/2921
f 2925/3088/2922 2931/3094/2928 2924/3086/2920
f 2926/3089/2923 2932/3095/2929 2925/3088/2922
f 2926/3089/2923 2934/3096/2930 2933/3097/2931
f 2927/3090/2924 2935/3098/2932 2934/3096/2930
f 2928/3092/2926 2936/3099/2933 2935/3098/2932
f 2931/3094/2928 2937/3100/2934 2930/3093/2927
f 2932/3095/2929 2938/3101/2935 2931/3094/2928
f 2933/3097/2931 2939/3102/2936 2932/3095/2929
f 2933/3097/2931 2941/3103/2937 2940/3104/2938
f 2934/3096/2930 2942/3105/2939 2941/3103/2937
f 2935/3098/2932 2943/3106/2940 2942/3105/2939
f 2938/3101/2935 2944/3107/2941 2937/3100/2934
f 2939/3102/2936 2945/3108/2942 2938/3101/2935
f 2940/3104/2938 2946/3109/2943 2939/3102/2936
f 2940/3104/2938 2948/3110/2944 2947/3111/2945
f 2941/3103/2937 2949/3112/2946 2948/3110/2944
f 2942/3105/2939 2950/3113/2947 2949/3112/2946
f 2572/2836/2701 2902/3066/2900 2629/2900/2765
f 2614/3114/2700 2903/3069/2903 2902/3066/2900
f 2613/3115/2699 2904/3071/2905 2903/3069/2903
f 2612/3116/2698 2905/3074/2908 2904/3071/2905
f 2610/3117/2696 2905/3074/2908 2611/3118/2948
f 2609/3119/2695 2906/3073/2907 2610/3117/2696
f 2608/3120/2694 2907/3075/2909 2609/3119/2695
f 2568/3121/2693 2908/3077/2911 2608/3120/2694
f 2593/3122/2629 2915/3084/2918 2908/3077/2911
f 2592/3123/2627 2922/3091/2925 2915/3084/2918
f 2591/3124/2626 2929/3125/2949 2922/3091/2925
f 2929/3125/2949 2589/3126/2624 2936/3099/2933
f 2936/3099/2933 2588/3127/2623 2943/3106/2940
f 2943/3106/2940 2587/3128/2622 2950/3113/2947
f 2950/3113/2947 2566/3129/2844 2656/3130/2843
f 2949/3112/2946 2656/3130/2843 2655/3131/2842
f 2948/3110/2944 2655/3131/2842 2654/3132/2841
f 2947/3111/2945 2654/3132/2841 2653/3133/2950
f 2947/3111/2945 2652/3134/2839 2946/3109/2943
f 2946/3109/2943 2651/3135/2838 2945/3108/2942
f 2945/3108/2942 2650/3136/2837 2944/3107/2941
f 2944/3107/2941 2570/2971/2836 2635/2907/2772
f 2937/3100/2934 2635/2907/2772 2634/2905/2770
f 2930/3093/2927 2634/2905/2770 2633/2904/2769
f 2923/3087/2921 2633/2904/2769 2632/2903/2768
f 2631/2902/2767 2923/3087/2921 2632/2903/2768
f 2630/2901/2766 2916/3080/2914 2631/2902/2767
f 2629/2900/2765 2909/3068/2902 2630/2901/2766
f 2658/2700/2565 2665/2704/2569 2664/2701/2566
f 2659/2703/2568 2666/2706/2571 2665/2704/2569
f 2660/2705/2570 2667/2708/2573 2666/2706/2571
f 2660/2705/2570 2661/2709/2574 2668/2707/2572
f 2661/2709/2574 2662/2711/2576 2669/2710/2575
f 2662/2711/2576 2663/2755/2620 2670/2712/2577
f 2665/2704/2569 2672/2714/2579 2671/2713/2578
f 2666/2706/2571 2673/2715/2580 2672/2714/2579
f 2667/2708/2573 2674/2717/2582 2673/2715/2580
f 2667/2708/2573 2668/2707/2572 2675/2716/2581
f 2668/2707/2572 2669/2710/2575 2676/2718/2583
f 2669/2710/2575 2670/2712/2577 2677/2719/2584
f 2672/2714/2579 2679/2721/2586 2678/2720/2585
f 2673/2715/2580 2680/2722/2587 2679/2721/2586
f 2674/2717/2582 2681/2723/2588 2680/2722/2587
f 2675/2716/2581 2682/2724/2589 2681/2723/2588
f 2676/2718/2583 2683/2726/2591 2682/2724/2589
f 2676/2718/2583 2677/2719/2584 2684/2725/2590
f 2679/2721/2586 2686/2728/2593 2685/2727/2592
f 2680/2722/2587 2687/2729/2594 2686/2728/2593
f 2681/2723/2588 2688/2730/2595 2687/2729/2594
f 2682/2724/2589 2689/2731/2596 2688/2730/2595
f 2683/2726/2591 2690/2732/2597 2689/2731/2596
f 2684/2725/2590 2691/2738/2603 2690/2732/2597
f 2686/2728/2593 2693/2734/2599 2692/2733/2598
f 2687/2729/2594 2694/2735/2600 2693/2734/2599
f 2688/2730/2595 2695/2736/2601 2694/2735/2600
f 2689/2731/2596 2696/2737/2602 2695/2736/2601
f 2690/2732/2597 2697/2739/2604 2696/2737/2602
f 2691/2738/2603 2698/2745/2610 2697/2739/2604
f 2693/2734/2599 2700/2741/2606 2699/2740/2605
f 2694/2735/2600 2701/2742/2607 2700/2741/2606
f 2695/2736/2601 2702/2743/2608 2701/2742/2607
f 2696/2737/2602 2703/2744/2609 2702/2743/2608
f 2697/2739/2604 2704/2746/2611 2703/2744/2609
f 2698/2745/2610 2705/2763/2628 2704/2746/2611
f 2580/2747/2612 2657/2702/2567 2579/2748/2613
f 2581/2750/2615 2658/2700/2565 2657/2702/2567
f 2582/2751/2616 2659/2703/2568 2658/2700/2565
f 2583/2752/2617 2660/2705/2570 2659/2703/2568
f 2583/2752/2617 2584/2753/2618 2661/2709/2574
f 2584/2753/2618 2585/2754/2619 2662/2711/2576
f 2585/2754/2619 2586/2756/2621 2663/2755/2620
f 2586/2756/2621 2566/3137/2844 2587/2757/2622
f 2663/2755/2620 2587/2757/2622 2588/2758/2623
f 2670/2712/2577 2588/2758/2623 2589/2759/2624
f 2677/2719/2584 2589/2759/2624 2590/2760/2625
f 2590/2760/2625 2591/2761/2626 2691/2738/2603
f 2591/2761/2626 2592/2762/2627 2698/2745/2610
f 2592/2762/2627 2593/2764/2629 2705/2763/2628
f 2593/2764/2629 2568/2828/2693 2594/2765/2630
f 2705/2763/2628 2594/2765/2630 2595/2766/2631
f 2704/2746/2611 2595/2766/2631 2596/2767/2632
f 2703/2744/2609 2596/2767/2632 2597/2768/2633
f 2702/2743/2608 2597/2768/2633 2598/2769/2634
f 2701/2742/2607 2598/2769/2634 2599/2770/2635
f 2699/2740/2605 2700/2741/2606 2599/2770/2635
f 2699/2740/2605 2600/2771/2636 2567/2772/2637
f 2574/2774/2639 2692/2733/2598 2699/2740/2605
f 2575/2775/2640 2685/2727/2592 2692/2733/2598
f 2678/2720/2585 2685/2727/2592 2575/2775/2640
f 2671/2713/2578 2678/2720/2585 2576/2776/2641
f 2664/2701/2566 2671/2713/2578 2577/2777/2642
f 2657/2702/2567 2664/2701/2566 2578/2778/2643
f 2706/2779/2644 2707/2782/2647 2714/2780/2645
f 2707/2782/2647 2708/2785/2650 2715/2783/2648
f 2709/2784/2649 2716/2787/2652 2715/2783/2648
f 2710/2786/2651 2717/2789/2654 2716/2787/2652
f 2711/2788/2653 2718/2791/2656 2717/2789/2654
f 2712/2790/2655 2719/2797/2662 2718/2791/2656
f 2713/2781/2646 2714/2780/2645 2721/2792/2657
f 2714/2780/2645 2715/2783/2648 2722/2794/2659
f 2716/2787/2652 2723/2795/2660 2722/2794/2659
f 2717/2789/2654 2724/2796/2661 2723/2795/2660
f 2718/2791/2656 2725/2798/2663 2724/2796/2661
f 2719/2797/2662 2726/2804/2669 2725/2798/2663
f 2720/2793/2658 2721/2792/2657 2728/2799/2664
f 2721/2792/2657 2722/2794/2659 2729/2801/2666
f 2723/2795/2660 2730/2802/2667 2729/2801/2666
f 2724/2796/2661 2731/2803/2668 2730/2802/2667
f 2725/2798/2663 2732/2805/2670 2731/2803/2668
f 2726/2804/2669 2733/2832/2697 2732/2805/2670
f 2728/2799/2664 2735/2807/2672 2734/2806/2671
f 2729/2801/2666 2736/2809/2674 2735/2807/2672
f 2729/2801/2666 2730/2802/2667 2737/2808/2673
f 2730/2802/2667 2731/2803/2668 2738/2810/2675
f 2731/2803/2668 2732/2805/2670 2739/2811/2676
f 2732/2805/2670 2733/2832/2697 2740/2812/2677
f 2735/2807/2672 2742/2814/2679 2741/2813/2678
f 2736/2809/2674 2743/2816/2681 2742/2814/2679
f 2736/2809/2674 2737/2808/2673 2744/2815/2680
f 2737/2808/2673 2738/2810/2675 2745/2817/2682
f 2738/2810/2675 2739/2811/2676 2746/2818/2683
f 2739/2811/2676 2740/2812/2677 2747/2819/2684
f 2742/2814/2679 2749/2821/2686 2748/2820/2685
f 2743/2816/2681 2750/2823/2688 2749/2821/2686
f 2743/2816/2681 2744/2815/2680 2751/2822/2687
f 2744/2815/2680 2745/2817/2682 2752/2824/2689
f 2745/2817/2682 2746/2818/2683 2753/2825/2690
f 2746/2818/2683 2747/2819/2684 2754/2826/2691
f 2567/2772/2637 2600/2771/2636 2706/2779/2644
f 2600/2771/2636 2599/2770/2635 2707/2782/2647
f 2599/2770/2635 2598/2769/2634 2708/2785/2650
f 2597/2768/2633 2709/2784/2649 2708/2785/2650
f 2596/2767/2632 2710/2786/2651 2709/2784/2649
f 2595/2766/2631 2711/2788/2653 2710/2786/2651
f 2594/2765/2630 2712/2790/2655 2711/2788/2653
f 2568/2828/2693 2608/2829/2694 2712/2790/2655
f 2608/2829/2694 2609/2830/2695 2719/2797/2662
f 2609/2830/2695 2610/2831/2696 2726/2804/2669
f 2610/2831/2696 2611/3138/2948 2733/2832/2697
f 2733/2832/2697 2611/3138/2948 2612/2833/2698
f 2740/2812/2677 2612/2833/2698 2613/2834/2699
f 2747/2819/2684 2613/2834/2699 2614/2835/2700
f 2754/2826/2691 2614/2835/2700 2572/2836/2701
f 2753/2825/2690 2754/2826/2691 2615/2837/2702
f 2752/2824/2689 2753/2825/2690 2616/2838/2703
f 2751/2822/2687 2752/2824/2689 2617/2839/2704
f 2750/2823/2688 2751/2822/2687 2618/2840/2705
f 2750/2823/2688 2619/2841/2706 2620/2842/2707
f 2749/2821/2686 2620/2842/2707 2621/2843/2708
f 2748/2820/2685 2621/2843/2708 2571/2844/2709
f 2741/2813/2678 2748/2820/2685 2601/2845/2710
f 2734/2806/2671 2741/2813/2678 2602/2846/2711
f 2604/2848/2713 2727/2800/2665 2734/2806/2671
f 2605/2849/2714 2720/2793/2658 2727/2800/2665
f 2606/2850/2715 2713/2781/2646 2720/2793/2658
f 2607/2827/2692 2706/2779/2644 2713/2781/2646
f 2755/2851/2716 2756/2854/2719 2763/2852/2717
f 2756/2854/2719 2757/2856/2721 2764/2855/2720
f 2757/2856/2721 2758/2858/2723 2765/2857/2722
f 2758/2858/2723 2759/2860/2725 2766/2859/2724
f 2759/2860/2725 2760/2862/2727 2767/2861/2726
f 2760/2862/2727 2761/2899/2764 2768/2863/2728
f 2762/2853/2718 2763/2852/2717 2770/2864/2729
f 2763/2852/2717 2764/2855/2720 2771/2866/2731
f 2764/2855/2720 2765/2857/2722 2772/2867/2732
f 2765/2857/2722 2766/2859/2724 2773/2868/2733
f 2766/2859/2724 2767/2861/2726 2774/2869/2734
f 2767/2861/2726 2768/2863/2728 2775/2870/2735
f 2769/2865/2730 2770/2864/2729 2777/2871/2736
f 2770/2864/2729 2771/2866/2731 2778/2873/2738
f 2771/2866/2731 2772/2867/2732 2779/2874/2739
f 2772/2867/2732 2773/2868/2733 2780/2875/2740
f 2773/2868/2733 2774/2869/2734 2781/2876/2741
f 2774/2869/2734 2775/2870/2735 2782/2877/2742
f 2776/2872/2737 2777/2871/2736 2784/2878/2743
f 2777/2871/2736 2778/2873/2738 2785/2880/2745
f 2778/2873/2738 2779/2874/2739 2786/2881/2746
f 2779/2874/2739 2780/2875/2740 2787/2882/2747
f 2780/2875/2740 2781/2876/2741 2788/2883/2748
f 2782/2877/2742 2789/2889/2754 2788/2883/2748
f 2783/2879/2744 2784/2878/2743 2791/2884/2749
f 2784/2878/2743 2785/2880/2745 2792/2886/2751
f 2785/2880/2745 2786/2881/2746 2793/2887/2752
f 2787/2882/2747 2794/2888/2753 2793/2887/2752
f 2788/2883/2748 2795/2890/2755 2794/2888/2753
f 2789/2889/2754 2796/2896/2761 2795/2890/2755
f 2790/2885/2750 2791/2884/2749 2798/2891/2756
f 2791/2884/2749 2792/2886/2751 2799/2893/2758
f 2793/2887/2752 2800/2894/2759 2799/2893/2758
f 2794/2888/2753 2801/2895/2760 2800/2894/2759
f 2795/2890/2755 2802/2897/2762 2801/2895/2760
f 2796/2896/2761 2803/2906/2771 2802/2897/2762
f 2571/2844/2709 2621/2843/2708 2755/2851/2716
f 2620/2842/2707 2756/2854/2719 2755/2851/2716
f 2620/2842/2707 2619/2841/2706 2757/2856/2721
f 2619/2841/2706 2618/2840/2705 2758/2858/2723
f 2618/2840/2705 2617/2839/2704 2759/2860/2725
f 2617/2839/2704 2616/2838/2703 2760/2862/2727
f 2616/2838/2703 2615/2837/2702 2761/2899/2764
f 2615/2837/2702 2572/2836/2701 2629/2900/2765
f 2761/2899/2764 2629/2900/2765 2630/2901/2766
f 2768/2863/2728 2630/2901/2766 2631/2902/2767
f 2775/2870/2735 2631/2902/2767 2632/2903/2768
f 2632/2903/2768 2633/2904/2769 2789/2889/2754
f 2633/2904/2769 2634/2905/2770 2796/2896/2761
f 2634/2905/2770 2635/2907/2772 2803/2906/2771
f 2635/2907/2772 2570/2971/2836 2636/2908/2773
f 2803/2906/2771 2636/2908/2773 2637/2909/2774
f 2802/2897/2762 2637/2909/2774 2638/2910/2775
f 2801/2895/2760 2638/2910/2775 2639/2911/2776
f 2799/2893/2758 2800/2894/2759 2639/2911/2776
f 2798/2891/2756 2799/2893/2758 2640/2912/2777
f 2797/2892/2757 2798/2891/2756 2641/2913/2778
f 2622/2915/2780 2797/2892/2757 2642/2914/2779
f 2623/2917/2782 2790/2885/2750 2797/2892/2757
f 2624/2918/2783 2783/2879/2744 2790/2885/2750
f 2625/2919/2784 2776/2872/2737 2783/2879/2744
f 2626/2920/2785 2769/2865/2730 2776/2872/2737
f 2762/2853/2718 2769/2865/2730 2626/2920/2785
f 2755/2851/2716 2762/2853/2718 2627/2921/2786
f 2804/2922/2787 2805/2925/2790 2812/2923/2788
f 2805/2925/2790 2806/2927/2792 2813/2926/2791
f 2806/2927/2792 2807/2930/2795 2814/2928/2793
f 2808/2929/2794 2815/2932/2797 2814/2928/2793
f 2809/2931/2796 2816/2934/2799 2815/2932/2797
f 2810/2933/2798 2817/2940/2805 2816/2934/2799
f 2811/2924/2789 2812/2923/2788 2819/2935/2800
f 2812/2923/2788 2813/2926/2791 2820/2937/2802
f 2813/2926/2791 2814/2928/2793 2821/2938/2803
f 2815/2932/2797 2822/2939/2804 2821/2938/2803
f 2816/2934/2799 2823/2941/2806 2822/2939/2804
f 2817/2940/2805 2824/2947/2812 2823/2941/2806
f 2818/2936/2801 2819/2935/2800 2826/2942/2807
f 2819/2935/2800 2820/2937/2802 2827/2944/2809
f 2820/2937/2802 2821/2938/2803 2828/2945/2810
f 2822/2939/2804 2829/2946/2811 2828/2945/2810
f 2823/2941/2806 2830/2948/2813 2829/2946/2811
f 2824/2947/2812 2831/2975/2840 2830/2948/2813
f 2826/2942/2807 2833/2950/2815 2832/2949/2814
f 2827/2944/2809 2834/2951/2816 2833/2950/2815
f 2828/2945/2810 2835/2953/2818 2834/2951/2816
f 2828/2945/2810 2829/2946/2811 2836/2952/2817
f 2829/2946/2811 2830/2948/2813 2837/2954/2819
f 2830/2948/2813 2831/2975/2840 2838/2955/2820
f 2833/2950/2815 2840/2957/2822 2839/2956/2821
f 2834/2951/2816 2841/2958/2823 2840/2957/2822
f 2835/2953/2818 2842/2960/2825 2841/2958/2823
f 2835/2953/2818 2836/2952/2817 2843/2959/2824
f 2836/2952/2817 2837/2954/2819 2844/2961/2826
f 2837/2954/2819 2838/2955/2820 2845/2962/2827
f 2840/2957/2822 2847/2964/2829 2846/2963/2828
f 2841/2958/2823 2848/2965/2830 2847/2964/2829
f 2842/2960/2825 2849/2967/2832 2848/2965/2830
f 2842/2960/2825 2843/2959/2824 2850/2966/2831
f 2843/2959/2824 2844/2961/2826 2851/2968/2833
f 2844/2961/2826 2845/2962/2827 2852/2969/2834
f 2569/2916/2781 2642/2914/2779 2804/2922/2787
f 2642/2914/2779 2641/2913/2778 2805/2925/2790
f 2641/2913/2778 2640/2912/2777 2806/2927/2792
f 2640/2912/2777 2639/2911/2776 2807/2930/2795
f 2638/2910/2775 2808/2929/2794 2807/2930/2795
f 2637/2909/2774 2809/2931/2796 2808/2929/2794
f 2636/2908/2773 2810/2933/2798 2809/2931/2796
f 2570/2971/2836 2650/2972/2837 2810/2933/2798
f 2650/2972/2837 2651/2973/2838 2817/2940/2805
f 2651/2973/2838 2652/2974/2839 2824/2947/2812
f 2652/2974/2839 2653/3139/2950 2831/2975/2840
f 2831/2975/2840 2653/3139/2950 2654/2976/2841
f 2838/2955/2820 2654/2976/2841 2655/2977/2842
f 2845/2962/2827 2655/2977/2842 2656/2978/2843
f 2852/2969/2834 2656/2978/2843 2566/2979/2844
f 2851/2968/2833 2852/2969/2834 2586/2980/2621
f 2850/2966/2831 2851/2968/2833 2585/2981/2619
f 2849/2967/2832 2850/2966/2831 2584/2982/2618
f 2849/2967/2832 2583/2983/2617 2582/2984/2616
f 2848/2965/2830 2582/2984/2616 2581/2985/2615
f 2847/2964/2829 2581/2985/2615 2580/2986/2612
f 2846/2963/2828 2580/2986/2612 2565/2987/2614
f 2839/2956/2821 2846/2963/2828 2643/2988/2845
f 2832/2949/2814 2839/2956/2821 2644/2989/2846
f 2825/2943/2808 2832/2949/2814 2645/2990/2847
f 2647/2992/2849 2818/2936/2801 2825/2943/2808
f 2648/2993/2850 2811/2924/2789 2818/2936/2801
f 2649/2970/2835 2804/2922/2787 2811/2924/2789
f 2853/2994/2851 2854/2997/2854 2861/2995/2852
f 2854/2997/2854 2855/2999/2856 2862/2998/2855
f 2855/2999/2856 2856/3002/2859 2863/3000/2857
f 2857/3001/2858 2864/3004/2861 2863/3000/2857
f 2858/3003/2860 2865/3006/2863 2864/3004/2861
f 2859/3005/2862 2866/3012/2869 2865/3006/2863
f 2860/2996/2853 2861/2995/2852 2868/3007/2864
f 2861/2995/2852 2862/2998/2855 2869/3009/2866
f 2862/2998/2855 2863/3000/2857 2870/3010/2867
f 2864/3004/2861 2871/3011/2868 2870/3010/2867
f 2865/3006/2863 2872/3013/2870 2871/3011/2868
f 2866/3012/2869 2873/3019/2876 2872/3013/2870
f 2867/3008/2865 2868/3007/2864 2875/3014/2871
f 2868/3007/2864 2869/3009/2866 2876/3016/2873
f 2869/3009/2866 2870/3010/2867 2877/3017/2874
f 2871/3011/2868 2878/3018/2875 2877/3017/2874
f 2872/3013/2870 2879/3020/2877 2878/3018/2875
f 2873/3019/2876 2880/3051/2899 2879/3020/2877
f 2875/3014/2871 2882/3022/2879 2881/3021/2878
f 2876/3016/2873 2883/3023/2880 2882/3022/2879
f 2877/3017/2874 2884/3025/2882 2883/3023/2880
f 2877/3017/2874 2878/3018/2875 2885/3024/2881
f 2878/3018/2875 2879/3020/2877 2886/3026/2883
f 2879/3020/2877 2880/3051/2899 2887/3027/2884
f 2882/3022/2879 2889/3029/2886 2888/3028/2885
f 2883/3023/2880 2890/3030/2887 2889/3029/2886
f 2884/3025/2882 2891/3032/2889 2890/3030/2887
f 2884/3025/2882 2885/3024/2881 2892/3031/2888
f 2885/3024/2881 2886/3026/2883 2893/3033/2890
f 2886/3026/2883 2887/3027/2884 2894/3034/2891
f 2889/3029/2886 2896/3036/2893 2895/3035/2892
f 2890/3030/2887 2897/3037/2894 2896/3036/2893
f 2891/3032/2889 2898/3039/2896 2897/3037/2894
f 2891/3032/2889 2892/3031/2888 2899/3038/2895
f 2892/3031/2888 2893/3033/2890 2900/3040/2897
f 2893/3033/2890 2894/3034/2891 2901/3041/2898
f 2567/3042/2637 2607/3044/2692 2853/2994/2851
f 2607/3044/2692 2606/3045/2715 2854/2997/2854
f 2606/3045/2715 2605/3046/2714 2855/2999/2856
f 2605/3046/2714 2604/3048/2713 2856/3002/2859
f 2603/3047/2712 2857/3001/2858 2856/3002/2859
f 2602/3049/2711 2858/3003/2860 2857/3001/2858
f 2601/3050/2710 2859/3005/2862 2858/3003/2860
f 2571/2844/2709 2628/2898/2763 2859/3005/2862
f 2628/2898/2763 2627/2921/2786 2866/3012/2869
f 2627/2921/2786 2626/2920/2785 2873/3019/2876
f 2873/3019/2876 2626/2920/2785 2625/2919/2784
f 2880/3051/2899 2625/2919/2784 2624/2918/2783
f 2887/3027/2884 2624/2918/2783 2623/2917/2782
f 2894/3034/2891 2623/2917/2782 2622/2915/2780
f 2901/3041/2898 2622/2915/2780 2569/2916/2781
f 2900/3040/2897 2901/3041/2898 2649/3052/2835
f 2899/3038/2895 2900/3040/2897 2648/3053/2850
f 2898/3039/2896 2899/3038/2895 2647/3054/2849
f 2898/3039/2896 2646/3055/2848 2645/3056/2847
f 2897/3037/2894 2645/3056/2847 2644/3057/2846
f 2896/3036/2893 2644/3057/2846 2643/3058/2845
f 2895/3035/2892 2643/3058/2845 2565/3059/2614
f 2888/3028/2885 2895/3035/2892 2579/3060/2613
f 2881/3021/2878 2888/3028/2885 2578/3061/2643
f 2874/3015/2872 2881/3021/2878 2577/3062/2642
f 2867/3008/2865 2874/3015/2872 2576/3063/2641
f 2574/3065/2639 2860/2996/2853 2867/3008/2865
f 2573/3043/2638 2853/2994/2851 2860/2996/2853
f 2902/3066/2900 2903/3069/2903 2910/3067/2901
f 2903/3069/2903 2904/3071/2905 2911/3070/2904
f 2904/3071/2905 2905/3074/2908 2912/3072/2906
f 2906/3073/2907 2913/3076/2910 2912/3072/2906
f 2907/3075/2909 2914/3078/2912 2913/3076/2910
f 2908/3077/2911 2915/3084/2918 2914/3078/2912
f 2909/3068/2902 2910/3067/2901 2917/3079/2913
f 2910/3067/2901 2911/3070/2904 2918/3081/2915
f 2911/3070/2904 2912/3072/2906 2919/3082/2916
f 2913/3076/2910 2920/3083/2917 2919/3082/2916
f 2914/3078/2912 2921/3085/2919 2920/3083/2917
f 2915/3084/2918 2922/3091/2925 2921/3085/2919
f 2916/3080/2914 2917/3079/2913 2924/3086/2920
f 2917/3079/2913 2918/3081/2915 2925/3088/2922
f 2918/3081/2915 2919/3082/2916 2926/3089/2923
f 2920/3083/2917 2927/3090/2924 2926/3089/2923
f 2921/3085/2919 2928/3092/2926 2927/3090/2924
f 2922/3091/2925 2929/3125/2949 2928/3092/2926
f 2924/3086/2920 2931/3094/2928 2930/3093/2927
f 2925/3088/2922 2932/3095/2929 2931/3094/2928
f 2926/3089/2923 2933/3097/2931 2932/3095/2929
f 2926/3089/2923 2927/3090/2924 2934/3096/2930
f 2927/3090/2924 2928/3092/2926 2935/3098/2932
f 2928/3092/2926 2929/3125/2949 2936/3099/2933
f 2931/3094/2928 2938/3101/2935 2937/3100/2934
f 2932/3095/2929 2939/3102/2936 2938/3101/2935
f 2933/3097/2931 2940/3104/2938 2939/3102/2936
f 2933/3097/2931 2934/3096/2930 2941/3103/2937
f 2934/3096/2930 2935/3098/2932 2942/3105/2939
f 2935/3098/2932 2936/3099/2933 2943/3106/2940
f 2938/3101/2935 2945/3108/2942 2944/3107/2941
f 2939/3102/2936 2946/3109/2943 2945/3108/2942
f 2940/3104/2938 2947/3111/2945 2946/3109/2943
f 2940/3104/2938 2941/3103/2937 2948/3110/2944
f 2941/3103/2937 2942/3105/2939 2949/3112/2946
f 2942/3105/2939 2943/3106/2940 2950/3113/2947
f 2572/2836/2701 2614/3114/2700 2902/3066/2900
f 2614/3114/2700 2613/3115/2699 2903/3069/2903
f 2613/3115/2699 2612/3116/2698 2904/3071/2905
f 2612/3116/2698 2611/3118/2948 2905/3074/2908
f 2610/3117/2696 2906/3073/2907 2905/3074/2908
f 2609/3119/2695 2907/3075/2909 2906/3073/2907
f 2608/3120/2694 2908/3077/2911 2907/3075/2909
f 2568/3121/2693 2593/3122/2629 2908/3077/2911
f 2593/3122/2629 2592/3123/2627 2915/3084/2918
f 2592/3123/2627 2591/3124/2626 2922/3091/2925
f 2591/3124/2626 2590/3140/2625 2929/3125/2949
f 2929/3125/2949 2590/3140/2625 2589/3126/2624
f 2936/3099/2933 2589/3126/2624 2588/3127/2623
f 2943/3106/2940 2588/3127/2623 2587/3128/2622
f 2950/3113/2947 2587/3128/2622 2566/3129/2844
f 2949/3112/2946 2950/3113/2947 2656/3130/2843
f 2948/3110/2944 2949/3112/2946 2655/3131/2842
f 2947/3111/2945 2948/3110/2944 2654/3132/2841
f 2947/3111/2945 2653/3133/2950 2652/3134/2839
f 2946/3109/2943 2652/3134/2839 2651/3135/2838
f 2945/3108/2942 2651/3135/2838 2650/3136/2837
f 2944/3107/2941 2650/3136/2837 2570/2971/2836
f 2937/3100/2934 2944/3107/2941 2635/2907/2772
f 2930/3093/2927 2937/3100/2934 2634/2905/2770
f 2923/3087/2921 2930/3093/2927 2633/2904/2769
f 2631/2902/2767 2916/3080/2914 2923/3087/2921
f 2630/2901/2766 2909/3068/2902 2916/3080/2914
f 2629/2900/2765 2902/3066/2900 2909/3068/2902
o eyes.002
v 2.845859 2.810637 -3.486705
v 2.836083 3.003504 -3.560177
v 2.831589 2.746506 -3.657248
v 2.821813 2.939373 -3.730721
v 2.947492 2.810324 -3.496857
v 2.939318 3.003208 -3.569587
v 2.933222 2.746193 -3.667401
v 2.925048 2.939078 -3.740131
v 1.650709 2.810637 -3.386704
v 1.648139 3.003504 -3.460780
v 1.636439 2.746506 -3.557248
v 1.633870 2.939373 -3.631323
v 1.548803 2.810323 -3.379826
v 1.544776 3.003208 -3.452903
v 1.534533 2.746193 -3.550370
v 1.530506 2.939078 -3.623447
v 2.829541 2.744949 -3.640463
v 2.827837 2.745504 -3.616448
v 2.827451 2.749549 -3.589775
v 2.828737 2.757475 -3.562778
v 2.831829 2.769225 -3.537452
v 2.836304 2.783553 -3.515265
v 2.841495 2.798671 -3.497598
v 2.841985 2.828551 -3.486327
v 2.837462 2.854556 -3.488484
v 2.833700 2.883904 -3.494197
v 2.831311 2.914130 -3.503683
v 2.830674 2.943076 -3.516751
v 2.831621 2.968983 -3.532094
v 2.833766 2.990115 -3.547889
v 2.830937 3.005083 -3.576276
v 2.824894 3.004550 -3.599551
v 2.819810 3.000521 -3.625702
v 2.816489 2.992602 -3.652504
v 2.815432 2.980846 -3.678025
v 2.816427 2.966501 -3.700735
v 2.818983 2.951361 -3.719140
v 2.818494 2.921480 -3.730411
v 2.815269 2.895499 -3.727515
v 2.813560 2.866166 -3.721280
v 2.813915 2.835947 -3.711599
v 2.816587 2.806995 -3.698725
v 2.821110 2.781071 -3.683904
v 2.826713 2.759916 -3.668849
v 2.924773 2.737193 -3.670006
v 2.912148 2.727513 -3.672452
v 2.897455 2.720695 -3.673597
v 2.881825 2.718190 -3.673001
v 2.866301 2.720791 -3.670470
v 2.851891 2.727699 -3.666410
v 2.839666 2.737456 -3.661487
v 2.829360 2.943870 -3.740048
v 2.841090 2.948703 -3.750414
v 2.855265 2.952098 -3.758265
v 2.870884 2.953332 -3.762122
v 2.886965 2.952008 -3.761139
v 2.902381 2.948528 -3.755978
v 2.915869 2.943623 -3.747917
v 2.928823 2.921162 -3.740555
v 2.933161 2.895155 -3.738483
v 2.936679 2.865804 -3.732883
v 2.938795 2.835576 -3.723524
v 2.939159 2.806627 -3.710582
v 2.937969 2.780717 -3.695352
v 2.935640 2.759583 -3.679642
v 2.950170 2.798335 -3.508508
v 2.952553 2.783192 -3.526994
v 2.953419 2.768846 -3.549763
v 2.952311 2.757089 -3.575308
v 2.949041 2.749171 -3.602087
v 2.944087 2.745143 -3.628178
v 2.938216 2.744613 -3.651372
v 2.929564 2.951046 -3.729167
v 2.934929 2.966165 -3.711421
v 2.939533 2.980495 -3.689174
v 2.942676 2.992245 -3.663824
v 2.943911 3.000170 -3.636851
v 2.943395 3.004214 -3.610237
v 2.941518 3.004767 -3.586303
v 2.944095 2.989797 -3.558033
v 2.949512 2.968640 -3.543063
v 2.953793 2.942714 -3.528355
v 2.956192 2.913759 -3.515608
v 2.956273 2.883536 -3.506054
v 2.954320 2.854202 -3.499931
v 2.950912 2.828218 -3.497120
v 2.854938 2.806090 -3.478965
v 2.868242 2.801183 -3.470990
v 2.883415 2.797701 -3.465941
v 2.899222 2.796374 -3.465085
v 2.914568 2.797604 -3.469069
v 2.928499 2.800997 -3.477032
v 2.940046 2.805828 -3.487484
v 2.931141 3.012258 -3.565395
v 2.918732 3.022012 -3.560558
v 2.904078 3.028918 -3.556611
v 2.888281 3.031515 -3.554206
v 2.872378 3.029008 -3.553736
v 2.857442 3.022187 -3.554994
v 2.844632 3.012505 -3.557526
v 1.641248 2.744949 -3.541036
v 1.646919 2.745504 -3.517638
v 1.651733 2.749549 -3.491400
v 1.654952 2.757475 -3.464565
v 1.656111 2.769225 -3.439077
v 1.655385 2.783553 -3.416455
v 1.653202 2.798671 -3.398171
v 1.654592 2.828551 -3.386976
v 1.658694 2.854556 -3.389854
v 1.661454 2.883904 -3.396113
v 1.662233 2.914130 -3.405864
v 1.660690 2.943076 -3.418856
v 1.657207 2.968983 -3.433829
v 1.652467 2.990115 -3.449048
v 1.650539 3.005083 -3.477509
v 1.652630 3.004550 -3.501465
v 1.653297 3.000521 -3.528097
v 1.652118 2.992602 -3.555079
v 1.648919 2.980846 -3.580420
v 1.644164 2.966501 -3.602649
v 1.638585 2.951360 -3.620374
v 1.637195 2.921480 -3.631570
v 1.640855 2.895499 -3.629249
v 1.643577 2.866166 -3.623385
v 1.644836 2.835947 -3.613780
v 1.644340 2.806995 -3.600641
v 1.642343 2.781071 -3.585274
v 1.639320 2.759916 -3.569498
v 1.542431 2.737193 -3.554342
v 1.554474 2.727512 -3.558853
v 1.568773 2.720695 -3.562423
v 1.584284 2.718190 -3.564433
v 1.600013 2.720791 -3.564517
v 1.614898 2.727699 -3.562908
v 1.627770 2.737456 -3.560085
v 1.624878 2.943870 -3.639266
v 1.611588 2.948703 -3.647539
v 1.596306 2.952098 -3.652925
v 1.580263 2.953332 -3.654133
v 1.564569 2.952008 -3.650491
v 1.550225 2.948528 -3.642840
v 1.538264 2.943623 -3.632650
v 1.526714 2.921162 -3.623237
v 1.522780 2.895155 -3.620474
v 1.520241 2.865804 -3.614367
v 1.519710 2.835576 -3.604786
v 1.521502 2.806627 -3.591964
v 1.525206 2.780717 -3.577143
v 1.530114 2.759583 -3.562039
v 1.544225 2.798334 -3.390870
v 1.538803 2.783192 -3.408703
v 1.534166 2.768846 -3.431012
v 1.531013 2.757089 -3.456385
v 1.529788 2.749171 -3.483335
v 1.530337 2.745143 -3.509886
v 1.532271 2.744612 -3.533734
v 1.527875 2.951046 -3.611885
v 1.525534 2.966165 -3.593494
v 1.524691 2.980495 -3.570791
v 1.525805 2.992245 -3.545271
v 1.529069 3.000170 -3.518468
v 1.534001 3.004214 -3.492310
v 1.539829 3.004767 -3.469020
v 1.541986 2.989797 -3.440715
v 1.539132 2.968640 -3.425054
v 1.537355 2.942714 -3.409839
v 1.537107 2.913759 -3.396870
v 1.538615 2.883536 -3.387435
v 1.541558 2.854201 -3.381722
v 1.545386 2.828218 -3.379517
v 1.643043 2.806090 -3.377563
v 1.631249 2.801183 -3.367488
v 1.617126 2.797701 -3.359988
v 1.601681 2.796374 -3.356517
v 1.585886 2.797604 -3.357895
v 1.570825 2.800997 -3.363433
v 1.557703 2.805828 -3.371820
v 1.553536 3.012258 -3.450128
v 1.566576 3.022012 -3.447420
v 1.581682 3.028918 -3.445963
v 1.597660 3.031515 -3.446217
v 1.613419 3.029008 -3.448397
v 1.627939 3.022187 -3.452119
v 1.640150 3.012505 -3.456744
v 2.832992 2.819456 -3.502235
v 2.826565 2.845819 -3.507159
v 2.821895 2.875384 -3.514379
v 2.819208 2.905979 -3.524459
v 2.818747 2.935593 -3.537361
v 2.820476 2.962688 -3.551758
v 2.824373 2.985998 -3.565762
v 2.825948 2.806674 -3.521914
v 2.818116 2.834375 -3.529264
v 2.812680 2.864899 -3.538205
v 2.809721 2.896455 -3.549141
v 2.809361 2.927353 -3.562069
v 2.811667 2.956325 -3.575845
v 2.816746 2.982296 -3.588957
v 2.820611 2.793581 -3.545210
v 2.812025 2.822198 -3.554291
v 2.806119 2.853527 -3.564735
v 2.802966 2.886014 -3.576521
v 2.802650 2.918167 -3.589449
v 2.805274 2.948742 -3.602656
v 2.810948 2.976569 -3.615101
v 2.817253 2.782112 -3.571149
v 2.808406 2.810841 -3.581395
v 2.802305 2.842295 -3.592987
v 2.799059 2.875108 -3.605392
v 2.798773 2.907912 -3.618080
v 2.801529 2.939340 -3.630517
v 2.807408 2.968026 -3.642170
v 2.816156 2.773561 -3.598451
v 2.807404 2.801431 -3.609519
v 2.801337 2.832032 -3.621895
v 2.798111 2.864194 -3.634545
v 2.797868 2.896672 -3.646610
v 2.800653 2.927975 -3.657883
v 2.806493 2.956549 -3.668342
v 2.817301 2.767813 -3.625257
v 2.809093 2.793825 -3.637101
v 2.803317 2.822820 -3.650105
v 2.800214 2.853726 -3.662771
v 2.799998 2.885275 -3.673969
v 2.802644 2.915774 -3.683682
v 2.808100 2.943436 -3.692301
v 2.820669 2.764079 -3.649503
v 2.813571 2.787422 -3.662457
v 2.808356 2.814538 -3.676191
v 2.805453 2.844159 -3.688859
v 2.805208 2.874746 -3.699173
v 2.807482 2.904291 -3.707056
v 2.812051 2.930621 -3.713030
v 2.836266 2.752563 -3.681801
v 2.831852 2.773964 -3.700175
v 2.828000 2.800128 -3.716550
v 2.825551 2.829470 -3.729966
v 2.824996 2.860338 -3.739465
v 2.826024 2.890836 -3.744653
v 2.827965 2.919108 -3.745181
v 2.848821 2.744539 -3.690530
v 2.845235 2.767221 -3.711663
v 2.842003 2.794443 -3.729580
v 2.839772 2.824815 -3.743681
v 2.838962 2.856901 -3.753315
v 2.839296 2.889176 -3.758009
v 2.840260 2.920169 -3.757277
v 2.863462 2.738636 -3.696394
v 2.860513 2.762346 -3.719059
v 2.857854 2.790581 -3.737986
v 2.855854 2.821993 -3.752649
v 2.854779 2.855225 -3.762518
v 2.854491 2.888898 -3.767086
v 2.854745 2.921635 -3.765847
v 2.879248 2.736360 -3.699447
v 2.876887 2.760459 -3.722586
v 2.874806 2.789130 -3.741877
v 2.873074 2.821015 -3.756776
v 2.871753 2.854752 -3.766748
v 2.870907 2.888968 -3.771293
v 2.870597 2.922287 -3.769915
v 2.895238 2.738539 -3.699542
v 2.893550 2.762246 -3.722289
v 2.892119 2.790478 -3.741295
v 2.890705 2.821890 -3.755977
v 2.889178 2.855124 -3.765765
v 2.887796 2.888801 -3.770192
v 2.886925 2.921542 -3.768807
v 2.910503 2.744351 -3.696638
v 2.909741 2.767026 -3.717970
v 2.909079 2.794242 -3.736060
v 2.908021 2.824613 -3.750198
v 2.906307 2.856703 -3.759670
v 2.904331 2.888987 -3.764071
v 2.902720 2.919988 -3.763024
v 2.924168 2.752294 -3.690502
v 2.924739 2.773683 -3.709262
v 2.924987 2.799837 -3.725924
v 2.924294 2.829177 -3.739395
v 2.922387 2.860051 -3.748651
v 2.919690 2.890563 -3.753379
v 2.916969 2.918851 -3.753372
v 2.944865 2.763698 -3.661847
v 2.948980 2.787010 -3.675750
v 2.951013 2.814109 -3.690007
v 2.950898 2.843727 -3.702748
v 2.948557 2.874325 -3.712667
v 2.944191 2.903894 -3.719746
v 2.937983 2.930259 -3.724569
v 2.952331 2.767398 -3.638726
v 2.957665 2.793372 -3.651720
v 2.960333 2.822348 -3.665329
v 2.960385 2.853251 -3.678066
v 2.957839 2.884812 -3.688811
v 2.952764 2.915339 -3.697585
v 2.945187 2.943043 -3.704816
v 2.958011 2.773124 -3.612638
v 2.963970 2.800954 -3.624951
v 2.966995 2.831534 -3.637971
v 2.967140 2.863692 -3.650686
v 2.964448 2.896184 -3.662258
v 2.958944 2.927517 -3.672516
v 2.950643 2.956137 -3.681465
v 2.961505 2.781667 -3.585590
v 2.967680 2.810355 -3.597106
v 2.970854 2.841788 -3.609349
v 2.971047 2.874597 -3.621815
v 2.968280 2.907415 -3.633998
v 2.962598 2.938874 -3.645396
v 2.954047 2.967607 -3.655505
v 2.962466 2.793144 -3.559397
v 2.968591 2.821721 -3.569723
v 2.971778 2.853028 -3.580811
v 2.971995 2.885511 -3.592661
v 2.969230 2.917678 -3.605098
v 2.963565 2.948284 -3.617289
v 2.955098 2.976157 -3.628224
v 2.960978 2.806259 -3.535383
v 2.966689 2.833923 -3.543883
v 2.969696 2.864426 -3.553429
v 2.969893 2.895979 -3.564435
v 2.967202 2.926890 -3.576910
v 2.961787 2.955889 -3.589748
v 2.953834 2.981904 -3.601473
v 2.957187 2.819075 -3.514580
v 2.961974 2.845408 -3.520452
v 2.964552 2.874956 -3.528195
v 2.964654 2.905547 -3.538347
v 2.962096 2.935172 -3.550855
v 2.957186 2.962291 -3.564448
v 2.950305 2.985636 -3.577302
v 2.941591 2.830592 -3.482281
v 2.943693 2.858865 -3.482735
v 2.944908 2.889366 -3.487836
v 2.944556 2.920235 -3.497240
v 2.942309 2.949580 -3.510563
v 2.938644 2.975745 -3.526851
v 2.934391 2.997149 -3.545151
v 2.929457 2.829533 -3.470110
v 2.930546 2.860527 -3.469321
v 2.931010 2.892803 -3.473954
v 2.930334 2.924890 -3.483526
v 2.928238 2.955264 -3.497564
v 2.925136 2.982487 -3.515421
v 2.921674 3.005171 -3.536496
v 2.915159 2.828068 -3.461454
v 2.915481 2.860807 -3.460183
v 2.915261 2.894480 -3.464720
v 2.914252 2.927713 -3.474558
v 2.912319 2.959126 -3.489190
v 2.909727 2.987361 -3.508085
v 2.906846 3.011071 -3.530719
v 2.899510 2.827418 -3.457292
v 2.899199 2.860737 -3.455914
v 2.898353 2.894953 -3.460459
v 2.897033 2.928691 -3.470431
v 2.895300 2.960575 -3.485330
v 2.893220 2.989246 -3.504621
v 2.890858 3.013346 -3.527760
v 2.883384 2.828166 -3.458306
v 2.882445 2.860907 -3.456953
v 2.880996 2.894583 -3.461411
v 2.879401 2.927816 -3.471230
v 2.877920 2.959227 -3.485943
v 2.876421 2.987458 -3.504980
v 2.874666 3.011164 -3.527759
v 2.867775 2.829721 -3.464003
v 2.866040 2.860722 -3.463013
v 2.863934 2.893004 -3.467474
v 2.862085 2.925093 -3.477009
v 2.860893 2.955462 -3.491209
v 2.860101 2.982677 -3.509359
v 2.859214 3.005351 -3.530750
v 2.853688 2.830861 -3.473580
v 2.850806 2.859147 -3.473648
v 2.847921 2.889657 -3.478462
v 2.845812 2.920529 -3.487812
v 2.844917 2.949867 -3.501377
v 2.844978 2.976018 -3.518125
v 2.845387 2.997406 -3.536960
v 2.840578 2.729557 -3.638187
v 2.853806 2.717655 -3.639589
v 2.868732 2.709847 -3.641876
v 2.884547 2.707011 -3.643905
v 2.900364 2.709748 -3.645090
v 2.915227 2.717463 -3.645817
v 2.928163 2.729285 -3.647036
v 2.840566 2.727472 -3.612034
v 2.855086 2.714074 -3.610960
v 2.870889 2.705651 -3.611700
v 2.887316 2.702693 -3.613266
v 2.903647 2.705548 -3.615059
v 2.919083 2.713873 -3.617503
v 2.932814 2.727183 -3.621418
v 2.841070 2.730361 -3.584291
v 2.856465 2.716360 -3.581634
v 2.873003 2.707764 -3.581162
v 2.890030 2.704809 -3.582302
v 2.906875 2.707657 -3.584654
v 2.922813 2.716151 -3.588452
v 2.937111 2.730060 -3.594103
v 2.842650 2.738074 -3.556714
v 2.858394 2.724163 -3.552984
v 2.875272 2.715773 -3.551515
v 2.892587 2.712933 -3.552234
v 2.909644 2.715664 -3.555065
v 2.925746 2.723951 -3.559917
v 2.940200 2.737768 -3.566696
v 2.845524 2.750381 -3.531050
v 2.861086 2.737127 -3.526407
v 2.877786 2.729258 -3.524002
v 2.894885 2.726628 -3.524278
v 2.911657 2.729151 -3.527494
v 2.927434 2.736918 -3.533224
v 2.941566 2.750080 -3.540862
v 2.849213 2.766332 -3.508691
v 2.864109 2.754624 -3.503123
v 2.880252 2.747730 -3.499799
v 2.896824 2.745421 -3.499635
v 2.913010 2.747627 -3.503158
v 2.928106 2.754423 -3.509666
v 2.941461 2.766044 -3.518074
v 2.852901 2.784935 -3.490920
v 2.866800 2.776052 -3.484291
v 2.882272 2.770694 -3.480064
v 2.898303 2.768831 -3.479505
v 2.913903 2.770595 -3.483278
v 2.928221 2.775861 -3.490519
v 2.940485 2.784662 -3.499768
v 2.918074 2.964781 -3.735885
v 2.903956 2.973661 -3.742615
v 2.888181 2.979016 -3.746983
v 2.871804 2.980875 -3.747702
v 2.855857 2.979107 -3.744090
v 2.841235 2.973838 -3.736989
v 2.828753 2.965034 -3.727841
v 2.921922 2.983385 -3.718040
v 2.906771 2.995090 -3.723726
v 2.890267 3.001980 -3.727216
v 2.873283 3.004284 -3.727571
v 2.856683 3.002074 -3.724240
v 2.841227 2.995274 -3.717899
v 2.827616 2.983650 -3.709610
v 2.925730 2.999337 -3.695625
v 2.909883 3.012588 -3.700401
v 2.892781 3.020453 -3.702991
v 2.875221 3.023078 -3.702929
v 2.857988 3.020550 -3.699927
v 2.841809 3.012778 -3.694383
v 2.827393 2.999613 -3.686876
v 2.928650 3.011645 -3.669940
v 2.912610 3.025552 -3.673807
v 2.895314 3.033938 -3.675470
v 2.877519 3.036773 -3.674973
v 2.859983 3.034036 -3.672364
v 2.843463 3.025745 -3.667706
v 2.828713 3.011925 -3.661064
v 2.930184 3.019357 -3.642384
v 2.914504 3.033355 -3.645173
v 2.897564 3.041947 -3.645831
v 2.880076 3.044897 -3.644905
v 2.862771 3.042044 -3.642766
v 2.846430 3.033545 -3.639155
v 2.831848 3.019633 -3.633636
v 2.930569 3.022245 -3.614696
v 2.915794 3.035640 -3.615888
v 2.899630 3.044059 -3.615316
v 2.882790 3.047013 -3.613941
v 2.866046 3.044153 -3.612339
v 2.850250 3.035825 -3.610062
v 2.836263 3.022511 -3.606266
v 2.930396 3.020158 -3.588617
v 2.916950 3.032058 -3.587317
v 2.901720 3.039863 -3.585171
v 2.885559 3.042695 -3.583302
v 2.869396 3.039954 -3.582278
v 2.854229 3.032235 -3.581691
v 2.841075 3.020411 -3.580573
v 1.660817 2.819456 -3.404157
v 1.664492 2.806674 -3.424732
v 1.665884 2.793581 -3.448592
v 1.664884 2.782112 -3.474728
v 1.661429 2.773561 -3.501833
v 1.655845 2.767813 -3.528076
v 1.648494 2.764079 -3.551425
v 1.666336 2.845819 -3.410080
v 1.670994 2.834375 -3.433282
v 1.672841 2.822198 -3.458973
v 1.671905 2.810841 -3.486302
v 1.668220 2.801431 -3.514200
v 1.661971 2.793825 -3.541119
v 1.653342 2.787422 -3.565378
v 1.669740 2.875384 -3.417976
v 1.674868 2.864898 -3.443002
v 1.676929 2.853527 -3.470253
v 1.675995 2.842295 -3.498746
v 1.672146 2.832032 -3.527413
v 1.665506 2.822820 -3.554903
v 1.656201 2.814538 -3.579788
v 1.670715 2.905979 -3.428362
v 1.675968 2.896455 -3.454278
v 1.678079 2.886013 -3.482400
v 1.677134 2.875108 -3.511518
v 1.673224 2.864194 -3.540424
v 1.666461 2.853726 -3.567908
v 1.656959 2.844159 -3.592762
v 1.669026 2.935593 -3.441161
v 1.674176 2.927353 -3.467085
v 1.676243 2.918167 -3.495201
v 1.675309 2.907912 -3.524077
v 1.671460 2.896672 -3.552361
v 1.664813 2.885275 -3.578986
v 1.655486 2.874746 -3.602973
v 1.664928 2.962688 -3.455070
v 1.669612 2.956325 -3.480287
v 1.671461 2.948742 -3.507787
v 1.670524 2.939340 -3.535884
v 1.666840 2.927975 -3.563015
v 1.660589 2.915774 -3.588124
v 1.651934 2.904290 -3.610368
v 1.658758 2.985998 -3.468233
v 1.662424 2.982296 -3.492373
v 1.663798 2.976569 -3.519116
v 1.662790 2.968026 -3.546397
v 1.659343 2.956549 -3.572357
v 1.653777 2.943435 -3.595716
v 1.646436 2.930621 -3.615500
v 1.627748 2.752562 -3.580682
v 1.613916 2.744539 -3.587203
v 1.598504 2.738636 -3.590553
v 1.582431 2.736360 -3.590939
v 1.566647 2.738539 -3.588376
v 1.552077 2.744351 -3.582975
v 1.539621 2.752294 -3.574654
v 1.629047 2.773964 -3.599534
v 1.613940 2.767221 -3.608638
v 1.597645 2.762346 -3.613392
v 1.580914 2.760459 -3.614150
v 1.564531 2.762246 -3.611087
v 1.549284 2.767026 -3.604138
v 1.535941 2.773683 -3.593059
v 1.630124 2.800128 -3.616321
v 1.614151 2.794443 -3.626843
v 1.597123 2.790581 -3.632498
v 1.579759 2.789130 -3.633518
v 1.562784 2.790478 -3.630067
v 1.546930 2.794242 -3.622086
v 1.532928 2.799836 -3.609447
v 1.630310 2.829470 -3.629958
v 1.614007 2.824815 -3.641119
v 1.596658 2.821993 -3.647289
v 1.578992 2.821015 -3.648498
v 1.561739 2.821889 -3.644779
v 1.545623 2.824612 -3.636203
v 1.531372 2.829177 -3.622847
v 1.629278 2.860337 -3.639416
v 1.613205 2.856901 -3.650753
v 1.596079 2.855225 -3.657200
v 1.578637 2.854752 -3.658551
v 1.561618 2.855124 -3.654685
v 1.545740 2.856703 -3.645829
v 1.531714 2.860051 -3.632291
v 1.627402 2.890836 -3.644361
v 1.612095 2.889176 -3.655326
v 1.595603 2.888897 -3.661753
v 1.578717 2.888968 -3.663172
v 1.562245 2.888800 -3.659280
v 1.546958 2.888987 -3.650496
v 1.533589 2.890563 -3.637401
v 1.625400 2.919108 -3.644559
v 1.611267 2.920168 -3.654445
v 1.595559 2.921635 -3.660488
v 1.579251 2.922287 -3.661865
v 1.563334 2.921542 -3.658059
v 1.548720 2.919988 -3.649732
v 1.536273 2.918851 -3.637846
v 1.523975 2.763698 -3.542958
v 1.520454 2.767398 -3.518918
v 1.519189 2.773124 -3.492249
v 1.520239 2.781667 -3.464996
v 1.523644 2.793144 -3.439008
v 1.529101 2.806259 -3.415575
v 1.536297 2.819075 -3.395691
v 1.517606 2.787010 -3.555984
v 1.513035 2.793372 -3.530845
v 1.511267 2.800954 -3.503400
v 1.512236 2.810355 -3.475325
v 1.515887 2.821721 -3.448173
v 1.522058 2.833923 -3.423007
v 1.530601 2.845408 -3.400687
v 1.513233 2.814109 -3.569705
v 1.508143 2.822348 -3.543822
v 1.506120 2.831534 -3.515736
v 1.507071 2.841788 -3.486871
v 1.510902 2.853028 -3.458576
v 1.517506 2.864426 -3.431921
v 1.526772 2.874956 -3.407892
v 1.511228 2.843727 -3.582287
v 1.505975 2.853251 -3.556372
v 1.503864 2.863692 -3.528250
v 1.504809 2.874597 -3.499131
v 1.508719 2.885511 -3.470226
v 1.515483 2.895979 -3.442742
v 1.524984 2.905547 -3.417887
v 1.511888 2.874325 -3.592458
v 1.506700 2.884812 -3.567391
v 1.504595 2.896184 -3.540109
v 1.505513 2.907415 -3.511605
v 1.509378 2.917678 -3.482949
v 1.516063 2.926890 -3.455490
v 1.525427 2.935172 -3.430646
v 1.515017 2.903893 -3.600164
v 1.510246 2.915339 -3.576886
v 1.508318 2.927517 -3.551139
v 1.509222 2.938874 -3.523789
v 1.512939 2.948284 -3.495912
v 1.519269 2.955889 -3.469049
v 1.528011 2.962291 -3.444866
v 1.520337 2.930259 -3.605952
v 1.516516 2.943043 -3.585276
v 1.515016 2.956137 -3.561343
v 1.515974 2.967607 -3.535179
v 1.519471 2.976157 -3.508102
v 1.525163 2.981903 -3.481933
v 1.532660 2.985636 -3.458684
v 1.557044 2.830592 -3.366433
v 1.571031 2.829533 -3.356448
v 1.586569 2.828068 -3.350288
v 1.602692 2.827418 -3.348784
v 1.618425 2.828166 -3.352465
v 1.632870 2.829721 -3.360675
v 1.645170 2.830860 -3.372461
v 1.554895 2.858865 -3.366531
v 1.570088 2.860527 -3.355488
v 1.586462 2.860806 -3.348981
v 1.603227 2.860737 -3.347477
v 1.619576 2.860907 -3.351286
v 1.634745 2.860722 -3.359988
v 1.648001 2.859147 -3.373006
v 1.552849 2.889366 -3.371359
v 1.568861 2.892803 -3.359980
v 1.585926 2.894480 -3.353492
v 1.603306 2.894953 -3.352099
v 1.620265 2.894583 -3.355923
v 1.636082 2.893004 -3.364737
v 1.650045 2.889657 -3.378233
v 1.551634 2.920235 -3.380692
v 1.567936 2.924890 -3.369531
v 1.585285 2.927712 -3.363361
v 1.602951 2.928691 -3.362152
v 1.620205 2.927816 -3.365870
v 1.636320 2.925093 -3.374447
v 1.650571 2.920529 -3.387803
v 1.551636 2.949580 -3.394203
v 1.567671 2.955264 -3.383723
v 1.584760 2.959126 -3.378110
v 1.602184 2.960575 -3.377132
v 1.619220 2.959227 -3.380625
v 1.635136 2.955462 -3.388647
v 1.649199 2.949867 -3.401329
v 1.552543 2.975745 -3.410873
v 1.567763 2.982487 -3.401847
v 1.584176 2.987361 -3.397174
v 1.601030 2.989246 -3.396500
v 1.617534 2.987458 -3.399647
v 1.632900 2.982677 -3.406677
v 1.646356 2.976018 -3.417834
v 1.553695 2.997149 -3.429625
v 1.567674 3.005171 -3.423204
v 1.583255 3.011071 -3.419971
v 1.599513 3.013346 -3.419711
v 1.615480 3.011164 -3.422400
v 1.630221 3.005351 -3.427917
v 1.642823 2.997406 -3.436339
v 1.630743 2.729557 -3.536958
v 1.635101 2.727472 -3.511170
v 1.639215 2.730361 -3.483729
v 1.642239 2.738074 -3.456273
v 1.643670 2.750381 -3.430489
v 1.643748 2.766332 -3.407827
v 1.643065 2.784935 -3.389690
v 1.617466 2.717655 -3.536142
v 1.620962 2.714074 -3.507699
v 1.624475 2.716360 -3.478551
v 1.627334 2.724163 -3.449979
v 1.629096 2.737127 -3.423323
v 1.629985 2.754624 -3.399861
v 1.630460 2.776052 -3.380844
v 1.602367 2.709846 -3.535916
v 1.605255 2.705651 -3.505802
v 1.608245 2.707764 -3.475337
v 1.610935 2.715773 -3.445725
v 1.613028 2.729258 -3.418177
v 1.614618 2.747730 -3.393901
v 1.615907 2.770694 -3.374104
v 1.586436 2.707011 -3.535289
v 1.588796 2.702693 -3.504616
v 1.591265 2.704809 -3.473632
v 1.593741 2.712932 -3.443557
v 1.596120 2.726628 -3.415607
v 1.598304 2.745421 -3.390985
v 1.600191 2.768831 -3.370889
v 1.570641 2.709748 -3.533829
v 1.572394 2.705548 -3.503670
v 1.574265 2.707657 -3.473152
v 1.576451 2.715664 -3.443514
v 1.579047 2.729151 -3.415992
v 1.581757 2.747627 -3.391769
v 1.584181 2.770595 -3.372017
v 1.555864 2.717463 -3.532077
v 1.556767 2.713873 -3.503515
v 1.557917 2.716151 -3.474248
v 1.559766 2.723951 -3.445622
v 1.562537 2.736918 -3.419020
v 1.565790 2.754423 -3.395678
v 1.568858 2.775861 -3.376779
v 1.542905 2.729285 -3.531128
v 1.542576 2.727183 -3.505094
v 1.542878 2.730060 -3.477445
v 1.544387 2.737768 -3.449905
v 1.547333 2.750080 -3.424204
v 1.551223 2.766044 -3.401750
v 1.555228 2.784662 -3.383861
v 1.538089 2.964780 -3.620419
v 1.537260 2.983385 -3.602182
v 1.537231 2.999337 -3.579446
v 1.538619 3.011645 -3.553633
v 1.541685 3.019357 -3.526206
v 1.545907 3.022245 -3.498838
v 1.550411 3.020158 -3.473151
v 1.550892 2.973660 -3.629401
v 1.551256 2.995090 -3.610307
v 1.552063 3.012588 -3.586789
v 1.553793 3.025552 -3.560112
v 1.556684 3.033355 -3.531561
v 1.560279 3.035640 -3.502470
v 1.563886 3.032058 -3.474103
v 1.565722 2.979016 -3.636330
v 1.566950 3.001980 -3.616492
v 1.568497 3.020453 -3.592185
v 1.570573 3.033938 -3.564626
v 1.573280 3.041947 -3.535025
v 1.576313 3.044059 -3.504591
v 1.579261 3.039863 -3.474518
v 1.581752 2.980875 -3.639760
v 1.583639 3.004284 -3.619664
v 1.585823 3.023078 -3.595042
v 1.588203 3.036773 -3.567093
v 1.590678 3.044897 -3.537018
v 1.593147 3.047013 -3.506034
v 1.595508 3.042695 -3.475360
v 1.598078 2.979107 -3.638849
v 1.600562 3.002074 -3.619138
v 1.603315 3.020550 -3.594945
v 1.605928 3.034036 -3.567435
v 1.608098 3.042044 -3.537785
v 1.609925 3.044153 -3.507237
v 1.611617 3.039954 -3.477037
v 1.613676 2.973838 -3.634276
v 1.616856 2.995274 -3.615453
v 1.620191 3.012778 -3.592167
v 1.622993 3.025745 -3.565587
v 1.624811 3.033545 -3.536940
v 1.625879 3.035824 -3.507616
v 1.626671 3.032235 -3.478978
v 1.627505 2.965034 -3.627330
v 1.631655 2.983650 -3.609541
v 1.635654 2.999613 -3.587161
v 1.638641 3.011925 -3.561488
v 1.640109 3.019633 -3.533920
v 1.640302 3.022511 -3.506197
v 1.639828 3.020411 -3.480062
vn -0.8539 -0.1712 0.4915
vn -0.9305 -0.1164 0.3474
vn -0.8949 -0.2166 0.3902
vn -0.8839 -0.0763 0.4615
vn -0.9494 -0.0290 0.3127
vn -0.9023 0.0130 0.4309
vn -0.9582 0.0565 0.2806
vn -0.9100 0.1969 0.3650
vn -0.9112 0.1047 0.3984
vn -0.8988 0.2880 0.3305
vn -0.9574 0.1437 0.2503
vn -0.8761 0.3848 0.2906
vn -0.9465 0.2365 0.2197
vn -0.9566 -0.1528 0.2482
vn -0.9213 -0.2569 0.2919
vn -0.9749 -0.0653 0.2128
vn -0.9832 0.0168 0.1816
vn -0.9832 0.1009 0.1521
vn -0.9193 0.3473 0.1853
vn -0.9735 0.1942 0.1211
vn -0.9701 -0.1889 0.1523
vn -0.9360 -0.2965 0.1899
vn -0.9877 -0.1001 0.1204
vn -0.9957 -0.0189 0.0905
vn -0.9962 0.0633 0.0596
vn -0.9473 0.3091 0.0842
vn -0.9876 0.1551 0.0244
vn -0.9383 -0.3347 0.0869
vn -0.9724 -0.2263 0.0564
vn -0.9902 -0.1366 0.0280
vn -0.9990 0.0284 -0.0346
vn -0.9985 -0.0539 -0.0014
vn -0.9902 0.1184 -0.0742
vn -0.9656 0.2276 -0.1258
vn -0.9287 -0.3705 -0.0147
vn -0.9630 -0.2660 -0.0434
vn -0.9815 -0.1771 -0.0721
vn -0.9904 -0.0067 -0.1380
vn -0.9904 -0.0917 -0.1031
vn -0.9806 0.0824 -0.1777
vn -0.9554 0.1867 -0.2288
vn -0.9060 -0.4050 -0.1231
vn -0.9362 -0.3136 -0.1585
vn -0.9550 -0.2265 -0.1917
vn -0.9638 -0.0461 -0.2627
vn -0.9644 -0.1364 -0.2266
vn -0.9533 0.0440 -0.2988
vn -0.9310 0.1417 -0.3364
vn -0.7426 -0.2306 0.6288
vn -0.7878 -0.2843 0.5463
vn -0.7756 -0.1276 0.6182
vn -0.7985 -0.0355 0.6010
vn -0.8150 0.0625 0.5761
vn -0.8225 0.2656 0.5029
vn -0.8233 0.1652 0.5431
vn -0.8128 0.3590 0.4588
vn -0.7961 0.4434 0.4118
vn -0.7698 0.5331 0.3510
vn -0.8178 0.5157 0.2554
vn -0.8585 0.4904 0.1500
vn -0.8881 0.4581 0.0381
vn -0.9630 0.2687 -0.0204
vn -0.9090 0.3668 -0.1979
vn -0.8989 0.3142 -0.3053
vn -0.8765 0.2602 -0.4049
vn -0.8450 0.2067 -0.4932
vn -0.8745 0.1001 -0.4745
vn -0.8927 0.0069 -0.4506
vn -0.9030 -0.0911 -0.4198
vn -0.9037 -0.1916 -0.3829
vn -0.8944 -0.2896 -0.3408
vn -0.8763 -0.3789 -0.2974
vn -0.8514 -0.4592 -0.2535
vn -0.8151 -0.5439 -0.1995
vn -0.8435 -0.5278 -0.0994
vn -0.8635 -0.5042 0.0083
vn -0.8723 -0.4741 0.1199
vn -0.8689 -0.4349 0.2364
vn -0.8529 -0.3878 0.3495
vn -0.8258 -0.3372 0.4522
vn -0.7428 -0.5541 -0.3758
vn -0.5980 -0.5424 -0.5901
vn -0.5844 -0.6517 -0.4836
vn -0.7662 -0.4606 -0.4482
vn -0.6069 -0.4290 -0.6690
vn -0.7810 -0.3617 -0.5091
vn -0.6117 -0.3071 -0.7290
vn -0.7888 -0.2525 -0.5603
vn -0.6148 -0.1757 -0.7689
vn -0.7896 -0.1368 -0.5981
vn -0.6136 -0.0373 -0.7887
vn -0.7664 0.1013 -0.6343
vn -0.7824 -0.0208 -0.6224
vn -0.3667 -0.6059 -0.7060
vn -0.3599 -0.7308 -0.5800
vn -0.3704 -0.4781 -0.7964
vn -0.3732 -0.3448 -0.8613
vn -0.3779 -0.2018 -0.9036
vn -0.6082 0.1186 -0.7849
vn -0.3820 -0.0455 -0.9230
vn -0.0770 -0.6308 -0.7721
vn -0.0652 -0.7649 -0.6408
vn -0.0848 -0.4955 -0.8645
vn -0.0895 -0.3566 -0.9300
vn -0.0920 -0.2091 -0.9736
vn -0.3838 0.1342 -0.9136
vn -0.0925 -0.0454 -0.9947
vn 0.2388 -0.7303 -0.6400
vn 0.2228 -0.6033 -0.7657
vn 0.2036 -0.3381 -0.9188
vn 0.2110 -0.4741 -0.8549
vn 0.2027 -0.1945 -0.9597
vn 0.2057 -0.0370 -0.9779
vn 0.2118 0.1428 -0.9668
vn 0.4839 -0.6479 -0.5882
vn 0.4777 -0.5359 -0.6962
vn 0.4670 -0.2940 -0.8340
vn 0.4725 -0.4199 -0.7749
vn 0.4635 -0.1616 -0.8712
vn 0.4597 -0.0218 -0.8878
vn 0.4561 0.1342 -0.8797
vn 0.6655 -0.5449 -0.5101
vn 0.6786 -0.3464 -0.6477
vn 0.6752 -0.4484 -0.5857
vn 0.6763 -0.2342 -0.6984
vn 0.6694 -0.1171 -0.7336
vn 0.6575 0.0001 -0.7535
vn 0.6391 0.1218 -0.7594
vn -0.7210 -0.6410 -0.2632
vn -0.7526 0.2474 -0.6102
vn -0.6064 0.2926 -0.7393
vn -0.3835 0.3360 -0.8603
vn -0.0900 0.1440 -0.9855
vn 0.2239 0.3435 -0.9120
vn 0.4634 0.3069 -0.8313
vn 0.6294 0.2664 -0.7300
vn 0.7407 0.2285 -0.6318
vn 0.7742 0.1239 -0.6207
vn 0.7976 0.0311 -0.6024
vn 0.8147 -0.0673 -0.5760
vn 0.8235 -0.1694 -0.5415
vn 0.8232 -0.2695 -0.4997
vn 0.8142 -0.3615 -0.4543
vn 0.7981 -0.4446 -0.4066
vn 0.7725 -0.5324 -0.3461
vn 0.6653 -0.6346 -0.3933
vn 0.5018 -0.7452 -0.4392
vn 0.2619 -0.8439 -0.4683
vn -0.0482 -0.8864 -0.4604
vn -0.3505 -0.8427 -0.4087
vn -0.5740 -0.7467 -0.3362
vn 0.8769 -0.3870 -0.2849
vn 0.9460 -0.2432 -0.2142
vn 0.9190 -0.3507 -0.1800
vn 0.8992 -0.2927 -0.3251
vn 0.9573 -0.1524 -0.2456
vn 0.9103 -0.2032 -0.3607
vn 0.9586 -0.0658 -0.2771
vn 0.9026 -0.0202 -0.4301
vn 0.9115 -0.1116 -0.3958
vn 0.8839 0.0699 -0.4624
vn 0.9503 0.0198 -0.3108
vn 0.8535 0.1665 -0.4938
vn 0.9315 0.1086 -0.3472
vn 0.9724 -0.2025 -0.1163
vn 0.9462 -0.3136 -0.0801
vn 0.9828 -0.1113 -0.1473
vn 0.9837 -0.0278 -0.1775
vn 0.9762 0.0548 -0.2098
vn 0.8955 0.2114 -0.3917
vn 0.9583 0.1442 -0.2466
vn 0.9861 -0.1648 -0.0206
vn 0.9613 -0.2744 0.0226
vn 0.9957 -0.0749 -0.0552
vn 0.9963 0.0069 -0.0860
vn 0.9892 0.0889 -0.1163
vn 0.9227 0.2515 -0.2920
vn 0.9723 0.1800 -0.1491
vn 0.9640 -0.2344 0.1257
vn 0.9887 -0.1289 0.0763
vn 0.9984 -0.0407 0.0383
vn 0.9918 0.1254 -0.0229
vn 0.9991 0.0417 0.0060
vn 0.9747 0.2177 -0.0515
vn 0.9402 0.3303 -0.0829
vn 0.9544 -0.1944 0.2265
vn 0.9796 -0.0932 0.1781
vn 0.9901 -0.0054 0.1406
vn 0.9829 0.1667 0.0779
vn 0.9910 0.0802 0.1074
vn 0.9648 0.2583 0.0496
vn 0.9301 0.3667 0.0207
vn 0.9313 -0.1499 0.3320
vn 0.9533 -0.0545 0.2972
vn 0.9639 0.0349 0.2639
vn 0.9558 0.2176 0.1979
vn 0.9649 0.1264 0.2304
vn 0.9370 0.3073 0.1660
vn 0.9062 0.4020 0.1309
vn 0.8199 -0.5148 -0.2505
vn 0.7863 0.2822 -0.5496
vn 0.8248 0.3355 -0.4551
vn 0.8526 0.3869 -0.3514
vn 0.9379 0.2915 -0.1881
vn 0.8722 0.4749 -0.1173
vn 0.8628 0.5055 -0.0033
vn 0.8419 0.5291 0.1064
vn 0.8123 0.5450 0.2078
vn 0.8497 0.4573 0.2626
vn 0.8754 0.3746 0.3055
vn 0.8943 0.2827 0.3469
vn 0.9041 0.1837 0.3859
vn 0.9040 0.0817 0.4197
vn 0.8943 -0.0160 0.4472
vn 0.8769 -0.1082 0.4683
vn 0.8484 -0.2119 0.4850
vn 0.8787 -0.2644 0.3976
vn 0.8999 -0.3169 0.2997
vn 0.9092 -0.3680 0.1948
vn 0.9056 -0.4163 0.0806
vn 0.8886 -0.4572 -0.0357
vn 0.8599 -0.4893 -0.1458
vn 0.7714 -0.1072 0.6272
vn 0.6186 0.0327 0.7850
vn 0.6159 -0.1220 0.7784
vn 0.7916 0.1298 0.5972
vn 0.7858 0.0135 0.6183
vn 0.7893 0.2467 0.5623
vn 0.6170 0.1715 0.7681
vn 0.7801 0.3570 0.5138
vn 0.6116 0.3033 0.7307
vn 0.7636 0.4581 0.4550
vn 0.6046 0.4266 0.6726
vn 0.7387 0.5539 0.3840
vn 0.5935 0.5416 0.5953
vn 0.3877 0.0437 0.9208
vn 0.3924 -0.1355 0.9097
vn 0.3809 0.1998 0.9028
vn 0.3735 0.3431 0.8619
vn 0.3678 0.4771 0.7982
vn 0.5781 0.6527 0.4898
vn 0.3618 0.6056 0.7087
vn 0.0972 0.0453 0.9942
vn 0.0970 -0.1440 0.9848
vn 0.0942 0.2087 0.9734
vn 0.0895 0.3565 0.9300
vn 0.0828 0.4955 0.8647
vn 0.3532 0.7315 0.5832
vn 0.0733 0.6307 0.7725
vn -0.2092 -0.1425 0.9674
vn -0.2039 0.0375 0.9783
vn -0.2019 0.1949 0.9598
vn -0.2036 0.3384 0.9187
vn -0.2238 0.6033 0.7655
vn -0.2117 0.4743 0.8545
vn -0.2395 0.7302 0.6399
vn -0.4566 -0.1344 0.8795
vn -0.4600 0.0215 0.8876
vn -0.4637 0.1612 0.8712
vn -0.4670 0.2936 0.8341
vn -0.4768 0.5356 0.6970
vn -0.4722 0.4195 0.7753
vn -0.4821 0.6482 0.5895
vn -0.6407 -0.1235 0.7578
vn -0.6585 -0.0021 0.7526
vn -0.6699 0.1149 0.7335
vn -0.6762 0.2323 0.6992
vn -0.6779 0.3447 0.6494
vn -0.6630 0.5448 0.5134
vn -0.6737 0.4473 0.5883
vn 0.7591 -0.2506 0.6008
vn 0.7157 0.6437 0.2710
vn 0.5664 0.7497 0.3422
vn 0.3427 0.8444 0.4118
vn 0.0606 0.7648 0.6414
vn -0.2614 0.8440 0.4684
vn -0.4985 0.7465 0.4408
vn -0.6616 0.6362 0.3969
vn -0.6316 -0.2673 0.7277
vn -0.4643 -0.3071 0.8307
vn -0.2209 -0.3435 0.9128
vn 0.0921 -0.3575 0.9294
vn 0.3948 -0.3359 0.8551
vn 0.6161 -0.2939 0.7308
vn -0.5739 -0.8027 -0.1622
vn -0.7501 -0.6611 0.0161
vn -0.7355 -0.6666 -0.1212
vn -0.3386 -0.9177 -0.2077
vn -0.5755 -0.8177 0.0093
vn -0.0066 -0.9994 -0.0351
vn -0.3247 -0.9458 -0.0082
vn -0.0276 -0.9685 -0.2473
vn 0.3159 -0.9465 -0.0657
vn 0.2896 -0.9193 -0.2666
vn 0.5713 -0.8154 -0.0933
vn 0.5359 -0.8017 -0.2648
vn 0.7485 -0.6526 -0.1179
vn -0.7549 -0.6383 0.1509
vn -0.5703 -0.8029 0.1737
vn 0.0138 -0.9864 0.1640
vn -0.3084 -0.9340 0.1806
vn 0.3375 -0.9331 0.1242
vn 0.5984 -0.7980 0.0711
vn 0.7786 -0.6274 0.0160
vn -0.7484 -0.5976 0.2876
vn -0.2909 -0.8873 0.3577
vn -0.5582 -0.7602 0.3325
vn 0.0335 -0.9364 0.3494
vn 0.3559 -0.8840 0.3031
vn 0.6170 -0.7522 0.2314
vn 0.7971 -0.5841 0.1527
vn -0.5418 -0.6885 0.4821
vn -0.7315 -0.5391 0.4176
vn -0.2744 -0.8062 0.5241
vn 0.0519 -0.8512 0.5222
vn 0.3731 -0.8009 0.4683
vn 0.6285 -0.6783 0.3807
vn -0.5188 -0.5921 0.6167
vn -0.7043 -0.4680 0.5338
vn -0.2575 -0.6904 0.6761
vn 0.0682 -0.7285 0.6817
vn 0.3860 -0.6839 0.6191
vn 0.6311 -0.5800 0.5151
vn 0.8036 -0.5234 0.2834
vn -0.4896 -0.4668 0.7365
vn -0.6675 -0.3815 0.6394
vn -0.2385 -0.5357 0.8100
vn 0.0820 -0.5630 0.8224
vn 0.3930 -0.5283 0.7526
vn 0.7973 -0.4510 0.4013
vn 0.6245 -0.4534 0.6360
vn 0.7075 -0.6598 -0.2532
vn 0.7794 -0.3643 0.5097
vn 0.4878 0.4670 -0.7376
vn 0.7013 0.4689 -0.5369
vn 0.6648 0.3814 -0.6423
vn 0.2410 0.5354 -0.8094
vn 0.5157 0.5932 -0.6182
vn -0.0729 0.5629 -0.8233
vn 0.2587 0.6901 -0.6759
vn -0.3799 0.5297 -0.7583
vn -0.0596 0.7285 -0.6825
vn -0.6205 0.5838 -0.5236
vn -0.3725 0.6865 -0.6245
vn -0.6138 0.4550 -0.6452
vn -0.7918 0.4532 -0.4095
vn 0.7283 0.5414 -0.4200
vn 0.5375 0.6908 -0.4836
vn 0.2739 0.8064 -0.5241
vn -0.0448 0.8512 -0.5229
vn -0.6184 0.6844 -0.3863
vn -0.3605 0.8046 -0.4718
vn -0.7987 0.5277 -0.2892
vn 0.7450 0.6014 -0.2885
vn 0.5530 0.7635 -0.3335
vn 0.2880 0.8882 -0.3580
vn -0.0287 0.9364 -0.3498
vn -0.3455 0.8873 -0.3055
vn -0.7926 0.5896 -0.1554
vn -0.6074 0.7588 -0.2350
vn 0.5640 0.8075 -0.1726
vn 0.7511 0.6430 -0.1495
vn 0.3034 0.9358 -0.1798
vn -0.0118 0.9864 -0.1641
vn -0.3294 0.9358 -0.1253
vn -0.5901 0.8041 -0.0721
vn 0.5682 0.8229 -0.0066
vn 0.7458 0.6661 -0.0122
vn 0.3183 0.9479 0.0092
vn 0.0056 0.9994 0.0349
vn -0.3105 0.9483 0.0656
vn -0.7741 0.6329 -0.0157
vn -0.5644 0.8201 0.0941
vn 0.5661 0.8073 0.1668
vn 0.7305 0.6709 0.1273
vn 0.3312 0.9198 0.2103
vn 0.0243 0.9684 0.2481
vn -0.2868 0.9201 0.2668
vn -0.7440 0.6572 0.1203
vn -0.5307 0.8046 0.2664
vn -0.0835 0.3577 -0.9301
vn -0.7732 0.3640 -0.5193
vn -0.9055 0.4165 -0.0808
vn -0.7033 0.6630 0.2566
vn 0.0437 0.8863 0.4610
vn 0.8689 0.4349 -0.2363
vn 0.9237 -0.1712 0.3427
vn 0.9753 -0.1164 0.1879
vn 0.9483 -0.0763 0.3082
vn 0.9473 -0.2166 0.2360
vn 0.9845 -0.1528 0.0857
vn 0.9570 -0.2569 0.1347
vn 0.9819 -0.1889 -0.0111
vn 0.9397 -0.3347 -0.0702
vn 0.9545 -0.2965 0.0317
vn 0.9134 -0.3705 -0.1688
vn 0.9683 -0.2263 -0.1060
vn 0.8729 -0.4050 -0.2720
vn 0.9424 -0.2660 -0.2028
vn 0.9882 -0.0290 0.1506
vn 0.9614 0.0130 0.2750
vn 0.9967 -0.0653 0.0479
vn 0.9939 -0.1001 -0.0454
vn 0.9811 -0.1366 -0.1370
vn 0.8969 -0.3136 -0.3119
vn 0.9559 -0.1771 -0.2342
vn 0.9915 0.0565 0.1174
vn 0.9648 0.1047 0.2414
vn 0.9997 0.0168 0.0156
vn 0.9969 -0.0189 -0.0763
vn 0.9844 -0.0539 -0.1674
vn 0.9098 -0.2265 -0.3477
vn 0.9595 -0.0917 -0.2662
vn 0.9580 0.1969 0.2087
vn 0.9857 0.1437 0.0878
vn 0.9948 0.1009 -0.0134
vn 0.9793 0.0284 -0.2002
vn 0.9923 0.0633 -0.1068
vn 0.9537 -0.0067 -0.3006
vn 0.9067 -0.0461 -0.4192
vn 0.9412 0.2880 0.1765
vn 0.9698 0.2365 0.0593
vn 0.9801 0.1942 -0.0423
vn 0.9641 0.1184 -0.2377
vn 0.9779 0.1551 -0.1401
vn 0.9375 0.0824 -0.3381
vn 0.8904 0.0440 -0.4531
vn 0.9122 0.3848 0.1410
vn 0.9373 0.3473 0.0299
vn 0.9481 0.3091 -0.0744
vn 0.9313 0.2276 -0.2845
vn 0.9462 0.2687 -0.1802
vn 0.9041 0.1867 -0.3844
vn 0.8621 0.1417 -0.4864
vn 0.8368 -0.2306 0.4966
vn 0.8676 -0.1276 0.4807
vn 0.8677 -0.2843 0.4078
vn 0.8894 -0.3371 0.3087
vn 0.8991 -0.3878 0.2029
vn 0.8801 -0.4741 -0.0267
vn 0.8961 -0.4349 0.0887
vn 0.8529 -0.5042 -0.1354
vn 0.8153 -0.5278 -0.2382
vn 0.7706 -0.5439 -0.3322
vn 0.7974 -0.4592 -0.3915
vn 0.8147 -0.3789 -0.4389
vn 0.8254 -0.2896 -0.4847
vn 0.9133 -0.1364 -0.3837
vn 0.8207 -0.0911 -0.5640
vn 0.8054 0.0069 -0.5927
vn 0.7835 0.1001 -0.6133
vn 0.7513 0.2067 -0.6267
vn 0.7971 0.2602 -0.5449
vn 0.8357 0.3142 -0.4504
vn 0.8635 0.3668 -0.3462
vn 0.8795 0.4165 -0.2302
vn 0.8820 0.4581 -0.1100
vn 0.8715 0.4904 0.0052
vn 0.8489 0.5157 0.1160
vn 0.8174 0.5331 0.2182
vn 0.8535 0.4434 0.2737
vn 0.8778 0.3590 0.3173
vn 0.8946 0.2656 0.3592
vn 0.9021 0.1652 0.3987
vn 0.8994 0.0625 0.4326
vn 0.8872 -0.0355 0.4599
vn 0.6700 -0.5541 -0.4941
vn 0.4916 -0.5424 -0.6812
vn 0.6810 -0.4606 -0.5693
vn 0.4959 -0.6517 -0.5740
vn 0.2442 -0.6059 -0.7572
vn 0.2585 -0.7308 -0.6318
vn -0.0524 -0.6308 -0.7741
vn -0.3419 -0.7303 -0.5914
vn -0.0422 -0.7649 -0.6428
vn -0.5750 -0.6479 -0.4996
vn -0.3470 -0.6033 -0.7180
vn -0.7410 -0.5449 -0.3924
vn -0.5867 -0.5359 -0.6071
vn 0.4873 -0.4290 -0.7606
vn 0.6855 -0.3617 -0.6318
vn 0.2329 -0.4781 -0.8469
vn -0.0601 -0.4955 -0.8665
vn -0.3501 -0.4741 -0.8079
vn -0.7768 -0.3464 -0.5259
vn -0.5947 -0.4199 -0.6856
vn 0.4821 -0.3071 -0.8206
vn 0.6848 -0.2525 -0.6836
vn 0.2249 -0.3448 -0.9113
vn -0.0662 -0.3566 -0.9319
vn -0.3534 -0.3381 -0.8722
vn -0.5991 -0.2940 -0.7448
vn -0.7829 -0.2342 -0.5763
vn 0.4784 -0.1757 -0.8604
vn 0.6793 -0.1368 -0.7210
vn -0.0710 -0.2091 -0.9753
vn 0.2225 -0.2018 -0.9538
vn -0.3594 -0.1945 -0.9127
vn -0.6018 -0.1616 -0.7821
vn -0.7820 -0.1171 -0.6121
vn 0.4740 -0.0373 -0.8797
vn 0.6681 -0.0208 -0.7438
vn 0.2233 -0.0455 -0.9737
vn -0.3653 -0.0370 -0.9301
vn -0.0741 -0.0454 -0.9962
vn -0.6009 -0.0218 -0.7990
vn -0.7736 0.0001 -0.6337
vn 0.6504 0.1013 -0.7529
vn 0.4693 0.1186 -0.8750
vn 0.2267 0.1342 -0.9647
vn -0.3696 0.1428 -0.9182
vn -0.0750 0.1440 -0.9867
vn -0.5960 0.1342 -0.7917
vn -0.7564 0.1218 -0.6426
vn 0.6672 -0.6410 -0.3794
vn 0.5101 -0.7467 -0.4269
vn 0.2777 -0.8427 -0.4612
vn -0.3361 -0.8439 -0.4182
vn -0.0290 -0.8864 -0.4620
vn -0.5678 -0.7452 -0.3497
vn -0.7214 -0.6346 -0.2773
vn -0.8193 -0.5324 -0.2129
vn -0.8783 -0.3615 -0.3127
vn -0.7632 -0.4484 -0.4653
vn -0.8948 -0.2695 -0.3560
vn -0.9020 -0.1694 -0.3971
vn -0.8991 -0.0673 -0.4326
vn -0.8866 0.0311 -0.4615
vn -0.8354 0.2285 -0.4999
vn -0.7419 0.2664 -0.6153
vn -0.5951 0.3069 -0.7427
vn -0.3724 0.3435 -0.8621
vn -0.0722 0.3577 -0.9310
vn 0.2352 0.3360 -0.9120
vn 0.4751 0.2926 -0.8298
vn 0.6407 0.2474 -0.7268
vn 0.8275 -0.1916 -0.5277
vn -0.9121 -0.3870 -0.1352
vn -0.9685 -0.2432 -0.0540
vn -0.9408 -0.2927 -0.1711
vn -0.9362 -0.3507 -0.0248
vn -0.9782 -0.2025 0.0469
vn -0.9463 -0.3136 0.0782
vn -0.9758 -0.1648 0.1435
vn -0.9297 -0.2344 0.2842
vn -0.9442 -0.2744 0.1821
vn -0.9035 -0.1944 0.3820
vn -0.9623 -0.1289 0.2396
vn -0.8632 -0.1499 0.4822
vn -0.9364 -0.0932 0.3384
vn -0.9848 -0.1524 -0.0831
vn -0.9576 -0.2032 -0.2044
vn -0.9936 -0.1113 0.0181
vn -0.9910 -0.0749 0.1110
vn -0.9782 -0.0407 0.2036
vn -0.8906 -0.0545 0.4515
vn -0.9529 -0.0054 0.3031
vn -0.9913 -0.0658 -0.1140
vn -0.9646 -0.1116 -0.2388
vn -0.9995 -0.0278 -0.0115
vn -0.9967 0.0069 0.0808
vn -0.9842 0.0417 0.1719
vn -0.9066 0.0349 0.4205
vn -0.9593 0.0802 0.2706
vn -0.9615 -0.0202 -0.2741
vn -0.9887 0.0198 -0.1485
vn -0.9975 0.0548 -0.0447
vn -0.9819 0.1254 0.1423
vn -0.9948 0.0889 0.0498
vn -0.9563 0.1667 0.2401
vn -0.9096 0.2176 0.3540
vn -0.9485 0.0699 -0.3091
vn -0.9762 0.1086 -0.1875
vn -0.9860 0.1442 -0.0839
vn -0.9697 0.2177 0.1112
vn -0.9836 0.1800 0.0146
vn -0.9431 0.2583 0.2093
vn -0.8964 0.3073 0.3194
vn -0.9237 0.1665 -0.3451
vn -0.9481 0.2114 -0.2374
vn -0.9584 0.2516 -0.1346
vn -0.9409 0.3303 0.0745
vn -0.9561 0.2915 -0.0296
vn -0.9137 0.3667 0.1750
vn -0.8719 0.4020 0.2797
vn -0.8546 -0.4446 -0.2683
vn -0.8501 -0.5148 -0.1107
vn -0.8721 -0.4893 -0.0009
vn -0.8822 -0.4572 0.1125
vn -0.8642 -0.3680 0.3431
vn -0.8797 -0.4163 0.2300
vn -0.8376 -0.3169 0.4451
vn -0.8004 -0.2644 0.5381
vn -0.7561 -0.2119 0.6192
vn -0.7869 -0.1082 0.6075
vn -0.8076 -0.0160 0.5896
vn -0.8217 0.0817 0.5641
vn -0.9132 0.1264 0.3875
vn -0.8242 0.2828 0.4907
vn -0.8125 0.3746 0.4467
vn -0.7942 0.4573 0.4001
vn -0.7665 0.5450 0.3399
vn -0.8125 0.5291 0.2448
vn -0.8514 0.5054 0.1402
vn -0.8796 0.4749 0.0293
vn -0.8961 0.4349 -0.0886
vn -0.8991 0.3869 -0.2048
vn -0.8890 0.3355 -0.3117
vn -0.8667 0.2822 -0.4113
vn -0.8666 0.1239 -0.4834
vn -0.6565 -0.1072 0.7467
vn -0.4795 0.0327 0.8769
vn -0.6722 0.0135 0.7403
vn -0.4779 -0.1220 0.8699
vn -0.2293 0.0437 0.9724
vn -0.2358 -0.1355 0.9623
vn 0.0694 0.0453 0.9966
vn 0.3670 -0.1425 0.9192
vn 0.0680 -0.1441 0.9872
vn 0.5964 -0.1344 0.7914
vn 0.3636 0.0375 0.9308
vn 0.7578 -0.1235 0.6408
vn 0.6011 0.0215 0.7989
vn -0.6813 0.1298 0.7204
vn -0.2256 0.1998 0.9535
vn -0.4807 0.1715 0.8599
vn 0.0689 0.2087 0.9755
vn 0.3586 0.1949 0.9129
vn 0.7744 -0.0021 0.6327
vn 0.6021 0.1612 0.7820
vn -0.6849 0.2467 0.6856
vn -0.2251 0.3431 0.9119
vn -0.4817 0.3033 0.8222
vn 0.0663 0.3565 0.9319
vn 0.3535 0.3384 0.8721
vn 0.7824 0.1149 0.6120
vn 0.5991 0.2936 0.7449
vn -0.6838 0.3570 0.6363
vn -0.4845 0.4266 0.7637
vn -0.2301 0.4771 0.8482
vn 0.0621 0.4955 0.8664
vn 0.3507 0.4743 0.8075
vn 0.7829 0.2323 0.5771
vn 0.5945 0.4195 0.6860
vn -0.6774 0.4581 0.5756
vn -0.4863 0.5416 0.6857
vn -0.2390 0.6056 0.7590
vn 0.3479 0.6033 0.7176
vn 0.0561 0.6307 0.7740
vn 0.5860 0.5356 0.6080
vn 0.7763 0.3447 0.5277
vn -0.6646 0.5539 0.5015
vn -0.4886 0.6527 0.5790
vn -0.2514 0.7315 0.6338
vn 0.3425 0.7302 0.5912
vn 0.0469 0.7648 0.6426
vn 0.5734 0.6482 0.5011
vn 0.7391 0.5448 0.3960
vn -0.6487 -0.2506 0.7186
vn -0.4861 -0.2939 0.8230
vn -0.2472 -0.3359 0.9089
vn 0.3695 -0.3435 0.8634
vn 0.0636 -0.3575 0.9317
vn 0.5959 -0.3071 0.7420
vn 0.7438 -0.2673 0.6127
vn 0.7621 0.4473 0.4682
vn 0.7184 0.6362 0.2814
vn 0.5648 0.7465 0.3518
vn 0.3356 0.8440 0.4185
vn 0.0336 0.8863 0.4618
vn -0.2695 0.8444 0.4630
vn -0.5017 0.7497 0.4316
vn -0.6607 0.6437 0.3861
vn -0.8274 0.1837 0.5308
vn 0.7424 -0.6611 -0.1088
vn 0.5390 -0.8027 -0.2553
vn 0.7051 -0.6666 -0.2417
vn 0.7695 -0.6383 0.0233
vn 0.5691 -0.8177 -0.0865
vn 0.7858 -0.5976 0.1592
vn 0.5912 -0.8029 0.0765
vn 0.6144 -0.6885 0.3854
vn 0.6057 -0.7601 0.2351
vn 0.7907 -0.5391 0.2902
vn 0.6140 -0.5921 0.5219
vn 0.7832 -0.4680 0.4093
vn 0.6052 -0.4668 0.6449
vn 0.2994 -0.9177 -0.2611
vn 0.3188 -0.9458 -0.0620
vn 0.3463 -0.8873 0.3044
vn 0.3341 -0.9340 0.1269
vn 0.3577 -0.8062 0.4712
vn 0.3662 -0.6904 0.6239
vn 0.3698 -0.5357 0.7591
vn 0.0007 -0.9994 -0.0357
vn -0.0138 -0.9685 -0.2485
vn 0.0136 -0.9864 0.1640
vn 0.0250 -0.9364 0.3501
vn 0.0356 -0.8512 0.5236
vn 0.0460 -0.7285 0.6835
vn 0.0558 -0.5630 0.8246
vn -0.3225 -0.9465 -0.0123
vn -0.3299 -0.9193 -0.2147
vn -0.3121 -0.9331 0.1786
vn -0.3006 -0.8840 0.3581
vn -0.2900 -0.8009 0.5238
vn -0.2777 -0.6839 0.6746
vn -0.2624 -0.5283 0.8075
vn -0.5788 -0.8154 0.0029
vn -0.5724 -0.8017 -0.1720
vn -0.5783 -0.7980 0.1695
vn -0.5700 -0.7522 0.3307
vn -0.5565 -0.6783 0.4798
vn -0.5367 -0.5800 0.6128
vn -0.7577 -0.6526 0.0081
vn -0.7398 -0.6598 -0.1321
vn -0.7651 -0.6274 0.1452
vn -0.7607 -0.5841 0.2831
vn -0.7453 -0.5234 0.4130
vn -0.5101 -0.4534 0.7309
vn -0.7195 -0.4510 0.5282
vn 0.7645 -0.3815 0.5196
vn -0.6839 -0.3643 0.6321
vn -0.7808 0.4689 -0.4129
vn -0.6036 0.4670 -0.6463
vn -0.7623 0.3814 -0.5229
vn -0.7880 0.5414 -0.2932
vn -0.6113 0.5932 -0.5239
vn -0.7826 0.6014 -0.1607
vn -0.6104 0.6908 -0.3875
vn -0.5849 0.8075 -0.0765
vn -0.6007 0.7635 -0.2369
vn -0.7655 0.6430 -0.0226
vn -0.5614 0.8229 0.0879
vn -0.7374 0.6661 0.1119
vn -0.5305 0.8073 0.2585
vn -0.3722 0.5354 -0.7581
vn -0.3675 0.6901 -0.6235
vn -0.3572 0.8064 -0.4713
vn -0.3290 0.9358 -0.1269
vn -0.3435 0.8882 -0.3051
vn -0.3124 0.9479 0.0619
vn -0.2917 0.9198 0.2624
vn -0.0649 0.5629 -0.8240
vn -0.0547 0.7285 -0.6829
vn -0.0428 0.8512 -0.5230
vn -0.0298 0.9364 -0.3498
vn -0.0157 0.9864 -0.1638
vn 0.0173 0.9684 0.2486
vn 0.0003 0.9994 0.0354
vn 0.2486 0.5297 -0.8109
vn 0.2635 0.6865 -0.6777
vn 0.2771 0.8046 -0.5252
vn 0.2900 0.8873 -0.3586
vn 0.3040 0.9359 -0.1783
vn 0.3171 0.9483 0.0131
vn 0.5249 0.5838 -0.6194
vn 0.4980 0.4550 -0.7382
vn 0.5456 0.6844 -0.4837
vn 0.5599 0.7588 -0.3327
vn 0.5699 0.8041 -0.1692
vn 0.3272 0.9201 0.2154
vn 0.5722 0.8201 -0.0010
vn 0.7127 0.4532 -0.5354
vn 0.6762 0.3640 -0.6406
vn 0.7396 0.5277 -0.4179
vn 0.7557 0.5896 -0.2850
vn 0.7607 0.6329 -0.1441
vn 0.5676 0.8046 0.1745
vn 0.7537 0.6572 -0.0050
vn -0.6992 0.6709 0.2469
vn 0.7361 0.6630 0.1361
vt 0.406250 0.031250
vt 0.437500 0.062500
vt 0.406250 0.062500
vt 0.437500 0.031250
vt 0.468750 0.062500
vt 0.468750 0.031250
vt 0.500000 0.062500
vt 0.531250 0.031250
vt 0.500000 0.031250
vt 0.562500 0.031250
vt 0.531250 0.062500
vt 0.593750 0.031250
vt 0.562500 0.062500
vt 0.437500 0.093750
vt 0.406250 0.093750
vt 0.468750 0.093750
vt 0.500000 0.093750
vt 0.531250 0.093750
vt 0.593750 0.062500
vt 0.562500 0.093750
vt 0.437500 0.125000
vt 0.406250 0.125000
vt 0.468750 0.125000
vt 0.500000 0.125000
vt 0.531250 0.125000
vt 0.593750 0.093750
vt 0.562500 0.125000
vt 0.406250 0.156250
vt 0.437500 0.156250
vt 0.468750 0.156250
vt 0.531250 0.156250
vt 0.500000 0.156250
vt 0.562500 0.156250
vt 0.593750 0.156250
vt 0.406250 0.187500
vt 0.437500 0.187500
vt 0.468750 0.187500
vt 0.531250 0.187500
vt 0.500000 0.187500
vt 0.562500 0.187500
vt 0.593750 0.187500
vt 0.406250 0.218750
vt 0.437500 0.218750
vt 0.468750 0.218750
vt 0.531250 0.218750
vt 0.500000 0.218750
vt 0.562500 0.218750
vt 0.593750 0.218750
vt 0.375000 0.000000
vt 0.375000 0.031250
vt 0.406250 0.000000
vt 0.437500 0.000000
vt 0.468750 0.000000
vt 0.531250 0.000000
vt 0.500000 0.000000
vt 0.562500 0.000000
vt 0.593750 0.000000
vt 0.625000 0.000000
vt 0.625000 0.031250
vt 0.625000 0.062500
vt 0.625000 0.093750
vt 0.593750 0.125000
vt 0.625000 0.156250
vt 0.625000 0.187500
vt 0.625000 0.218750
vt 0.625000 0.250000
vt 0.593750 0.250000
vt 0.562500 0.250000
vt 0.531250 0.250000
vt 0.500000 0.250000
vt 0.468750 0.250000
vt 0.437500 0.250000
vt 0.406250 0.250000
vt 0.375000 0.250000
vt 0.375000 0.218750
vt 0.375000 0.187500
vt 0.375000 0.156250
vt 0.375000 0.125000
vt 0.375000 0.093750
vt 0.375000 0.062500
vt 0.406250 0.281250
vt 0.437500 0.312500
vt 0.406250 0.312500
vt 0.437500 0.281250
vt 0.468750 0.312500
vt 0.468750 0.281250
vt 0.500000 0.312500
vt 0.500000 0.281250
vt 0.531250 0.312500
vt 0.531250 0.281250
vt 0.562500 0.312500
vt 0.593750 0.281250
vt 0.562500 0.281250
vt 0.437500 0.343750
vt 0.406250 0.343750
vt 0.468750 0.343750
vt 0.500000 0.343750
vt 0.531250 0.343750
vt 0.593750 0.312500
vt 0.562500 0.343750
vt 0.437500 0.375000
vt 0.406250 0.375000
vt 0.468750 0.375000
vt 0.500000 0.375000
vt 0.531250 0.375000
vt 0.593750 0.343750
vt 0.562500 0.375000
vt 0.406250 0.406250
vt 0.437500 0.406250
vt 0.500000 0.406250
vt 0.468750 0.406250
vt 0.531250 0.406250
vt 0.562500 0.406250
vt 0.593750 0.406250
vt 0.406250 0.437500
vt 0.437500 0.437500
vt 0.500000 0.437500
vt 0.468750 0.437500
vt 0.531250 0.437500
vt 0.562500 0.437500
vt 0.593750 0.437500
vt 0.406250 0.468750
vt 0.468750 0.468750
vt 0.437500 0.468750
vt 0.500000 0.468750
vt 0.531250 0.468750
vt 0.562500 0.468750
vt 0.593750 0.468750
vt 0.375000 0.281250
vt 0.625000 0.281250
vt 0.625000 0.312500
vt 0.625000 0.343750
vt 0.593750 0.375000
vt 0.625000 0.406250
vt 0.625000 0.437500
vt 0.625000 0.468750
vt 0.625000 0.500000
vt 0.593750 0.500000
vt 0.562500 0.500000
vt 0.531250 0.500000
vt 0.500000 0.500000
vt 0.468750 0.500000
vt 0.437500 0.500000
vt 0.406250 0.500000
vt 0.375000 0.500000
vt 0.375000 0.468750
vt 0.375000 0.437500
vt 0.375000 0.406250
vt 0.375000 0.375000
vt 0.375000 0.343750
vt 0.375000 0.312500
vt 0.406250 0.531250
vt 0.437500 0.562500
vt 0.406250 0.562500
vt 0.437500 0.531250
vt 0.468750 0.562500
vt 0.468750 0.531250
vt 0.500000 0.562500
vt 0.531250 0.531250
vt 0.500000 0.531250
vt 0.562500 0.531250
vt 0.531250 0.562500
vt 0.593750 0.531250
vt 0.562500 0.562500
vt 0.437500 0.593750
vt 0.406250 0.593750
vt 0.468750 0.593750
vt 0.500000 0.593750
vt 0.531250 0.593750
vt 0.593750 0.562500
vt 0.562500 0.593750
vt 0.437500 0.625000
vt 0.406250 0.625000
vt 0.468750 0.625000
vt 0.500000 0.625000
vt 0.531250 0.625000
vt 0.593750 0.593750
vt 0.562500 0.625000
vt 0.406250 0.656250
vt 0.437500 0.656250
vt 0.468750 0.656250
vt 0.531250 0.656250
vt 0.500000 0.656250
vt 0.562500 0.656250
vt 0.593750 0.656250
vt 0.406250 0.687500
vt 0.437500 0.687500
vt 0.468750 0.687500
vt 0.531250 0.687500
vt 0.500000 0.687500
vt 0.562500 0.687500
vt 0.593750 0.687500
vt 0.406250 0.718750
vt 0.437500 0.718750
vt 0.468750 0.718750
vt 0.531250 0.718750
vt 0.500000 0.718750
vt 0.562500 0.718750
vt 0.593750 0.718750
vt 0.375000 0.531250
vt 0.625000 0.531250
vt 0.625000 0.562500
vt 0.625000 0.593750
vt 0.593750 0.625000
vt 0.625000 0.656250
vt 0.625000 0.687500
vt 0.625000 0.718750
vt 0.625000 0.750000
vt 0.593750 0.750000
vt 0.562500 0.750000
vt 0.531250 0.750000
vt 0.500000 0.750000
vt 0.468750 0.750000
vt 0.437500 0.750000
vt 0.406250 0.750000
vt 0.375000 0.750000
vt 0.375000 0.718750
vt 0.375000 0.687500
vt 0.375000 0.656250
vt 0.375000 0.625000
vt 0.375000 0.593750
vt 0.375000 0.562500
vt 0.406250 0.781250
vt 0.437500 0.812500
vt 0.406250 0.812500
vt 0.468750 0.781250
vt 0.437500 0.781250
vt 0.500000 0.781250
vt 0.468750 0.812500
vt 0.531250 0.781250
vt 0.500000 0.812500
vt 0.562500 0.781250
vt 0.531250 0.812500
vt 0.593750 0.781250
vt 0.562500 0.812500
vt 0.437500 0.843750
vt 0.406250 0.843750
vt 0.468750 0.843750
vt 0.500000 0.843750
vt 0.531250 0.843750
vt 0.593750 0.812500
vt 0.562500 0.843750
vt 0.437500 0.875000
vt 0.406250 0.875000
vt 0.468750 0.875000
vt 0.500000 0.875000
vt 0.531250 0.875000
vt 0.593750 0.843750
vt 0.562500 0.875000
vt 0.406250 0.906250
vt 0.437500 0.906250
vt 0.468750 0.906250
vt 0.500000 0.906250
vt 0.562500 0.906250
vt 0.531250 0.906250
vt 0.593750 0.906250
vt 0.406250 0.937500
vt 0.437500 0.937500
vt 0.468750 0.937500
vt 0.500000 0.937500
vt 0.562500 0.937500
vt 0.531250 0.937500
vt 0.593750 0.937500
vt 0.406250 0.968750
vt 0.437500 0.968750
vt 0.468750 0.968750
vt 0.500000 0.968750
vt 0.531250 0.968750
vt 0.593750 0.968750
vt 0.562500 0.968750
vt 0.375000 0.781250
vt 0.625000 0.781250
vt 0.625000 0.812500
vt 0.625000 0.843750
vt 0.593750 0.875000
vt 0.625000 0.906250
vt 0.625000 0.937500
vt 0.625000 0.968750
vt 0.625000 1.000000
vt 0.593750 1.000000
vt 0.562500 1.000000
vt 0.531250 1.000000
vt 0.500000 1.000000
vt 0.468750 1.000000
vt 0.437500 1.000000
vt 0.406250 1.000000
vt 0.375000 1.000000
vt 0.375000 0.968750
vt 0.375000 0.937500
vt 0.375000 0.906250
vt 0.375000 0.875000
vt 0.375000 0.843750
vt 0.375000 0.812500
vt 0.187500 0.531250
vt 0.156250 0.562500
vt 0.156250 0.531250
vt 0.218750 0.531250
vt 0.187500 0.562500
vt 0.250000 0.562500
vt 0.218750 0.562500
vt 0.250000 0.531250
vt 0.281250 0.562500
vt 0.281250 0.531250
vt 0.312500 0.562500
vt 0.312500 0.531250
vt 0.343750 0.562500
vt 0.156250 0.593750
vt 0.187500 0.593750
vt 0.250000 0.593750
vt 0.218750 0.593750
vt 0.281250 0.593750
vt 0.312500 0.593750
vt 0.343750 0.593750
vt 0.156250 0.625000
vt 0.218750 0.625000
vt 0.187500 0.625000
vt 0.250000 0.625000
vt 0.281250 0.625000
vt 0.312500 0.625000
vt 0.343750 0.625000
vt 0.187500 0.656250
vt 0.156250 0.656250
vt 0.218750 0.656250
vt 0.250000 0.656250
vt 0.281250 0.656250
vt 0.312500 0.656250
vt 0.187500 0.687500
vt 0.156250 0.687500
vt 0.218750 0.687500
vt 0.250000 0.687500
vt 0.281250 0.687500
vt 0.312500 0.687500
vt 0.343750 0.656250
vt 0.187500 0.718750
vt 0.156250 0.718750
vt 0.218750 0.718750
vt 0.250000 0.718750
vt 0.281250 0.718750
vt 0.343750 0.687500
vt 0.312500 0.718750
vt 0.156250 0.500000
vt 0.125000 0.531250
vt 0.125000 0.500000
vt 0.187500 0.500000
vt 0.218750 0.500000
vt 0.250000 0.500000
vt 0.281250 0.500000
vt 0.312500 0.500000
vt 0.343750 0.531250
vt 0.343750 0.500000
vt 0.343750 0.718750
vt 0.343750 0.750000
vt 0.312500 0.750000
vt 0.281250 0.750000
vt 0.250000 0.750000
vt 0.218750 0.750000
vt 0.187500 0.750000
vt 0.156250 0.750000
vt 0.125000 0.718750
vt 0.125000 0.750000
vt 0.125000 0.687500
vt 0.125000 0.656250
vt 0.125000 0.625000
vt 0.125000 0.593750
vt 0.125000 0.562500
vt 0.687500 0.531250
vt 0.656250 0.562500
vt 0.656250 0.531250
vt 0.718750 0.531250
vt 0.687500 0.562500
vt 0.750000 0.531250
vt 0.718750 0.562500
vt 0.781250 0.531250
vt 0.750000 0.562500
vt 0.812500 0.562500
vt 0.781250 0.562500
vt 0.812500 0.531250
vt 0.843750 0.562500
vt 0.656250 0.593750
vt 0.687500 0.593750
vt 0.718750 0.593750
vt 0.750000 0.593750
vt 0.812500 0.593750
vt 0.781250 0.593750
vt 0.843750 0.593750
vt 0.656250 0.625000
vt 0.687500 0.625000
vt 0.718750 0.625000
vt 0.750000 0.625000
vt 0.781250 0.625000
vt 0.843750 0.625000
vt 0.812500 0.625000
vt 0.687500 0.656250
vt 0.656250 0.656250
vt 0.718750 0.656250
vt 0.750000 0.656250
vt 0.781250 0.656250
vt 0.812500 0.656250
vt 0.687500 0.687500
vt 0.656250 0.687500
vt 0.718750 0.687500
vt 0.750000 0.687500
vt 0.781250 0.687500
vt 0.843750 0.656250
vt 0.812500 0.687500
vt 0.687500 0.718750
vt 0.656250 0.718750
vt 0.718750 0.718750
vt 0.750000 0.718750
vt 0.781250 0.718750
vt 0.843750 0.687500
vt 0.812500 0.718750
vt 0.656250 0.500000
vt 0.687500 0.500000
vt 0.718750 0.500000
vt 0.750000 0.500000
vt 0.781250 0.500000
vt 0.812500 0.500000
vt 0.843750 0.531250
vt 0.843750 0.500000
vt 0.875000 0.531250
vt 0.875000 0.562500
vt 0.875000 0.593750
vt 0.875000 0.625000
vt 0.875000 0.656250
vt 0.875000 0.687500
vt 0.843750 0.718750
vt 0.875000 0.718750
vt 0.843750 0.750000
vt 0.812500 0.750000
vt 0.781250 0.750000
vt 0.750000 0.750000
vt 0.718750 0.750000
vt 0.687500 0.750000
vt 0.656250 0.750000
vt 0.625000 0.625000
vt 0.406250 0.031250
vt 0.437500 0.062500
vt 0.437500 0.031250
vt 0.406250 0.062500
vt 0.437500 0.093750
vt 0.406250 0.093750
vt 0.437500 0.125000
vt 0.406250 0.156250
vt 0.406250 0.125000
vt 0.406250 0.187500
vt 0.437500 0.156250
vt 0.406250 0.218750
vt 0.437500 0.187500
vt 0.468750 0.062500
vt 0.468750 0.156250
vt 0.437500 0.218750
vt 0.500000 0.062500
vt 0.500000 0.093750
vt 0.500000 0.156250
vt 0.500000 0.187500
vt 0.531250 0.062500
vt 0.531250 0.156250
vt 0.531250 0.125000
vt 0.531250 0.187500
vt 0.562500 0.031250
vt 0.562500 0.062500
vt 0.562500 0.093750
vt 0.562500 0.156250
vt 0.562500 0.187500
vt 0.562500 0.218750
vt 0.593750 0.031250
vt 0.593750 0.187500
vt 0.406250 0.250000
vt 0.437500 0.250000
vt 0.500000 0.218750
vt 0.531250 0.250000
vt 0.562500 0.250000
vt 0.593750 0.250000
vt 0.625000 0.125000
vt 0.406250 0.281250
vt 0.437500 0.312500
vt 0.437500 0.281250
vt 0.406250 0.312500
vt 0.437500 0.343750
vt 0.406250 0.343750
vt 0.437500 0.375000
vt 0.406250 0.406250
vt 0.406250 0.375000
vt 0.406250 0.437500
vt 0.437500 0.406250
vt 0.406250 0.468750
vt 0.437500 0.437500
vt 0.468750 0.375000
vt 0.468750 0.437500
vt 0.500000 0.312500
vt 0.500000 0.343750
vt 0.500000 0.437500
vt 0.531250 0.312500
vt 0.531250 0.375000
vt 0.531250 0.437500
vt 0.562500 0.312500
vt 0.562500 0.281250
vt 0.562500 0.343750
vt 0.562500 0.406250
vt 0.562500 0.437500
vt 0.562500 0.468750
vt 0.593750 0.281250
vt 0.593750 0.312500
vt 0.593750 0.343750
vt 0.593750 0.437500
vt 0.437500 0.500000
vt 0.437500 0.468750
vt 0.531250 0.500000
vt 0.562500 0.500000
vt 0.625000 0.375000
vt 0.406250 0.531250
vt 0.437500 0.562500
vt 0.437500 0.531250
vt 0.406250 0.562500
vt 0.437500 0.593750
vt 0.406250 0.593750
vt 0.437500 0.625000
vt 0.406250 0.625000
vt 0.406250 0.687500
vt 0.437500 0.656250
vt 0.406250 0.718750
vt 0.437500 0.687500
vt 0.468750 0.562500
vt 0.468750 0.593750
vt 0.468750 0.625000
vt 0.437500 0.718750
vt 0.500000 0.531250
vt 0.500000 0.593750
vt 0.531250 0.562500
vt 0.531250 0.593750
vt 0.531250 0.625000
vt 0.531250 0.687500
vt 0.562500 0.531250
vt 0.562500 0.593750
vt 0.562500 0.656250
vt 0.562500 0.687500
vt 0.562500 0.718750
vt 0.593750 0.531250
vt 0.593750 0.562500
vt 0.593750 0.593750
vt 0.593750 0.656250
vt 0.593750 0.625000
vt 0.593750 0.687500
vt 0.406250 0.500000
vt 0.375000 0.593750
vt 0.375000 0.656250
vt 0.406250 0.750000
vt 0.437500 0.750000
vt 0.500000 0.718750
vt 0.531250 0.750000
vt 0.562500 0.750000
vt 0.625000 0.656250
vt 0.625000 0.593750
vt 0.406250 0.781250
vt 0.437500 0.812500
vt 0.437500 0.781250
vt 0.406250 0.812500
vt 0.437500 0.843750
vt 0.406250 0.843750
vt 0.437500 0.875000
vt 0.406250 0.875000
vt 0.406250 0.937500
vt 0.437500 0.906250
vt 0.406250 0.968750
vt 0.437500 0.937500
vt 0.468750 0.843750
vt 0.468750 0.812500
vt 0.468750 0.906250
vt 0.437500 0.968750
vt 0.500000 0.812500
vt 0.500000 0.906250
vt 0.468750 0.968750
vt 0.500000 0.937500
vt 0.531250 0.812500
vt 0.531250 0.843750
vt 0.531250 0.875000
vt 0.531250 0.906250
vt 0.531250 0.937500
vt 0.562500 0.781250
vt 0.562500 0.812500
vt 0.562500 0.843750
vt 0.562500 0.906250
vt 0.562500 0.937500
vt 0.531250 0.968750
vt 0.593750 0.781250
vt 0.593750 0.906250
vt 0.593750 0.937500
vt 0.593750 0.968750
vt 0.562500 0.968750
vt 0.625000 0.875000
vt 0.156250 0.562500
vt 0.187500 0.531250
vt 0.156250 0.531250
vt 0.156250 0.593750
vt 0.187500 0.562500
vt 0.156250 0.625000
vt 0.187500 0.593750
vt 0.187500 0.625000
vt 0.156250 0.656250
vt 0.187500 0.687500
vt 0.156250 0.687500
vt 0.187500 0.718750
vt 0.218750 0.531250
vt 0.218750 0.562500
vt 0.218750 0.625000
vt 0.218750 0.593750
vt 0.218750 0.687500
vt 0.218750 0.718750
vt 0.250000 0.593750
vt 0.281250 0.562500
vt 0.281250 0.531250
vt 0.281250 0.593750
vt 0.281250 0.625000
vt 0.281250 0.718750
vt 0.312500 0.562500
vt 0.312500 0.593750
vt 0.312500 0.625000
vt 0.343750 0.562500
vt 0.343750 0.593750
vt 0.343750 0.625000
vt 0.312500 0.718750
vt 0.156250 0.718750
vt 0.656250 0.562500
vt 0.687500 0.531250
vt 0.656250 0.593750
vt 0.656250 0.625000
vt 0.687500 0.593750
vt 0.718750 0.531250
vt 0.718750 0.562500
vt 0.718750 0.593750
vt 0.718750 0.625000
vt 0.718750 0.687500
vt 0.718750 0.718750
vt 0.750000 0.531250
vt 0.750000 0.593750
vt 0.781250 0.531250
vt 0.781250 0.562500
vt 0.781250 0.593750
vt 0.781250 0.625000
vt 0.812500 0.562500
vt 0.812500 0.593750
vt 0.812500 0.625000
vt 0.812500 0.656250
vt 0.843750 0.531250
vt 0.843750 0.593750
vt 0.843750 0.625000
vt 0.843750 0.656250
vt 0.812500 0.718750
vt 0.843750 0.687500
vt 0.656250 0.718750
vt 0.843750 0.718750
vt 0.875000 0.500000
vt 0.875000 0.750000
s 1
f 3135/3141/2951 3143/3142/2952 3142/3143/2953
f 3136/3144/2954 3144/3145/2955 3143/3142/2952
f 3137/3146/2956 3145/3147/2957 3144/3145/2955
f 3139/3148/2958 3145/3147/2957 3138/3149/2959
f 3140/3150/2960 3146/3151/2961 3139/3148/2958
f 3141/3152/2962 3147/3153/2963 3140/3150/2960
f 3142/3143/2953 3150/3154/2964 3149/3155/2965
f 3143/3142/2952 3151/3156/2966 3150/3154/2964
f 3144/3145/2955 3152/3157/2967 3151/3156/2966
f 3146/3151/2961 3152/3157/2967 3145/3147/2957
f 3147/3153/2963 3153/3158/2968 3146/3151/2961
f 3148/3159/2969 3154/3160/2970 3147/3153/2963
f 3149/3155/2965 3157/3161/2971 3156/3162/2972
f 3150/3154/2964 3158/3163/2973 3157/3161/2971
f 3151/3156/2966 3159/3164/2974 3158/3163/2973
f 3153/3158/2968 3159/3164/2974 3152/3157/2967
f 3154/3160/2970 3160/3165/2975 3153/3158/2968
f 3155/3166/2976 3161/3167/2977 3154/3160/2970
f 3157/3161/2971 3163/3168/2978 3156/3162/2972
f 3158/3163/2973 3164/3169/2979 3157/3161/2971
f 3159/3164/2974 3165/3170/2980 3158/3163/2973
f 3159/3164/2974 3167/3171/2981 3166/3172/2982
f 3160/3165/2975 3168/3173/2983 3167/3171/2981
f 3161/3167/2977 3169/3174/2984 3168/3173/2983
f 3164/3169/2979 3170/3175/2985 3163/3168/2978
f 3165/3170/2980 3171/3176/2986 3164/3169/2979
f 3166/3172/2982 3172/3177/2987 3165/3170/2980
f 3166/3172/2982 3174/3178/2988 3173/3179/2989
f 3167/3171/2981 3175/3180/2990 3174/3178/2988
f 3168/3173/2983 3176/3181/2991 3175/3180/2990
f 3171/3176/2986 3177/3182/2992 3170/3175/2985
f 3172/3177/2987 3178/3183/2993 3171/3176/2986
f 3173/3179/2989 3179/3184/2994 3172/3177/2987
f 3173/3179/2989 3181/3185/2995 3180/3186/2996
f 3174/3178/2988 3182/3187/2997 3181/3185/2995
f 3175/3180/2990 3183/3188/2998 3182/3187/2997
f 2951/3189/2999 3135/3141/2951 2973/3190/3000
f 2974/3191/3001 3136/3144/2954 3135/3141/2951
f 2975/3192/3002 3137/3146/2956 3136/3144/2954
f 2976/3193/3003 3138/3149/2959 3137/3146/2956
f 2978/3194/3004 3138/3149/2959 2977/3195/3005
f 2979/3196/3006 3139/3148/2958 2978/3194/3004
f 2980/3197/3007 3140/3150/2960 2979/3196/3006
f 2952/3198/3008 3141/3152/2962 2980/3197/3007
f 2981/3199/3009 3148/3159/2969 3141/3152/2962
f 2982/3200/3010 3155/3166/2976 3148/3159/2969
f 2983/3201/3011 3162/3202/3012 3155/3166/2976
f 3162/3202/3012 2985/3203/3013 3169/3174/2984
f 3169/3174/2984 2986/3204/3014 3176/3181/2991
f 3176/3181/2991 2987/3205/3015 3183/3188/2998
f 3183/3188/2998 2954/3206/3016 2988/3207/3017
f 3182/3187/2997 2988/3207/3017 2989/3208/3018
f 3181/3185/2995 2989/3208/3018 2990/3209/3019
f 3180/3186/2996 2990/3209/3019 2991/3210/3020
f 3180/3186/2996 2992/3211/3021 3179/3184/2994
f 3179/3184/2994 2993/3212/3022 3178/3183/2993
f 3178/3183/2993 2994/3213/3023 3177/3182/2992
f 3177/3182/2992 2953/3214/3024 2967/3215/3025
f 3170/3175/2985 2967/3215/3025 2968/3216/3026
f 3163/3168/2978 2968/3216/3026 2969/3217/3027
f 3156/3162/2972 2969/3217/3027 2970/3218/3028
f 2971/3219/3029 3156/3162/2972 2970/3218/3028
f 2972/3220/3030 3149/3155/2965 2971/3219/3029
f 2973/3190/3000 3142/3143/2953 2972/3220/3030
f 3184/3221/3031 3192/3222/3032 3191/3223/3033
f 3185/3224/3034 3193/3225/3035 3192/3222/3032
f 3186/3226/3036 3194/3227/3037 3193/3225/3035
f 3187/3228/3038 3195/3229/3039 3194/3227/3037
f 3188/3230/3040 3196/3231/3041 3195/3229/3039
f 3190/3232/3042 3196/3231/3041 3189/3233/3043
f 3191/3223/3033 3199/3234/3044 3198/3235/3045
f 3192/3222/3032 3200/3236/3046 3199/3234/3044
f 3193/3225/3035 3201/3237/3047 3200/3236/3046
f 3195/3229/3039 3201/3237/3047 3194/3227/3037
f 3196/3231/3041 3202/3238/3048 3195/3229/3039
f 3197/3239/3049 3203/3240/3050 3196/3231/3041
f 3198/3235/3045 3206/3241/3051 3205/3242/3052
f 3199/3234/3044 3207/3243/3053 3206/3241/3051
f 3200/3236/3046 3208/3244/3054 3207/3243/3053
f 3201/3237/3047 3209/3245/3055 3208/3244/3054
f 3203/3240/3050 3209/3245/3055 3202/3238/3048
f 3204/3246/3056 3210/3247/3057 3203/3240/3050
f 3206/3241/3051 3212/3248/3058 3205/3242/3052
f 3207/3243/3053 3213/3249/3059 3206/3241/3051
f 3207/3243/3053 3215/3250/3060 3214/3251/3061
f 3208/3244/3054 3216/3252/3062 3215/3250/3060
f 3209/3245/3055 3217/3253/3063 3216/3252/3062
f 3210/3247/3057 3218/3254/3064 3217/3253/3063
f 3213/3249/3059 3219/3255/3065 3212/3248/3058
f 3214/3251/3061 3220/3256/3066 3213/3249/3059
f 3214/3251/3061 3222/3257/3067 3221/3258/3068
f 3215/3250/3060 3223/3259/3069 3222/3257/3067
f 3216/3252/3062 3224/3260/3070 3223/3259/3069
f 3217/3253/3063 3225/3261/3071 3224/3260/3070
f 3220/3256/3066 3226/3262/3072 3219/3255/3065
f 3220/3256/3066 3228/3263/3073 3227/3264/3074
f 3221/3258/3068 3229/3265/3075 3228/3263/3073
f 3222/3257/3067 3230/3266/3076 3229/3265/3075
f 3223/3259/3069 3231/3267/3077 3230/3266/3076
f 3224/3260/3070 3232/3268/3078 3231/3267/3077
f 2953/3214/3024 3184/3221/3031 3001/3269/3079
f 2993/3212/3022 3184/3221/3031 2994/3213/3023
f 2992/3211/3021 3185/3224/3034 2993/3212/3022
f 2991/3210/3020 3186/3226/3036 2992/3211/3021
f 2991/3210/3020 3188/3230/3040 3187/3228/3038
f 2990/3209/3019 3189/3233/3043 3188/3230/3040
f 2989/3208/3018 3190/3232/3042 3189/3233/3043
f 2954/3206/3016 3190/3232/3042 2988/3207/3017
f 3002/3270/3080 3197/3239/3049 3190/3232/3042
f 3003/3271/3081 3204/3246/3056 3197/3239/3049
f 3004/3272/3082 3211/3273/3083 3204/3246/3056
f 3211/3273/3083 3006/3274/3084 3218/3254/3064
f 3218/3254/3064 3007/3275/3085 3225/3261/3071
f 3225/3261/3071 3008/3276/3086 3232/3268/3078
f 3232/3268/3078 2958/3277/3087 3009/3278/3088
f 3232/3268/3078 3010/3279/3089 3231/3267/3077
f 3231/3267/3077 3011/3280/3090 3230/3266/3076
f 3230/3266/3076 3012/3281/3091 3229/3265/3075
f 3228/3263/3073 3012/3281/3091 3013/3282/3092
f 3227/3264/3074 3013/3282/3092 3014/3283/3093
f 3226/3262/3072 3014/3283/3093 3015/3284/3094
f 3226/3262/3072 2957/3285/3095 2995/3286/3096
f 3219/3255/3065 2995/3286/3096 2996/3287/3097
f 3212/3248/3058 2996/3287/3097 2997/3288/3098
f 3205/3242/3052 2997/3288/3098 2998/3289/3099
f 2999/3290/3100 3205/3242/3052 2998/3289/3099
f 3000/3291/3101 3198/3235/3045 2999/3290/3100
f 3001/3269/3079 3191/3223/3033 3000/3291/3101
f 3233/3292/3102 3241/3293/3103 3240/3294/3104
f 3234/3295/3105 3242/3296/3106 3241/3293/3103
f 3235/3297/3107 3243/3298/3108 3242/3296/3106
f 3237/3299/3109 3243/3298/3108 3236/3300/3110
f 3238/3301/3111 3244/3302/3112 3237/3299/3109
f 3239/3303/3113 3245/3304/3114 3238/3301/3111
f 3240/3294/3104 3248/3305/3115 3247/3306/3116
f 3241/3293/3103 3249/3307/3117 3248/3305/3115
f 3242/3296/3106 3250/3308/3118 3249/3307/3117
f 3244/3302/3112 3250/3308/3118 3243/3298/3108
f 3245/3304/3114 3251/3309/3119 3244/3302/3112
f 3246/3310/3120 3252/3311/3121 3245/3304/3114
f 3247/3306/3116 3255/3312/3122 3254/3313/3123
f 3248/3305/3115 3256/3314/3124 3255/3312/3122
f 3249/3307/3117 3257/3315/3125 3256/3314/3124
f 3251/3309/3119 3257/3315/3125 3250/3308/3118
f 3252/3311/3121 3258/3316/3126 3251/3309/3119
f 3253/3317/3127 3259/3318/3128 3252/3311/3121
f 3255/3312/3122 3261/3319/3129 3254/3313/3123
f 3256/3314/3124 3262/3320/3130 3255/3312/3122
f 3257/3315/3125 3263/3321/3131 3256/3314/3124
f 3257/3315/3125 3265/3322/3132 3264/3323/3133
f 3258/3316/3126 3266/3324/3134 3265/3322/3132
f 3259/3318/3128 3267/3325/3135 3266/3324/3134
f 3262/3320/3130 3268/3326/3136 3261/3319/3129
f 3263/3321/3131 3269/3327/3137 3262/3320/3130
f 3264/3323/3133 3270/3328/3138 3263/3321/3131
f 3264/3323/3133 3272/3329/3139 3271/3330/3140
f 3265/3322/3132 3273/3331/3141 3272/3329/3139
f 3266/3324/3134 3274/3332/3142 3273/3331/3141
f 3269/3327/3137 3275/3333/3143 3268/3326/3136
f 3270/3328/3138 3276/3334/3144 3269/3327/3137
f 3271/3330/3140 3277/3335/3145 3270/3328/3138
f 3271/3330/3140 3279/3336/3146 3278/3337/3147
f 3272/3329/3139 3280/3338/3148 3279/3336/3146
f 3273/3331/3141 3281/3339/3149 3280/3338/3148
f 2957/3285/3095 3233/3292/3102 3022/3340/3150
f 3015/3284/3094 3234/3295/3105 3233/3292/3102
f 3014/3283/3093 3235/3297/3107 3234/3295/3105
f 3013/3282/3092 3236/3300/3110 3235/3297/3107
f 3011/3280/3090 3236/3300/3110 3012/3281/3091
f 3010/3279/3089 3237/3299/3109 3011/3280/3090
f 3009/3278/3088 3238/3301/3111 3010/3279/3089
f 2958/3277/3087 3239/3303/3113 3009/3278/3088
f 3023/3341/3151 3246/3310/3120 3239/3303/3113
f 3024/3342/3152 3253/3317/3127 3246/3310/3120
f 3025/3343/3153 3260/3344/3154 3253/3317/3127
f 3260/3344/3154 3027/3345/3155 3267/3325/3135
f 3267/3325/3135 3028/3346/3156 3274/3332/3142
f 3274/3332/3142 3029/3347/3157 3281/3339/3149
f 3281/3339/3149 2956/3348/3158 3030/3349/3159
f 3280/3338/3148 3030/3349/3159 3031/3350/3160
f 3279/3336/3146 3031/3350/3160 3032/3351/3161
f 3278/3337/3147 3032/3351/3161 3033/3352/3162
f 3278/3337/3147 3034/3353/3163 3277/3335/3145
f 3277/3335/3145 3035/3354/3164 3276/3334/3144
f 3276/3334/3144 3036/3355/3165 3275/3333/3143
f 3275/3333/3143 2955/3356/3166 3016/3357/3167
f 3268/3326/3136 3016/3357/3167 3017/3358/3168
f 3261/3319/3129 3017/3358/3168 3018/3359/3169
f 3254/3313/3123 3018/3359/3169 3019/3360/3170
f 3020/3361/3171 3254/3313/3123 3019/3360/3170
f 3021/3362/3172 3247/3306/3116 3020/3361/3171
f 3022/3340/3150 3240/3294/3104 3021/3362/3172
f 3282/3363/3173 3290/3364/3174 3289/3365/3175
f 3284/3366/3176 3290/3364/3174 3283/3367/3177
f 3285/3368/3178 3291/3369/3179 3284/3366/3176
f 3286/3370/3180 3292/3371/3181 3285/3368/3178
f 3287/3372/3182 3293/3373/3183 3286/3370/3180
f 3288/3374/3184 3294/3375/3185 3287/3372/3182
f 3289/3365/3175 3297/3376/3186 3296/3377/3187
f 3290/3364/3174 3298/3378/3188 3297/3376/3186
f 3291/3369/3179 3299/3379/3189 3298/3378/3188
f 3293/3373/3183 3299/3379/3189 3292/3371/3181
f 3294/3375/3185 3300/3380/3190 3293/3373/3183
f 3295/3381/3191 3301/3382/3192 3294/3375/3185
f 3296/3377/3187 3304/3383/3193 3303/3384/3194
f 3297/3376/3186 3305/3385/3195 3304/3383/3193
f 3299/3379/3189 3305/3385/3195 3298/3378/3188
f 3300/3380/3190 3306/3386/3196 3299/3379/3189
f 3301/3382/3192 3307/3387/3197 3300/3380/3190
f 3302/3388/3198 3308/3389/3199 3301/3382/3192
f 3304/3383/3193 3310/3390/3200 3303/3384/3194
f 3305/3385/3195 3311/3391/3201 3304/3383/3193
f 3306/3386/3196 3312/3392/3202 3305/3385/3195
f 3307/3387/3197 3313/3393/3203 3306/3386/3196
f 3307/3387/3197 3315/3394/3204 3314/3395/3205
f 3308/3389/3199 3316/3396/3206 3315/3394/3204
f 3311/3391/3201 3317/3397/3207 3310/3390/3200
f 3312/3392/3202 3318/3398/3208 3311/3391/3201
f 3313/3393/3203 3319/3399/3209 3312/3392/3202
f 3314/3395/3205 3320/3400/3210 3313/3393/3203
f 3314/3395/3205 3322/3401/3211 3321/3402/3212
f 3315/3394/3204 3323/3403/3213 3322/3401/3211
f 3318/3398/3208 3324/3404/3214 3317/3397/3207
f 3319/3399/3209 3325/3405/3215 3318/3398/3208
f 3320/3400/3210 3326/3406/3216 3319/3399/3209
f 3321/3402/3212 3327/3407/3217 3320/3400/3210
f 3322/3401/3211 3328/3408/3218 3321/3402/3212
f 3322/3401/3211 3330/3409/3219 3329/3410/3220
f 2955/3356/3166 3282/3363/3173 3043/3411/3221
f 3035/3354/3164 3282/3363/3173 3036/3355/3165
f 3034/3353/3163 3283/3367/3177 3035/3354/3164
f 3033/3352/3162 3284/3366/3176 3034/3353/3163
f 3033/3352/3162 3286/3370/3180 3285/3368/3178
f 3032/3351/3161 3287/3372/3182 3286/3370/3180
f 3031/3350/3160 3288/3374/3184 3287/3372/3182
f 2956/3348/3158 3288/3374/3184 3030/3349/3159
f 3044/3412/3222 3295/3381/3191 3288/3374/3184
f 3045/3413/3223 3302/3388/3198 3295/3381/3191
f 3046/3414/3224 3309/3415/3225 3302/3388/3198
f 3309/3415/3225 3048/3416/3226 3316/3396/3206
f 3316/3396/3206 3049/3417/3227 3323/3403/3213
f 3323/3403/3213 3050/3418/3228 3330/3409/3219
f 3330/3409/3219 2952/3419/3008 2980/3420/3007
f 3330/3409/3219 2979/3421/3006 3329/3410/3220
f 3329/3410/3220 2978/3422/3004 3328/3408/3218
f 3328/3408/3218 2977/3423/3005 3327/3407/3217
f 3326/3406/3216 2977/3423/3005 2976/3424/3003
f 3325/3405/3215 2976/3424/3003 2975/3425/3002
f 3324/3404/3214 2975/3425/3002 2974/3426/3001
f 3324/3404/3214 2951/3427/2999 3037/3428/3229
f 3317/3397/3207 3037/3428/3229 3038/3429/3230
f 3310/3390/3200 3038/3429/3230 3039/3430/3231
f 3303/3384/3194 3039/3430/3231 3040/3431/3232
f 3041/3432/3233 3303/3384/3194 3040/3431/3232
f 3042/3433/3234 3296/3377/3187 3041/3432/3233
f 3043/3411/3221 3289/3365/3175 3042/3433/3234
f 3332/3434/3235 3338/3435/3236 3331/3436/3237
f 3333/3437/3238 3339/3438/3239 3332/3434/3235
f 3333/3437/3238 3341/3439/3240 3340/3440/3241
f 3334/3441/3242 3342/3442/3243 3341/3439/3240
f 3335/3443/3244 3343/3444/3245 3342/3442/3243
f 3336/3445/3246 3344/3446/3247 3343/3444/3245
f 3339/3438/3239 3345/3447/3248 3338/3435/3236
f 3340/3440/3241 3346/3448/3249 3339/3438/3239
f 3340/3440/3241 3348/3449/3250 3347/3450/3251
f 3341/3439/3240 3349/3451/3252 3348/3449/3250
f 3342/3442/3243 3350/3452/3253 3349/3451/3252
f 3343/3444/3245 3351/3453/3254 3350/3452/3253
f 3346/3448/3249 3352/3454/3255 3345/3447/3248
f 3346/3448/3249 3354/3455/3256 3353/3456/3257
f 3347/3450/3251 3355/3457/3258 3354/3455/3256
f 3348/3449/3250 3356/3458/3259 3355/3457/3258
f 3349/3451/3252 3357/3459/3260 3356/3458/3259
f 3350/3452/3253 3358/3460/3261 3357/3459/3260
f 3352/3454/3255 3360/3461/3262 3359/3462/3263
f 3353/3456/3257 3361/3463/3264 3360/3461/3262
f 3354/3455/3256 3362/3464/3265 3361/3463/3264
f 3355/3457/3258 3363/3465/3266 3362/3464/3265
f 3356/3458/3259 3364/3466/3267 3363/3465/3266
f 3358/3460/3261 3364/3466/3267 3357/3459/3260
f 3359/3462/3263 3367/3467/3268 3366/3468/3269
f 3360/3461/3262 3368/3469/3270 3367/3467/3268
f 3361/3463/3264 3369/3470/3271 3368/3469/3270
f 3362/3464/3265 3370/3471/3272 3369/3470/3271
f 3363/3465/3266 3371/3472/3273 3370/3471/3272
f 3365/3473/3274 3371/3472/3273 3364/3466/3267
f 3366/3468/3269 3374/3474/3275 3373/3475/3276
f 3367/3467/3268 3375/3476/3277 3374/3474/3275
f 3368/3469/3270 3376/3477/3278 3375/3476/3277
f 3369/3470/3271 3377/3478/3279 3376/3477/3278
f 3371/3472/3273 3377/3478/3279 3370/3471/3272
f 3372/3479/3280 3378/3480/3281 3371/3472/3273
f 3001/3481/3079 2967/3482/3025 2953/3483/3024
f 3000/3484/3101 3331/3436/3237 3001/3481/3079
f 2999/3485/3100 3332/3434/3235 3000/3484/3101
f 2998/3486/3099 3333/3437/3238 2999/3485/3100
f 2998/3486/3099 3335/3443/3244 3334/3441/3242
f 2997/3487/3098 3336/3445/3246 3335/3443/3244
f 2996/3488/3097 3337/3489/3282 3336/3445/3246
f 2995/3490/3096 3022/3340/3150 3337/3489/3282
f 3337/3489/3282 3021/3362/3172 3344/3446/3247
f 3344/3446/3247 3020/3361/3171 3351/3453/3254
f 3351/3453/3254 3019/3360/3170 3358/3460/3261
f 3019/3360/3170 3365/3473/3274 3358/3460/3261
f 3018/3359/3169 3372/3479/3280 3365/3473/3274
f 3017/3358/3168 3379/3491/3283 3372/3479/3280
f 3016/3357/3167 3043/3492/3221 3379/3491/3283
f 3379/3491/3283 3042/3493/3234 3378/3480/3281
f 3378/3480/3281 3041/3494/3233 3377/3478/3279
f 3376/3477/3278 3041/3494/3233 3040/3495/3232
f 3375/3476/3277 3040/3495/3232 3039/3496/3231
f 3374/3474/3275 3039/3496/3231 3038/3497/3230
f 3373/3475/3276 3038/3497/3230 3037/3498/3229
f 2973/3499/3000 3037/3498/3229 2951/3500/2999
f 2972/3501/3030 3373/3475/3276 2973/3499/3000
f 2971/3502/3029 3366/3468/3269 2972/3501/3030
f 2970/3503/3028 3359/3462/3263 2971/3502/3029
f 3345/3447/3248 2970/3503/3028 2969/3504/3027
f 3338/3435/3236 2969/3504/3027 2968/3505/3026
f 3331/3436/3237 2968/3505/3026 2967/3482/3025
f 3381/3506/3284 3387/3507/3285 3380/3508/3286
f 3382/3509/3287 3388/3510/3288 3381/3506/3284
f 3383/3511/3289 3389/3512/3290 3382/3509/3287
f 3384/3513/3291 3390/3514/3292 3383/3511/3289
f 3384/3513/3291 3392/3515/3293 3391/3516/3294
f 3385/3517/3295 3393/3518/3296 3392/3515/3293
f 3388/3510/3288 3394/3519/3297 3387/3507/3285
f 3389/3512/3290 3395/3520/3298 3388/3510/3288
f 3390/3514/3292 3396/3521/3299 3389/3512/3290
f 3391/3516/3294 3397/3522/3300 3390/3514/3292
f 3391/3516/3294 3399/3523/3301 3398/3524/3302
f 3392/3515/3293 3400/3525/3303 3399/3523/3301
f 3395/3520/3298 3401/3526/3304 3394/3519/3297
f 3396/3521/3299 3402/3527/3305 3395/3520/3298
f 3397/3522/3300 3403/3528/3306 3396/3521/3299
f 3398/3524/3302 3404/3529/3307 3397/3522/3300
f 3399/3523/3301 3405/3530/3308 3398/3524/3302
f 3399/3523/3301 3407/3531/3309 3406/3532/3310
f 3401/3526/3304 3409/3533/3311 3408/3534/3312
f 3402/3527/3305 3410/3535/3313 3409/3533/3311
f 3404/3529/3307 3410/3535/3313 3403/3528/3306
f 3405/3530/3308 3411/3536/3314 3404/3529/3307
f 3406/3532/3310 3412/3537/3315 3405/3530/3308
f 3407/3531/3309 3413/3538/3316 3406/3532/3310
f 3408/3534/3312 3416/3539/3317 3415/3540/3318
f 3409/3533/3311 3417/3541/3319 3416/3539/3317
f 3411/3536/3314 3417/3541/3319 3410/3535/3313
f 3412/3537/3315 3418/3542/3320 3411/3536/3314
f 3413/3538/3316 3419/3543/3321 3412/3537/3315
f 3414/3544/3322 3420/3545/3323 3413/3538/3316
f 3415/3540/3318 3423/3546/3324 3422/3547/3325
f 3416/3539/3317 3424/3548/3326 3423/3546/3324
f 3417/3541/3319 3425/3549/3327 3424/3548/3326
f 3419/3543/3321 3425/3549/3327 3418/3542/3320
f 3420/3545/3323 3426/3550/3328 3419/3543/3321
f 3421/3551/3329 3427/3552/3330 3420/3545/3323
f 3008/3553/3086 3023/3341/3151 2958/3277/3087
f 3007/3554/3085 3380/3508/3286 3008/3553/3086
f 3006/3555/3084 3381/3506/3284 3007/3554/3085
f 3005/3556/3331 3382/3509/3287 3006/3555/3084
f 3004/3557/3082 3383/3511/3289 3005/3556/3331
f 3004/3557/3082 3385/3517/3295 3384/3513/3291
f 3003/3558/3081 3386/3559/3332 3385/3517/3295
f 3002/3560/3080 2987/3561/3015 3386/3559/3332
f 3386/3559/3332 2986/3562/3014 3393/3518/3296
f 3393/3518/3296 2985/3563/3013 3400/3525/3303
f 3400/3525/3303 2984/3564/3333 3407/3531/3309
f 2984/3564/3333 3414/3544/3322 3407/3531/3309
f 2983/3565/3011 3421/3551/3329 3414/3544/3322
f 2982/3566/3010 3428/3567/3334 3421/3551/3329
f 2981/3568/3009 3050/3569/3228 3428/3567/3334
f 3428/3567/3334 3049/3570/3227 3427/3552/3330
f 3427/3552/3330 3048/3571/3226 3426/3550/3328
f 3426/3550/3328 3047/3572/3335 3425/3549/3327
f 3424/3548/3326 3047/3572/3335 3046/3573/3224
f 3423/3546/3324 3046/3573/3224 3045/3574/3223
f 3422/3547/3325 3045/3574/3223 3044/3575/3222
f 3029/3347/3157 3044/3575/3222 2956/3348/3158
f 3028/3346/3156 3422/3547/3325 3029/3347/3157
f 3027/3345/3155 3415/3540/3318 3028/3346/3156
f 3026/3576/3336 3408/3534/3312 3027/3345/3155
f 3394/3519/3297 3026/3576/3336 3025/3343/3153
f 3387/3507/3285 3025/3343/3153 3024/3342/3152
f 3380/3508/3286 3024/3342/3152 3023/3341/3151
f 3429/3577/3337 3437/3578/3338 3436/3579/3339
f 3430/3580/3340 3438/3581/3341 3437/3578/3338
f 3431/3582/3342 3439/3583/3343 3438/3581/3341
f 3433/3584/3344 3439/3583/3343 3432/3585/3345
f 3434/3586/3346 3440/3587/3347 3433/3584/3344
f 3435/3588/3348 3441/3589/3349 3434/3586/3346
f 3436/3579/3339 3444/3590/3350 3443/3146/3351
f 3437/3578/3338 3445/3156/3352 3444/3590/3350
f 3438/3581/3341 3446/3163/3353 3445/3156/3352
f 3440/3587/3347 3446/3163/3353 3439/3583/3343
f 3441/3589/3349 3447/3591/3354 3440/3587/3347
f 3442/3592/3355 3448/3177/3356 3441/3589/3349
f 3443/3146/3351 3451/3593/3357 3450/3149/3358
f 3444/3590/3350 3452/3594/3359 3451/3593/3357
f 3445/3156/3352 3453/3164/3360 3452/3594/3359
f 3447/3591/3354 3453/3164/3360 3446/3163/3353
f 3448/3177/3356 3454/3595/3361 3447/3591/3354
f 3449/3184/3362 3455/3596/3363 3448/3177/3356
f 3451/3593/3357 3457/3148/3364 3450/3149/3358
f 3452/3594/3359 3458/3597/3365 3451/3593/3357
f 3453/3164/3360 3459/3158/3366 3452/3594/3359
f 3453/3164/3360 3461/3598/3367 3460/3599/3368
f 3454/3595/3361 3462/3600/3369 3461/3598/3367
f 3455/3596/3363 3463/3185/3370 3462/3600/3369
f 3458/3597/3365 3464/3601/3371 3457/3148/3364
f 3459/3158/3366 3465/3602/3372 3458/3597/3365
f 3460/3599/3368 3466/3603/3373 3459/3158/3366
f 3460/3599/3368 3468/3604/3374 3467/3167/3375
f 3461/3598/3367 3469/3605/3376 3468/3604/3374
f 3462/3600/3369 3470/3606/3377 3469/3605/3376
f 3465/3602/3372 3471/3607/3378 3464/3601/3371
f 3466/3603/3373 3472/3159/3379 3465/3602/3372
f 3467/3167/3375 3473/3166/3380 3466/3603/3373
f 3467/3167/3375 3475/3174/3381 3474/3202/3382
f 3468/3604/3374 3476/3608/3383 3475/3174/3381
f 3469/3605/3376 3477/3188/3384 3476/3608/3383
f 2959/3189/3385 3429/3577/3337 3058/3191/3386
f 3057/3190/3387 3430/3580/3340 3429/3577/3337
f 3056/3220/3388 3431/3582/3342 3430/3580/3340
f 3055/3219/3389 3432/3585/3345 3431/3582/3342
f 3053/3217/3390 3432/3585/3345 3054/3218/3391
f 3052/3216/3392 3433/3584/3344 3053/3217/3390
f 3051/3215/3393 3434/3586/3346 3052/3216/3392
f 2961/3214/3394 3435/3588/3348 3051/3215/3393
f 3078/3609/3395 3442/3592/3355 3435/3588/3348
f 3077/3610/3396 3449/3184/3362 3442/3592/3355
f 3076/3211/3397 3456/3611/3398 3449/3184/3362
f 3456/3611/3398 3074/3612/3399 3463/3185/3370
f 3463/3185/3370 3073/3613/3400 3470/3606/3377
f 3470/3606/3377 3072/3614/3401 3477/3188/3384
f 3477/3188/3384 2962/3206/3402 3071/3205/3403
f 3476/3608/3383 3071/3205/3403 3070/3204/3404
f 3475/3174/3381 3070/3204/3404 3069/3203/3405
f 3474/3202/3382 3069/3203/3405 3068/3615/3406
f 3474/3202/3382 3067/3201/3407 3473/3166/3380
f 3473/3166/3380 3066/3200/3408 3472/3159/3379
f 3472/3159/3379 3065/3199/3409 3471/3607/3378
f 3471/3607/3378 2960/3198/3410 3064/3197/3411
f 3464/3601/3371 3064/3197/3411 3063/3196/3412
f 3457/3148/3364 3063/3196/3412 3062/3194/3413
f 3450/3149/3358 3062/3194/3413 3061/3195/3414
f 3060/3193/3415 3450/3149/3358 3061/3195/3414
f 3059/3192/3416 3443/3146/3351 3060/3193/3415
f 3058/3191/3386 3436/3579/3339 3059/3192/3416
f 3478/3616/3417 3486/3617/3418 3485/3618/3419
f 3479/3619/3420 3487/3620/3421 3486/3617/3418
f 3480/3621/3422 3488/3622/3423 3487/3620/3421
f 3482/3623/3424 3488/3622/3423 3481/3624/3425
f 3483/3625/3426 3489/3626/3427 3482/3623/3424
f 3484/3627/3428 3490/3628/3429 3483/3625/3426
f 3485/3618/3419 3493/3225/3430 3492/3226/3431
f 3486/3617/3418 3494/3236/3432 3493/3225/3430
f 3487/3620/3421 3495/3629/3433 3494/3236/3432
f 3489/3626/3427 3495/3629/3433 3488/3622/3423
f 3490/3628/3429 3496/3251/3434 3489/3626/3427
f 3490/3628/3429 3498/3263/3435 3497/3630/3436
f 3492/3226/3431 3500/3631/3437 3499/3228/3438
f 3493/3225/3430 3501/3632/3439 3500/3631/3437
f 3494/3236/3432 3502/3244/3440 3501/3632/3439
f 3495/3629/3433 3503/3250/3441 3502/3244/3440
f 3496/3251/3434 3504/3633/3442 3503/3250/3441
f 3497/3630/3436 3505/3265/3443 3504/3633/3442
f 3499/3228/3438 3507/3634/3444 3506/3230/3445
f 3501/3632/3439 3507/3634/3444 3500/3631/3437
f 3501/3632/3439 3509/3635/3446 3508/3238/3447
f 3502/3244/3440 3510/3252/3448 3509/3635/3446
f 3503/3250/3441 3511/3636/3449 3510/3252/3448
f 3504/3633/3442 3512/3266/3450 3511/3636/3449
f 3506/3230/3445 3514/3637/3451 3513/3638/3452
f 3508/3238/3447 3514/3637/3451 3507/3634/3444
f 3509/3635/3446 3515/3639/3453 3508/3238/3447
f 3509/3635/3446 3517/3640/3454 3516/3247/3455
f 3510/3252/3448 3518/3641/3456 3517/3640/3454
f 3511/3636/3449 3519/3642/3457 3518/3641/3456
f 3514/3637/3451 3520/3643/3458 3513/3638/3452
f 3515/3639/3453 3521/3644/3459 3514/3637/3451
f 3516/3247/3455 3522/3645/3460 3515/3639/3453
f 3516/3247/3455 3524/3254/3461 3523/3273/3462
f 3517/3640/3454 3525/3646/3463 3524/3254/3461
f 3518/3641/3456 3526/3268/3464 3525/3646/3463
f 2961/3214/3394 3478/3616/3417 3078/3609/3395
f 3085/3269/3465 3479/3619/3420 3478/3616/3417
f 3084/3291/3466 3480/3621/3422 3479/3619/3420
f 3083/3290/3467 3481/3624/3425 3480/3621/3422
f 3081/3288/3468 3481/3624/3425 3082/3289/3469
f 3080/3287/3470 3482/3623/3424 3081/3288/3468
f 3079/3286/3471 3483/3625/3426 3080/3287/3470
f 2965/3285/3472 3484/3627/3428 3079/3286/3471
f 3484/3627/3428 3098/3647/3473 3491/3648/3474
f 3491/3648/3474 3097/3282/3475 3498/3263/3435
f 3498/3263/3435 3096/3281/3476 3505/3265/3443
f 3096/3281/3476 3512/3266/3450 3505/3265/3443
f 3095/3649/3477 3519/3642/3457 3512/3266/3450
f 3094/3650/3478 3526/3268/3464 3519/3642/3457
f 3526/3268/3464 2966/3277/3479 3092/3276/3480
f 3525/3646/3463 3092/3276/3480 3091/3275/3481
f 3524/3254/3461 3091/3275/3481 3090/3274/3482
f 3523/3273/3462 3090/3274/3482 3089/3651/3483
f 3523/3273/3462 3088/3272/3484 3522/3645/3460
f 3522/3645/3460 3087/3271/3485 3521/3644/3459
f 3521/3644/3459 3086/3270/3486 3520/3643/3458
f 3520/3643/3458 2962/3206/3402 3072/3614/3401
f 3073/3613/3400 3520/3643/3458 3072/3614/3401
f 3074/3612/3399 3513/3638/3452 3073/3613/3400
f 3075/3210/3487 3506/3230/3445 3074/3612/3399
f 3492/3226/3431 3075/3210/3487 3076/3211/3397
f 3485/3618/3419 3076/3211/3397 3077/3610/3396
f 3478/3616/3417 3077/3610/3396 3078/3609/3395
f 3527/3652/3488 3535/3653/3489 3534/3654/3490
f 3528/3655/3491 3536/3656/3492 3535/3653/3489
f 3529/3657/3493 3537/3658/3494 3536/3656/3492
f 3531/3319/3495 3537/3658/3494 3530/3659/3496
f 3532/3660/3497 3538/3661/3498 3531/3319/3495
f 3533/3662/3499 3539/3663/3500 3532/3660/3497
f 3534/3654/3490 3542/3664/3501 3541/3297/3502
f 3535/3653/3489 3543/3665/3503 3542/3664/3501
f 3536/3656/3492 3544/3666/3504 3543/3665/3503
f 3538/3661/3498 3544/3666/3504 3537/3658/3494
f 3539/3663/3500 3545/3321/3505 3538/3661/3498
f 3540/3667/3506 3546/3328/3507 3539/3663/3500
f 3541/3297/3502 3549/3298/3508 3548/3668/3509
f 3542/3664/3501 3550/3669/3510 3549/3298/3508
f 3543/3665/3503 3551/3315/3511 3550/3669/3510
f 3545/3321/3505 3551/3315/3511 3544/3666/3504
f 3546/3328/3507 3552/3323/3512 3545/3321/3505
f 3547/3335/3513 3553/3330/3514 3546/3328/3507
f 3549/3298/3508 3555/3299/3515 3548/3668/3509
f 3550/3669/3510 3556/3670/3516 3549/3298/3508
f 3551/3315/3511 3557/3671/3517 3550/3669/3510
f 3551/3315/3511 3559/3322/3518 3558/3672/3519
f 3552/3323/3512 3560/3673/3520 3559/3322/3518
f 3553/3330/3514 3561/3336/3521 3560/3673/3520
f 3556/3670/3516 3562/3674/3522 3555/3299/3515
f 3557/3671/3517 3563/3304/3523 3556/3670/3516
f 3558/3672/3519 3564/3675/3524 3557/3671/3517
f 3558/3672/3519 3566/3676/3525 3565/3318/3526
f 3559/3322/3518 3567/3677/3527 3566/3676/3525
f 3560/3673/3520 3568/3678/3528 3567/3677/3527
f 3563/3304/3523 3569/3679/3529 3562/3674/3522
f 3564/3675/3524 3570/3680/3530 3563/3304/3523
f 3565/3318/3526 3571/3681/3531 3564/3675/3524
f 3565/3318/3526 3573/3682/3532 3572/3683/3533
f 3566/3676/3525 3574/3684/3534 3573/3682/3532
f 3567/3677/3527 3575/3339/3535 3574/3684/3534
f 2965/3285/3472 3527/3652/3488 3099/3685/3536
f 3106/3340/3537 3528/3655/3491 3527/3652/3488
f 3105/3362/3538 3529/3657/3493 3528/3655/3491
f 3104/3686/3539 3530/3659/3496 3529/3657/3493
f 3102/3687/3540 3530/3659/3496 3103/3360/3541
f 3101/3358/3542 3531/3319/3495 3102/3687/3540
f 3100/3357/3543 3532/3660/3497 3101/3358/3542
f 2963/3356/3544 3533/3662/3499 3100/3357/3543
f 3120/3688/3545 3540/3667/3506 3533/3662/3499
f 3119/3689/3546 3547/3335/3513 3540/3667/3506
f 3118/3353/3547 3554/3690/3548 3547/3335/3513
f 3554/3690/3548 3116/3691/3549 3561/3336/3521
f 3561/3336/3521 3115/3692/3550 3568/3678/3528
f 3568/3678/3528 3114/3349/3551 3575/3339/3535
f 3575/3339/3535 2964/3348/3552 3113/3347/3553
f 3574/3684/3534 3113/3347/3553 3112/3346/3554
f 3573/3682/3532 3112/3346/3554 3111/3693/3555
f 3572/3683/3533 3111/3693/3555 3110/3576/3556
f 3572/3683/3533 3109/3694/3557 3571/3681/3531
f 3571/3681/3531 3108/3342/3558 3570/3680/3530
f 3570/3680/3530 3107/3341/3559 3569/3679/3529
f 3569/3679/3529 2966/3277/3479 3093/3278/3560
f 3562/3674/3522 3093/3278/3560 3094/3650/3478
f 3555/3299/3515 3094/3650/3478 3095/3649/3477
f 3548/3668/3509 3095/3649/3477 3096/3281/3476
f 3097/3282/3475 3548/3668/3509 3096/3281/3476
f 3098/3647/3473 3541/3297/3502 3097/3282/3475
f 3099/3685/3536 3534/3654/3490 3098/3647/3473
f 3576/3695/3561 3584/3696/3562 3583/3697/3563
f 3577/3698/3564 3585/3699/3565 3584/3696/3562
f 3578/3700/3566 3586/3701/3567 3585/3699/3565
f 3580/3390/3568 3586/3701/3567 3579/3702/3569
f 3581/3703/3570 3587/3704/3571 3580/3390/3568
f 3582/3705/3572 3588/3706/3573 3581/3703/3570
f 3584/3696/3562 3590/3366/3574 3583/3697/3563
f 3584/3696/3562 3592/3707/3575 3591/3708/3576
f 3585/3699/3565 3593/3385/3577 3592/3707/3575
f 3587/3704/3571 3593/3385/3577 3586/3701/3567
f 3588/3706/3573 3594/3709/3578 3587/3704/3571
f 3589/3710/3579 3595/3399/3580 3588/3706/3573
f 3591/3708/3576 3597/3368/3581 3590/3366/3574
f 3591/3708/3576 3599/3379/3582 3598/3711/3583
f 3593/3385/3577 3599/3379/3582 3592/3707/3575
f 3594/3709/3578 3600/3386/3584 3593/3385/3577
f 3595/3399/3580 3601/3712/3585 3594/3709/3578
f 3596/3713/3586 3602/3714/3587 3595/3399/3580
f 3598/3711/3583 3604/3370/3588 3597/3368/3581
f 3599/3379/3582 3605/3715/3589 3598/3711/3583
f 3600/3386/3584 3606/3716/3590 3599/3379/3582
f 3601/3712/3585 3607/3717/3591 3600/3386/3584
f 3602/3714/3587 3608/3718/3592 3601/3712/3585
f 3603/3407/3593 3609/3719/3594 3602/3714/3587
f 3605/3715/3589 3611/3720/3595 3604/3370/3588
f 3606/3716/3590 3612/3721/3596 3605/3715/3589
f 3607/3717/3591 3613/3722/3597 3606/3716/3590
f 3607/3717/3591 3615/3723/3598 3614/3389/3599
f 3608/3718/3592 3616/3724/3600 3615/3723/3598
f 3610/3725/3601 3616/3724/3600 3609/3719/3594
f 3612/3721/3596 3618/3726/3602 3611/3720/3595
f 3613/3722/3597 3619/3381/3603 3612/3721/3596
f 3614/3389/3599 3620/3388/3604 3613/3722/3597
f 3614/3389/3599 3622/3727/3605 3621/3415/3606
f 3615/3723/3598 3623/3728/3607 3622/3727/3605
f 3616/3724/3600 3624/3729/3608 3623/3728/3607
f 2963/3356/3544 3576/3695/3561 3120/3688/3545
f 3127/3411/3609 3577/3698/3564 3576/3695/3561
f 3126/3433/3610 3578/3700/3566 3577/3698/3564
f 3125/3432/3611 3579/3702/3569 3578/3700/3566
f 3123/3430/3612 3579/3702/3569 3124/3431/3613
f 3122/3429/3614 3580/3390/3568 3123/3430/3612
f 3121/3428/3615 3581/3703/3570 3122/3429/3614
f 2959/3427/3385 3582/3705/3572 3121/3428/3615
f 3582/3705/3572 3059/3425/3416 3589/3710/3579
f 3589/3710/3579 3060/3424/3415 3596/3713/3586
f 3596/3713/3586 3061/3423/3414 3603/3407/3593
f 3061/3423/3414 3610/3725/3601 3603/3407/3593
f 3062/3422/3413 3617/3730/3616 3610/3725/3601
f 3063/3421/3412 3624/3729/3608 3617/3730/3616
f 3624/3729/3608 2960/3419/3410 3134/3418/3617
f 3623/3728/3607 3134/3418/3617 3133/3417/3618
f 3622/3727/3605 3133/3417/3618 3132/3416/3619
f 3621/3415/3606 3132/3416/3619 3131/3731/3620
f 3621/3415/3606 3130/3414/3621 3620/3388/3604
f 3620/3388/3604 3129/3413/3622 3619/3381/3603
f 3619/3381/3603 3128/3412/3623 3618/3726/3602
f 3618/3726/3602 2964/3348/3552 3114/3349/3551
f 3115/3692/3550 3618/3726/3602 3114/3349/3551
f 3116/3691/3549 3611/3720/3595 3115/3692/3550
f 3117/3352/3624 3604/3370/3588 3116/3691/3549
f 3590/3366/3574 3117/3352/3624 3118/3353/3547
f 3583/3697/3563 3118/3353/3547 3119/3689/3546
f 3576/3695/3561 3119/3689/3546 3120/3688/3545
f 3626/3732/3625 3632/3733/3626 3625/3734/3627
f 3627/3735/3628 3633/3736/3629 3626/3732/3625
f 3628/3737/3630 3634/3738/3631 3627/3735/3628
f 3628/3737/3630 3636/3461/3632 3635/3739/3633
f 3629/3740/3634 3637/3741/3635 3636/3461/3632
f 3630/3742/3636 3638/3743/3637 3637/3741/3635
f 3633/3736/3629 3639/3744/3638 3632/3733/3626
f 3634/3738/3631 3640/3745/3639 3633/3736/3629
f 3634/3738/3631 3642/3746/3640 3641/3747/3641
f 3635/3739/3633 3643/3463/3642 3642/3746/3640
f 3636/3461/3632 3644/3748/3643 3643/3463/3642
f 3637/3741/3635 3645/3749/3644 3644/3748/3643
f 3639/3744/3638 3647/3439/3645 3646/3441/3646
f 3640/3745/3639 3648/3750/3647 3647/3439/3645
f 3641/3747/3641 3649/3457/3648 3648/3750/3647
f 3642/3746/3640 3650/3464/3649 3649/3457/3648
f 3643/3463/3642 3651/3470/3650 3650/3464/3649
f 3644/3748/3643 3652/3477/3651 3651/3470/3650
f 3646/3441/3646 3654/3751/3652 3653/3752/3653
f 3647/3439/3645 3655/3753/3654 3654/3751/3652
f 3648/3750/3647 3656/3754/3655 3655/3753/3654
f 3649/3457/3648 3657/3465/3656 3656/3754/3655
f 3650/3464/3649 3658/3471/3657 3657/3465/3656
f 3651/3470/3650 3659/3755/3658 3658/3471/3657
f 3653/3752/3653 3661/3756/3659 3660/3445/3660
f 3654/3751/3652 3662/3757/3661 3661/3756/3659
f 3655/3753/3654 3663/3758/3662 3662/3757/3661
f 3656/3754/3655 3664/3466/3663 3663/3758/3662
f 3657/3465/3656 3665/3472/3664 3664/3466/3663
f 3659/3755/3658 3665/3472/3664 3658/3471/3657
f 3660/3445/3660 3668/3759/3665 3667/3489/3666
f 3661/3756/3659 3669/3760/3667 3668/3759/3665
f 3662/3757/3661 3670/3761/3668 3669/3760/3667
f 3664/3466/3663 3670/3761/3668 3663/3758/3662
f 3665/3472/3664 3671/3473/3669 3664/3466/3663
f 3666/3762/3670 3672/3479/3671 3665/3472/3664
f 3051/3482/3393 3085/3481/3465 2961/3483/3394
f 3052/3505/3392 3625/3734/3627 3051/3482/3393
f 3053/3504/3390 3626/3732/3625 3052/3505/3392
f 3054/3503/3391 3627/3735/3628 3053/3504/3390
f 3054/3503/3391 3629/3740/3634 3628/3737/3630
f 3055/3502/3389 3630/3742/3636 3629/3740/3634
f 3056/3501/3388 3631/3763/3672 3630/3742/3636
f 3057/3499/3387 3121/3498/3615 3631/3763/3672
f 3631/3763/3672 3122/3497/3614 3638/3743/3637
f 3638/3743/3637 3123/3496/3612 3645/3749/3644
f 3645/3749/3644 3124/3495/3613 3652/3477/3651
f 3652/3477/3651 3125/3494/3611 3659/3755/3658
f 3125/3494/3611 3666/3762/3670 3659/3755/3658
f 3126/3493/3610 3673/3491/3673 3666/3762/3670
f 3127/3492/3609 3100/3357/3543 3673/3491/3673
f 3673/3491/3673 3101/3358/3542 3672/3479/3671
f 3672/3479/3671 3102/3687/3540 3671/3473/3669
f 3671/3473/3669 3103/3360/3541 3670/3761/3668
f 3669/3760/3667 3103/3360/3541 3104/3686/3539
f 3668/3759/3665 3104/3686/3539 3105/3362/3538
f 3667/3489/3666 3105/3362/3538 3106/3340/3537
f 3079/3490/3471 3106/3340/3537 2965/3285/3472
f 3080/3488/3470 3667/3489/3666 3079/3490/3471
f 3081/3487/3468 3660/3445/3660 3080/3488/3470
f 3082/3486/3469 3653/3752/3653 3081/3487/3468
f 3639/3744/3638 3082/3486/3469 3083/3485/3467
f 3632/3733/3626 3083/3485/3467 3084/3484/3466
f 3625/3734/3627 3084/3484/3466 3085/3481/3465
f 3675/3764/3674 3681/3765/3675 3674/3508/3676
f 3676/3766/3677 3682/3510/3678 3675/3764/3674
f 3677/3767/3679 3683/3768/3680 3676/3766/3677
f 3677/3767/3679 3685/3533/3681 3684/3527/3682
f 3678/3534/3683 3686/3539/3684 3685/3533/3681
f 3679/3540/3685 3687/3546/3686 3686/3539/3684
f 3682/3510/3678 3688/3769/3687 3681/3765/3675
f 3683/3768/3680 3689/3770/3688 3682/3510/3678
f 3684/3527/3682 3690/3771/3689 3683/3768/3680
f 3684/3527/3682 3692/3535/3690 3691/3772/3691
f 3685/3533/3681 3693/3773/3692 3692/3535/3690
f 3686/3539/3684 3694/3774/3693 3693/3773/3692
f 3689/3770/3688 3695/3775/3694 3688/3769/3687
f 3690/3771/3689 3696/3514/3695 3689/3770/3688
f 3691/3772/3691 3697/3776/3696 3690/3771/3689
f 3692/3535/3690 3698/3529/3697 3691/3772/3691
f 3693/3773/3692 3699/3536/3698 3692/3535/3690
f 3693/3773/3692 3701/3549/3699 3700/3542/3700
f 3696/3514/3695 3702/3777/3701 3695/3775/3694
f 3697/3776/3696 3703/3778/3702 3696/3514/3695
f 3698/3529/3697 3704/3779/3703 3697/3776/3696
f 3699/3536/3698 3705/3780/3704 3698/3529/3697
f 3700/3542/3700 3706/3537/3705 3699/3536/3698
f 3701/3549/3699 3707/3543/3706 3700/3542/3700
f 3702/3777/3701 3710/3781/3707 3709/3517/3708
f 3703/3778/3702 3711/3782/3709 3710/3781/3707
f 3705/3780/3704 3711/3782/3709 3704/3779/3703
f 3706/3537/3705 3712/3783/3710 3705/3780/3704
f 3707/3543/3706 3713/3784/3711 3706/3537/3705
f 3708/3550/3712 3714/3545/3713 3707/3543/3706
f 3709/3517/3708 3717/3518/3714 3716/3785/3715
f 3710/3781/3707 3718/3786/3716 3717/3518/3714
f 3711/3782/3709 3719/3787/3717 3718/3786/3716
f 3713/3784/3711 3719/3787/3717 3712/3783/3710
f 3714/3545/3713 3720/3788/3718 3713/3784/3711
f 3715/3789/3719 3721/3790/3720 3714/3545/3713
f 3107/3341/3559 3092/3553/3480 2966/3277/3479
f 3108/3342/3558 3674/3508/3676 3107/3341/3559
f 3109/3694/3557 3675/3764/3674 3108/3342/3558
f 3110/3576/3556 3676/3766/3677 3109/3694/3557
f 3110/3576/3556 3678/3534/3683 3677/3767/3679
f 3111/3693/3555 3679/3540/3685 3678/3534/3683
f 3112/3346/3554 3680/3791/3721 3679/3540/3685
f 3113/3347/3553 3128/3575/3623 3680/3791/3721
f 3680/3791/3721 3129/3574/3622 3687/3546/3686
f 3687/3546/3686 3130/3573/3621 3694/3774/3693
f 3694/3774/3693 3131/3572/3620 3701/3549/3699
f 3131/3572/3620 3708/3550/3712 3701/3549/3699
f 3132/3571/3619 3715/3789/3719 3708/3550/3712
f 3133/3570/3618 3722/3792/3722 3715/3789/3719
f 3134/3569/3617 3065/3568/3409 3722/3792/3722
f 3722/3792/3722 3066/3566/3408 3721/3790/3720
f 3721/3790/3720 3067/3565/3407 3720/3788/3718
f 3720/3788/3718 3068/3564/3406 3719/3787/3717
f 3718/3786/3716 3068/3564/3406 3069/3563/3405
f 3717/3518/3714 3069/3563/3405 3070/3562/3404
f 3716/3785/3715 3070/3562/3404 3071/3561/3403
f 3086/3560/3486 3071/3561/3403 2962/3793/3402
f 3087/3558/3485 3716/3785/3715 3086/3560/3486
f 3088/3557/3484 3709/3517/3708 3087/3558/3485
f 3695/3775/3694 3088/3557/3484 3089/3556/3483
f 3688/3769/3687 3089/3556/3483 3090/3555/3482
f 3681/3765/3675 3090/3555/3482 3091/3554/3481
f 3674/3508/3676 3091/3554/3481 3092/3553/3480
f 3135/3141/2951 3136/3144/2954 3143/3142/2952
f 3136/3144/2954 3137/3146/2956 3144/3145/2955
f 3137/3146/2956 3138/3149/2959 3145/3147/2957
f 3139/3148/2958 3146/3151/2961 3145/3147/2957
f 3140/3150/2960 3147/3153/2963 3146/3151/2961
f 3141/3152/2962 3148/3159/2969 3147/3153/2963
f 3142/3143/2953 3143/3142/2952 3150/3154/2964
f 3143/3142/2952 3144/3145/2955 3151/3156/2966
f 3144/3145/2955 3145/3147/2957 3152/3157/2967
f 3146/3151/2961 3153/3158/2968 3152/3157/2967
f 3147/3153/2963 3154/3160/2970 3153/3158/2968
f 3148/3159/2969 3155/3166/2976 3154/3160/2970
f 3149/3155/2965 3150/3154/2964 3157/3161/2971
f 3150/3154/2964 3151/3156/2966 3158/3163/2973
f 3151/3156/2966 3152/3157/2967 3159/3164/2974
f 3153/3158/2968 3160/3165/2975 3159/3164/2974
f 3154/3160/2970 3161/3167/2977 3160/3165/2975
f 3155/3166/2976 3162/3202/3012 3161/3167/2977
f 3157/3161/2971 3164/3169/2979 3163/3168/2978
f 3158/3163/2973 3165/3170/2980 3164/3169/2979
f 3159/3164/2974 3166/3172/2982 3165/3170/2980
f 3159/3164/2974 3160/3165/2975 3167/3171/2981
f 3160/3165/2975 3161/3167/2977 3168/3173/2983
f 3161/3167/2977 3162/3202/3012 3169/3174/2984
f 3164/3169/2979 3171/3176/2986 3170/3175/2985
f 3165/3170/2980 3172/3177/2987 3171/3176/2986
f 3166/3172/2982 3173/3179/2989 3172/3177/2987
f 3166/3172/2982 3167/3171/2981 3174/3178/2988
f 3167/3171/2981 3168/3173/2983 3175/3180/2990
f 3168/3173/2983 3169/3174/2984 3176/3181/2991
f 3171/3176/2986 3178/3183/2993 3177/3182/2992
f 3172/3177/2987 3179/3184/2994 3178/3183/2993
f 3173/3179/2989 3180/3186/2996 3179/3184/2994
f 3173/3179/2989 3174/3178/2988 3181/3185/2995
f 3174/3178/2988 3175/3180/2990 3182/3187/2997
f 3175/3180/2990 3176/3181/2991 3183/3188/2998
f 2951/3189/2999 2974/3191/3001 3135/3141/2951
f 2974/3191/3001 2975/3192/3002 3136/3144/2954
f 2975/3192/3002 2976/3193/3003 3137/3146/2956
f 2976/3193/3003 2977/3195/3005 3138/3149/2959
f 2978/3194/3004 3139/3148/2958 3138/3149/2959
f 2979/3196/3006 3140/3150/2960 3139/3148/2958
f 2980/3197/3007 3141/3152/2962 3140/3150/2960
f 2952/3198/3008 2981/3199/3009 3141/3152/2962
f 2981/3199/3009 2982/3200/3010 3148/3159/2969
f 2982/3200/3010 2983/3201/3011 3155/3166/2976
f 2983/3201/3011 2984/3615/3333 3162/3202/3012
f 3162/3202/3012 2984/3615/3333 2985/3203/3013
f 3169/3174/2984 2985/3203/3013 2986/3204/3014
f 3176/3181/2991 2986/3204/3014 2987/3205/3015
f 3183/3188/2998 2987/3205/3015 2954/3206/3016
f 3182/3187/2997 3183/3188/2998 2988/3207/3017
f 3181/3185/2995 3182/3187/2997 2989/3208/3018
f 3180/3186/2996 3181/3185/2995 2990/3209/3019
f 3180/3186/2996 2991/3210/3020 2992/3211/3021
f 3179/3184/2994 2992/3211/3021 2993/3212/3022
f 3178/3183/2993 2993/3212/3022 2994/3213/3023
f 3177/3182/2992 2994/3213/3023 2953/3214/3024
f 3170/3175/2985 3177/3182/2992 2967/3215/3025
f 3163/3168/2978 3170/3175/2985 2968/3216/3026
f 3156/3162/2972 3163/3168/2978 2969/3217/3027
f 2971/3219/3029 3149/3155/2965 3156/3162/2972
f 2972/3220/3030 3142/3143/2953 3149/3155/2965
f 2973/3190/3000 3135/3141/2951 3142/3143/2953
f 3184/3221/3031 3185/3224/3034 3192/3222/3032
f 3185/3224/3034 3186/3226/3036 3193/3225/3035
f 3186/3226/3036 3187/3228/3038 3194/3227/3037
f 3187/3228/3038 3188/3230/3040 3195/3229/3039
f 3188/3230/3040 3189/3233/3043 3196/3231/3041
f 3190/3232/3042 3197/3239/3049 3196/3231/3041
f 3191/3223/3033 3192/3222/3032 3199/3234/3044
f 3192/3222/3032 3193/3225/3035 3200/3236/3046
f 3193/3225/3035 3194/3227/3037 3201/3237/3047
f 3195/3229/3039 3202/3238/3048 3201/3237/3047
f 3196/3231/3041 3203/3240/3050 3202/3238/3048
f 3197/3239/3049 3204/3246/3056 3203/3240/3050
f 3198/3235/3045 3199/3234/3044 3206/3241/3051
f 3199/3234/3044 3200/3236/3046 3207/3243/3053
f 3200/3236/3046 3201/3237/3047 3208/3244/3054
f 3201/3237/3047 3202/3238/3048 3209/3245/3055
f 3203/3240/3050 3210/3247/3057 3209/3245/3055
f 3204/3246/3056 3211/3273/3083 3210/3247/3057
f 3206/3241/3051 3213/3249/3059 3212/3248/3058
f 3207/3243/3053 3214/3251/3061 3213/3249/3059
f 3207/3243/3053 3208/3244/3054 3215/3250/3060
f 3208/3244/3054 3209/3245/3055 3216/3252/3062
f 3209/3245/3055 3210/3247/3057 3217/3253/3063
f 3210/3247/3057 3211/3273/3083 3218/3254/3064
f 3213/3249/3059 3220/3256/3066 3219/3255/3065
f 3214/3251/3061 3221/3258/3068 3220/3256/3066
f 3214/3251/3061 3215/3250/3060 3222/3257/3067
f 3215/3250/3060 3216/3252/3062 3223/3259/3069
f 3216/3252/3062 3217/3253/3063 3224/3260/3070
f 3217/3253/3063 3218/3254/3064 3225/3261/3071
f 3220/3256/3066 3227/3264/3074 3226/3262/3072
f 3220/3256/3066 3221/3258/3068 3228/3263/3073
f 3221/3258/3068 3222/3257/3067 3229/3265/3075
f 3222/3257/3067 3223/3259/3069 3230/3266/3076
f 3223/3259/3069 3224/3260/3070 3231/3267/3077
f 3224/3260/3070 3225/3261/3071 3232/3268/3078
f 2953/3214/3024 2994/3213/3023 3184/3221/3031
f 2993/3212/3022 3185/3224/3034 3184/3221/3031
f 2992/3211/3021 3186/3226/3036 3185/3224/3034
f 2991/3210/3020 3187/3228/3038 3186/3226/3036
f 2991/3210/3020 2990/3209/3019 3188/3230/3040
f 2990/3209/3019 2989/3208/3018 3189/3233/3043
f 2989/3208/3018 2988/3207/3017 3190/3232/3042
f 2954/3206/3016 3002/3270/3080 3190/3232/3042
f 3002/3270/3080 3003/3271/3081 3197/3239/3049
f 3003/3271/3081 3004/3272/3082 3204/3246/3056
f 3004/3272/3082 3005/3651/3331 3211/3273/3083
f 3211/3273/3083 3005/3651/3331 3006/3274/3084
f 3218/3254/3064 3006/3274/3084 3007/3275/3085
f 3225/3261/3071 3007/3275/3085 3008/3276/3086
f 3232/3268/3078 3008/3276/3086 2958/3277/3087
f 3232/3268/3078 3009/3278/3088 3010/3279/3089
f 3231/3267/3077 3010/3279/3089 3011/3280/3090
f 3230/3266/3076 3011/3280/3090 3012/3281/3091
f 3228/3263/3073 3229/3265/3075 3012/3281/3091
f 3227/3264/3074 3228/3263/3073 3013/3282/3092
f 3226/3262/3072 3227/3264/3074 3014/3283/3093
f 3226/3262/3072 3015/3284/3094 2957/3285/3095
f 3219/3255/3065 3226/3262/3072 2995/3286/3096
f 3212/3248/3058 3219/3255/3065 2996/3287/3097
f 3205/3242/3052 3212/3248/3058 2997/3288/3098
f 2999/3290/3100 3198/3235/3045 3205/3242/3052
f 3000/3291/3101 3191/3223/3033 3198/3235/3045
f 3001/3269/3079 3184/3221/3031 3191/3223/3033
f 3233/3292/3102 3234/3295/3105 3241/3293/3103
f 3234/3295/3105 3235/3297/3107 3242/3296/3106
f 3235/3297/3107 3236/3300/3110 3243/3298/3108
f 3237/3299/3109 3244/3302/3112 3243/3298/3108
f 3238/3301/3111 3245/3304/3114 3244/3302/3112
f 3239/3303/3113 3246/3310/3120 3245/3304/3114
f 3240/3294/3104 3241/3293/3103 3248/3305/3115
f 3241/3293/3103 3242/3296/3106 3249/3307/3117
f 3242/3296/3106 3243/3298/3108 3250/3308/3118
f 3244/3302/3112 3251/3309/3119 3250/3308/3118
f 3245/3304/3114 3252/3311/3121 3251/3309/3119
f 3246/3310/3120 3253/3317/3127 3252/3311/3121
f 3247/3306/3116 3248/3305/3115 3255/3312/3122
f 3248/3305/3115 3249/3307/3117 3256/3314/3124
f 3249/3307/3117 3250/3308/3118 3257/3315/3125
f 3251/3309/3119 3258/3316/3126 3257/3315/3125
f 3252/3311/3121 3259/3318/3128 3258/3316/3126
f 3253/3317/3127 3260/3344/3154 3259/3318/3128
f 3255/3312/3122 3262/3320/3130 3261/3319/3129
f 3256/3314/3124 3263/3321/3131 3262/3320/3130
f 3257/3315/3125 3264/3323/3133 3263/3321/3131
f 3257/3315/3125 3258/3316/3126 3265/3322/3132
f 3258/3316/3126 3259/3318/3128 3266/3324/3134
f 3259/3318/3128 3260/3344/3154 3267/3325/3135
f 3262/3320/3130 3269/3327/3137 3268/3326/3136
f 3263/3321/3131 3270/3328/3138 3269/3327/3137
f 3264/3323/3133 3271/3330/3140 3270/3328/3138
f 3264/3323/3133 3265/3322/3132 3272/3329/3139
f 3265/3322/3132 3266/3324/3134 3273/3331/3141
f 3266/3324/3134 3267/3325/3135 3274/3332/3142
f 3269/3327/3137 3276/3334/3144 3275/3333/3143
f 3270/3328/3138 3277/3335/3145 3276/3334/3144
f 3271/3330/3140 3278/3337/3147 3277/3335/3145
f 3271/3330/3140 3272/3329/3139 3279/3336/3146
f 3272/3329/3139 3273/3331/3141 3280/3338/3148
f 3273/3331/3141 3274/3332/3142 3281/3339/3149
f 2957/3285/3095 3015/3284/3094 3233/3292/3102
f 3015/3284/3094 3014/3283/3093 3234/3295/3105
f 3014/3283/3093 3013/3282/3092 3235/3297/3107
f 3013/3282/3092 3012/3281/3091 3236/3300/3110
f 3011/3280/3090 3237/3299/3109 3236/3300/3110
f 3010/3279/3089 3238/3301/3111 3237/3299/3109
f 3009/3278/3088 3239/3303/3113 3238/3301/3111
f 2958/3277/3087 3023/3341/3151 3239/3303/3113
f 3023/3341/3151 3024/3342/3152 3246/3310/3120
f 3024/3342/3152 3025/3343/3153 3253/3317/3127
f 3025/3343/3153 3026/3576/3336 3260/3344/3154
f 3260/3344/3154 3026/3576/3336 3027/3345/3155
f 3267/3325/3135 3027/3345/3155 3028/3346/3156
f 3274/3332/3142 3028/3346/3156 3029/3347/3157
f 3281/3339/3149 3029/3347/3157 2956/3348/3158
f 3280/3338/3148 3281/3339/3149 3030/3349/3159
f 3279/3336/3146 3280/3338/3148 3031/3350/3160
f 3278/3337/3147 3279/3336/3146 3032/3351/3161
f 3278/3337/3147 3033/3352/3162 3034/3353/3163
f 3277/3335/3145 3034/3353/3163 3035/3354/3164
f 3276/3334/3144 3035/3354/3164 3036/3355/3165
f 3275/3333/3143 3036/3355/3165 2955/3356/3166
f 3268/3326/3136 3275/3333/3143 3016/3357/3167
f 3261/3319/3129 3268/3326/3136 3017/3358/3168
f 3254/3313/3123 3261/3319/3129 3018/3359/3169
f 3020/3361/3171 3247/3306/3116 3254/3313/3123
f 3021/3362/3172 3240/3294/3104 3247/3306/3116
f 3022/3340/3150 3233/3292/3102 3240/3294/3104
f 3282/3363/3173 3283/3367/3177 3290/3364/3174
f 3284/3366/3176 3291/3369/3179 3290/3364/3174
f 3285/3368/3178 3292/3371/3181 3291/3369/3179
f 3286/3370/3180 3293/3373/3183 3292/3371/3181
f 3287/3372/3182 3294/3375/3185 3293/3373/3183
f 3288/3374/3184 3295/3381/3191 3294/3375/3185
f 3289/3365/3175 3290/3364/3174 3297/3376/3186
f 3290/3364/3174 3291/3369/3179 3298/3378/3188
f 3291/3369/3179 3292/3371/3181 3299/3379/3189
f 3293/3373/3183 3300/3380/3190 3299/3379/3189
f 3294/3375/3185 3301/3382/3192 3300/3380/3190
f 3295/3381/3191 3302/3388/3198 3301/3382/3192
f 3296/3377/3187 3297/3376/3186 3304/3383/3193
f 3297/3376/3186 3298/3378/3188 3305/3385/3195
f 3299/3379/3189 3306/3386/3196 3305/3385/3195
f 3300/3380/3190 3307/3387/3197 3306/3386/3196
f 3301/3382/3192 3308/3389/3199 3307/3387/3197
f 3302/3388/3198 3309/3415/3225 3308/3389/3199
f 3304/3383/3193 3311/3391/3201 3310/3390/3200
f 3305/3385/3195 3312/3392/3202 3311/3391/3201
f 3306/3386/3196 3313/3393/3203 3312/3392/3202
f 3307/3387/3197 3314/3395/3205 3313/3393/3203
f 3307/3387/3197 3308/3389/3199 3315/3394/3204
f 3308/3389/3199 3309/3415/3225 3316/3396/3206
f 3311/3391/3201 3318/3398/3208 3317/3397/3207
f 3312/3392/3202 3319/3399/3209 3318/3398/3208
f 3313/3393/3203 3320/3400/3210 3319/3399/3209
f 3314/3395/3205 3321/3402/3212 3320/3400/3210
f 3314/3395/3205 3315/3394/3204 3322/3401/3211
f 3315/3394/3204 3316/3396/3206 3323/3403/3213
f 3318/3398/3208 3325/3405/3215 3324/3404/3214
f 3319/3399/3209 3326/3406/3216 3325/3405/3215
f 3320/3400/3210 3327/3407/3217 3326/3406/3216
f 3321/3402/3212 3328/3408/3218 3327/3407/3217
f 3322/3401/3211 3329/3410/3220 3328/3408/3218
f 3322/3401/3211 3323/3403/3213 3330/3409/3219
f 2955/3356/3166 3036/3355/3165 3282/3363/3173
f 3035/3354/3164 3283/3367/3177 3282/3363/3173
f 3034/3353/3163 3284/3366/3176 3283/3367/3177
f 3033/3352/3162 3285/3368/3178 3284/3366/3176
f 3033/3352/3162 3032/3351/3161 3286/3370/3180
f 3032/3351/3161 3031/3350/3160 3287/3372/3182
f 3031/3350/3160 3030/3349/3159 3288/3374/3184
f 2956/3348/3158 3044/3412/3222 3288/3374/3184
f 3044/3412/3222 3045/3413/3223 3295/3381/3191
f 3045/3413/3223 3046/3414/3224 3302/3388/3198
f 3046/3414/3224 3047/3731/3335 3309/3415/3225
f 3309/3415/3225 3047/3731/3335 3048/3416/3226
f 3316/3396/3206 3048/3416/3226 3049/3417/3227
f 3323/3403/3213 3049/3417/3227 3050/3418/3228
f 3330/3409/3219 3050/3418/3228 2952/3419/3008
f 3330/3409/3219 2980/3420/3007 2979/3421/3006
f 3329/3410/3220 2979/3421/3006 2978/3422/3004
f 3328/3408/3218 2978/3422/3004 2977/3423/3005
f 3326/3406/3216 3327/3407/3217 2977/3423/3005
f 3325/3405/3215 3326/3406/3216 2976/3424/3003
f 3324/3404/3214 3325/3405/3215 2975/3425/3002
f 3324/3404/3214 2974/3426/3001 2951/3427/2999
f 3317/3397/3207 3324/3404/3214 3037/3428/3229
f 3310/3390/3200 3317/3397/3207 3038/3429/3230
f 3303/3384/3194 3310/3390/3200 3039/3430/3231
f 3041/3432/3233 3296/3377/3187 3303/3384/3194
f 3042/3433/3234 3289/3365/3175 3296/3377/3187
f 3043/3411/3221 3282/3363/3173 3289/3365/3175
f 3332/3434/3235 3339/3438/3239 3338/3435/3236
f 3333/3437/3238 3340/3440/3241 3339/3438/3239
f 3333/3437/3238 3334/3441/3242 3341/3439/3240
f 3334/3441/3242 3335/3443/3244 3342/3442/3243
f 3335/3443/3244 3336/3445/3246 3343/3444/3245
f 3336/3445/3246 3337/3489/3282 3344/3446/3247
f 3339/3438/3239 3346/3448/3249 3345/3447/3248
f 3340/3440/3241 3347/3450/3251 3346/3448/3249
f 3340/3440/3241 3341/3439/3240 3348/3449/3250
f 3341/3439/3240 3342/3442/3243 3349/3451/3252
f 3342/3442/3243 3343/3444/3245 3350/3452/3253
f 3343/3444/3245 3344/3446/3247 3351/3453/3254
f 3346/3448/3249 3353/3456/3257 3352/3454/3255
f 3346/3448/3249 3347/3450/3251 3354/3455/3256
f 3347/3450/3251 3348/3449/3250 3355/3457/3258
f 3348/3449/3250 3349/3451/3252 3356/3458/3259
f 3349/3451/3252 3350/3452/3253 3357/3459/3260
f 3350/3452/3253 3351/3453/3254 3358/3460/3261
f 3352/3454/3255 3353/3456/3257 3360/3461/3262
f 3353/3456/3257 3354/3455/3256 3361/3463/3264
f 3354/3455/3256 3355/3457/3258 3362/3464/3265
f 3355/3457/3258 3356/3458/3259 3363/3465/3266
f 3356/3458/3259 3357/3459/3260 3364/3466/3267
f 3358/3460/3261 3365/3473/3274 3364/3466/3267
f 3359/3462/3263 3360/3461/3262 3367/3467/3268
f 3360/3461/3262 3361/3463/3264 3368/3469/3270
f 3361/3463/3264 3362/3464/3265 3369/3470/3271
f 3362/3464/3265 3363/3465/3266 3370/3471/3272
f 3363/3465/3266 3364/3466/3267 3371/3472/3273
f 3365/3473/3274 3372/3479/3280 3371/3472/3273
f 3366/3468/3269 3367/3467/3268 3374/3474/3275
f 3367/3467/3268 3368/3469/3270 3375/3476/3277
f 3368/3469/3270 3369/3470/3271 3376/3477/3278
f 3369/3470/3271 3370/3471/3272 3377/3478/3279
f 3371/3472/3273 3378/3480/3281 3377/3478/3279
f 3372/3479/3280 3379/3491/3283 3378/3480/3281
f 3001/3481/3079 3331/3436/3237 2967/3482/3025
f 3000/3484/3101 3332/3434/3235 3331/3436/3237
f 2999/3485/3100 3333/3437/3238 3332/3434/3235
f 2998/3486/3099 3334/3441/3242 3333/3437/3238
f 2998/3486/3099 2997/3487/3098 3335/3443/3244
f 2997/3487/3098 2996/3488/3097 3336/3445/3246
f 2996/3488/3097 2995/3490/3096 3337/3489/3282
f 2995/3490/3096 2957/3285/3095 3022/3340/3150
f 3337/3489/3282 3022/3340/3150 3021/3362/3172
f 3344/3446/3247 3021/3362/3172 3020/3361/3171
f 3351/3453/3254 3020/3361/3171 3019/3360/3170
f 3019/3360/3170 3018/3359/3169 3365/3473/3274
f 3018/3359/3169 3017/3358/3168 3372/3479/3280
f 3017/3358/3168 3016/3357/3167 3379/3491/3283
f 3016/3357/3167 2955/3356/3166 3043/3492/3221
f 3379/3491/3283 3043/3492/3221 3042/3493/3234
f 3378/3480/3281 3042/3493/3234 3041/3494/3233
f 3376/3477/3278 3377/3478/3279 3041/3494/3233
f 3375/3476/3277 3376/3477/3278 3040/3495/3232
f 3374/3474/3275 3375/3476/3277 3039/3496/3231
f 3373/3475/3276 3374/3474/3275 3038/3497/3230
f 2973/3499/3000 3373/3475/3276 3037/3498/3229
f 2972/3501/3030 3366/3468/3269 3373/3475/3276
f 2971/3502/3029 3359/3462/3263 3366/3468/3269
f 2970/3503/3028 3352/3454/3255 3359/3462/3263
f 3345/3447/3248 3352/3454/3255 2970/3503/3028
f 3338/3435/3236 3345/3447/3248 2969/3504/3027
f 3331/3436/3237 3338/3435/3236 2968/3505/3026
f 3381/3506/3284 3388/3510/3288 3387/3507/3285
f 3382/3509/3287 3389/3512/3290 3388/3510/3288
f 3383/3511/3289 3390/3514/3292 3389/3512/3290
f 3384/3513/3291 3391/3516/3294 3390/3514/3292
f 3384/3513/3291 3385/3517/3295 3392/3515/3293
f 3385/3517/3295 3386/3559/3332 3393/3518/3296
f 3388/3510/3288 3395/3520/3298 3394/3519/3297
f 3389/3512/3290 3396/3521/3299 3395/3520/3298
f 3390/3514/3292 3397/3522/3300 3396/3521/3299
f 3391/3516/3294 3398/3524/3302 3397/3522/3300
f 3391/3516/3294 3392/3515/3293 3399/3523/3301
f 3392/3515/3293 3393/3518/3296 3400/3525/3303
f 3395/3520/3298 3402/3527/3305 3401/3526/3304
f 3396/3521/3299 3403/3528/3306 3402/3527/3305
f 3397/3522/3300 3404/3529/3307 3403/3528/3306
f 3398/3524/3302 3405/3530/3308 3404/3529/3307
f 3399/3523/3301 3406/3532/3310 3405/3530/3308
f 3399/3523/3301 3400/3525/3303 3407/3531/3309
f 3401/3526/3304 3402/3527/3305 3409/3533/3311
f 3402/3527/3305 3403/3528/3306 3410/3535/3313
f 3404/3529/3307 3411/3536/3314 3410/3535/3313
f 3405/3530/3308 3412/3537/3315 3411/3536/3314
f 3406/3532/3310 3413/3538/3316 3412/3537/3315
f 3407/3531/3309 3414/3544/3322 3413/3538/3316
f 3408/3534/3312 3409/3533/3311 3416/3539/3317
f 3409/3533/3311 3410/3535/3313 3417/3541/3319
f 3411/3536/3314 3418/3542/3320 3417/3541/3319
f 3412/3537/3315 3419/3543/3321 3418/3542/3320
f 3413/3538/3316 3420/3545/3323 3419/3543/3321
f 3414/3544/3322 3421/3551/3329 3420/3545/3323
f 3415/3540/3318 3416/3539/3317 3423/3546/3324
f 3416/3539/3317 3417/3541/3319 3424/3548/3326
f 3417/3541/3319 3418/3542/3320 3425/3549/3327
f 3419/3543/3321 3426/3550/3328 3425/3549/3327
f 3420/3545/3323 3427/3552/3330 3426/3550/3328
f 3421/3551/3329 3428/3567/3334 3427/3552/3330
f 3008/3553/3086 3380/3508/3286 3023/3341/3151
f 3007/3554/3085 3381/3506/3284 3380/3508/3286
f 3006/3555/3084 3382/3509/3287 3381/3506/3284
f 3005/3556/3331 3383/3511/3289 3382/3509/3287
f 3004/3557/3082 3384/3513/3291 3383/3511/3289
f 3004/3557/3082 3003/3558/3081 3385/3517/3295
f 3003/3558/3081 3002/3560/3080 3386/3559/3332
f 3002/3560/3080 2954/3793/3016 2987/3561/3015
f 3386/3559/3332 2987/3561/3015 2986/3562/3014
f 3393/3518/3296 2986/3562/3014 2985/3563/3013
f 3400/3525/3303 2985/3563/3013 2984/3564/3333
f 2984/3564/3333 2983/3565/3011 3414/3544/3322
f 2983/3565/3011 2982/3566/3010 3421/3551/3329
f 2982/3566/3010 2981/3568/3009 3428/3567/3334
f 2981/3568/3009 2952/3794/3008 3050/3569/3228
f 3428/3567/3334 3050/3569/3228 3049/3570/3227
f 3427/3552/3330 3049/3570/3227 3048/3571/3226
f 3426/3550/3328 3048/3571/3226 3047/3572/3335
f 3424/3548/3326 3425/3549/3327 3047/3572/3335
f 3423/3546/3324 3424/3548/3326 3046/3573/3224
f 3422/3547/3325 3423/3546/3324 3045/3574/3223
f 3029/3347/3157 3422/3547/3325 3044/3575/3222
f 3028/3346/3156 3415/3540/3318 3422/3547/3325
f 3027/3345/3155 3408/3534/3312 3415/3540/3318
f 3026/3576/3336 3401/3526/3304 3408/3534/3312
f 3394/3519/3297 3401/3526/3304 3026/3576/3336
f 3387/3507/3285 3394/3519/3297 3025/3343/3153
f 3380/3508/3286 3387/3507/3285 3024/3342/3152
f 3429/3577/3337 3430/3580/3340 3437/3578/3338
f 3430/3580/3340 3431/3582/3342 3438/3581/3341
f 3431/3582/3342 3432/3585/3345 3439/3583/3343
f 3433/3584/3344 3440/3587/3347 3439/3583/3343
f 3434/3586/3346 3441/3589/3349 3440/3587/3347
f 3435/3588/3348 3442/3592/3355 3441/3589/3349
f 3436/3579/3339 3437/3578/3338 3444/3590/3350
f 3437/3578/3338 3438/3581/3341 3445/3156/3352
f 3438/3581/3341 3439/3583/3343 3446/3163/3353
f 3440/3587/3347 3447/3591/3354 3446/3163/3353
f 3441/3589/3349 3448/3177/3356 3447/3591/3354
f 3442/3592/3355 3449/3184/3362 3448/3177/3356
f 3443/3146/3351 3444/3590/3350 3451/3593/3357
f 3444/3590/3350 3445/3156/3352 3452/3594/3359
f 3445/3156/3352 3446/3163/3353 3453/3164/3360
f 3447/3591/3354 3454/3595/3361 3453/3164/3360
f 3448/3177/3356 3455/3596/3363 3454/3595/3361
f 3449/3184/3362 3456/3611/3398 3455/3596/3363
f 3451/3593/3357 3458/3597/3365 3457/3148/3364
f 3452/3594/3359 3459/3158/3366 3458/3597/3365
f 3453/3164/3360 3460/3599/3368 3459/3158/3366
f 3453/3164/3360 3454/3595/3361 3461/3598/3367
f 3454/3595/3361 3455/3596/3363 3462/3600/3369
f 3455/3596/3363 3456/3611/3398 3463/3185/3370
f 3458/3597/3365 3465/3602/3372 3464/3601/3371
f 3459/3158/3366 3466/3603/3373 3465/3602/3372
f 3460/3599/3368 3467/3167/3375 3466/3603/3373
f 3460/3599/3368 3461/3598/3367 3468/3604/3374
f 3461/3598/3367 3462/3600/3369 3469/3605/3376
f 3462/3600/3369 3463/3185/3370 3470/3606/3377
f 3465/3602/3372 3472/3159/3379 3471/3607/3378
f 3466/3603/3373 3473/3166/3380 3472/3159/3379
f 3467/3167/3375 3474/3202/3382 3473/3166/3380
f 3467/3167/3375 3468/3604/3374 3475/3174/3381
f 3468/3604/3374 3469/3605/3376 3476/3608/3383
f 3469/3605/3376 3470/3606/3377 3477/3188/3384
f 2959/3189/3385 3057/3190/3387 3429/3577/3337
f 3057/3190/3387 3056/3220/3388 3430/3580/3340
f 3056/3220/3388 3055/3219/3389 3431/3582/3342
f 3055/3219/3389 3054/3218/3391 3432/3585/3345
f 3053/3217/3390 3433/3584/3344 3432/3585/3345
f 3052/3216/3392 3434/3586/3346 3433/3584/3344
f 3051/3215/3393 3435/3588/3348 3434/3586/3346
f 2961/3214/3394 3078/3609/3395 3435/3588/3348
f 3078/3609/3395 3077/3610/3396 3442/3592/3355
f 3077/3610/3396 3076/3211/3397 3449/3184/3362
f 3076/3211/3397 3075/3210/3487 3456/3611/3398
f 3456/3611/3398 3075/3210/3487 3074/3612/3399
f 3463/3185/3370 3074/3612/3399 3073/3613/3400
f 3470/3606/3377 3073/3613/3400 3072/3614/3401
f 3477/3188/3384 3072/3614/3401 2962/3206/3402
f 3476/3608/3383 3477/3188/3384 3071/3205/3403
f 3475/3174/3381 3476/3608/3383 3070/3204/3404
f 3474/3202/3382 3475/3174/3381 3069/3203/3405
f 3474/3202/3382 3068/3615/3406 3067/3201/3407
f 3473/3166/3380 3067/3201/3407 3066/3200/3408
f 3472/3159/3379 3066/3200/3408 3065/3199/3409
f 3471/3607/3378 3065/3199/3409 2960/3198/3410
f 3464/3601/3371 3471/3607/3378 3064/3197/3411
f 3457/3148/3364 3464/3601/3371 3063/3196/3412
f 3450/3149/3358 3457/3148/3364 3062/3194/3413
f 3060/3193/3415 3443/3146/3351 3450/3149/3358
f 3059/3192/3416 3436/3579/3339 3443/3146/3351
f 3058/3191/3386 3429/3577/3337 3436/3579/3339
f 3478/3616/3417 3479/3619/3420 3486/3617/3418
f 3479/3619/3420 3480/3621/3422 3487/3620/3421
f 3480/3621/3422 3481/3624/3425 3488/3622/3423
f 3482/3623/3424 3489/3626/3427 3488/3622/3423
f 3483/3625/3426 3490/3628/3429 3489/3626/3427
f 3484/3627/3428 3491/3648/3474 3490/3628/3429
f 3485/3618/3419 3486/3617/3418 3493/3225/3430
f 3486/3617/3418 3487/3620/3421 3494/3236/3432
f 3487/3620/3421 3488/3622/3423 3495/3629/3433
f 3489/3626/3427 3496/3251/3434 3495/3629/3433
f 3490/3628/3429 3497/3630/3436 3496/3251/3434
f 3490/3628/3429 3491/3648/3474 3498/3263/3435
f 3492/3226/3431 3493/3225/3430 3500/3631/3437
f 3493/3225/3430 3494/3236/3432 3501/3632/3439
f 3494/3236/3432 3495/3629/3433 3502/3244/3440
f 3495/3629/3433 3496/3251/3434 3503/3250/3441
f 3496/3251/3434 3497/3630/3436 3504/3633/3442
f 3497/3630/3436 3498/3263/3435 3505/3265/3443
f 3499/3228/3438 3500/3631/3437 3507/3634/3444
f 3501/3632/3439 3508/3238/3447 3507/3634/3444
f 3501/3632/3439 3502/3244/3440 3509/3635/3446
f 3502/3244/3440 3503/3250/3441 3510/3252/3448
f 3503/3250/3441 3504/3633/3442 3511/3636/3449
f 3504/3633/3442 3505/3265/3443 3512/3266/3450
f 3506/3230/3445 3507/3634/3444 3514/3637/3451
f 3508/3238/3447 3515/3639/3453 3514/3637/3451
f 3509/3635/3446 3516/3247/3455 3515/3639/3453
f 3509/3635/3446 3510/3252/3448 3517/3640/3454
f 3510/3252/3448 3511/3636/3449 3518/3641/3456
f 3511/3636/3449 3512/3266/3450 3519/3642/3457
f 3514/3637/3451 3521/3644/3459 3520/3643/3458
f 3515/3639/3453 3522/3645/3460 3521/3644/3459
f 3516/3247/3455 3523/3273/3462 3522/3645/3460
f 3516/3247/3455 3517/3640/3454 3524/3254/3461
f 3517/3640/3454 3518/3641/3456 3525/3646/3463
f 3518/3641/3456 3519/3642/3457 3526/3268/3464
f 2961/3214/3394 3085/3269/3465 3478/3616/3417
f 3085/3269/3465 3084/3291/3466 3479/3619/3420
f 3084/3291/3466 3083/3290/3467 3480/3621/3422
f 3083/3290/3467 3082/3289/3469 3481/3624/3425
f 3081/3288/3468 3482/3623/3424 3481/3624/3425
f 3080/3287/3470 3483/3625/3426 3482/3623/3424
f 3079/3286/3471 3484/3627/3428 3483/3625/3426
f 2965/3285/3472 3099/3685/3536 3484/3627/3428
f 3484/3627/3428 3099/3685/3536 3098/3647/3473
f 3491/3648/3474 3098/3647/3473 3097/3282/3475
f 3498/3263/3435 3097/3282/3475 3096/3281/3476
f 3096/3281/3476 3095/3649/3477 3512/3266/3450
f 3095/3649/3477 3094/3650/3478 3519/3642/3457
f 3094/3650/3478 3093/3278/3560 3526/3268/3464
f 3526/3268/3464 3093/3278/3560 2966/3277/3479
f 3525/3646/3463 3526/3268/3464 3092/3276/3480
f 3524/3254/3461 3525/3646/3463 3091/3275/3481
f 3523/3273/3462 3524/3254/3461 3090/3274/3482
f 3523/3273/3462 3089/3651/3483 3088/3272/3484
f 3522/3645/3460 3088/3272/3484 3087/3271/3485
f 3521/3644/3459 3087/3271/3485 3086/3270/3486
f 3520/3643/3458 3086/3270/3486 2962/3206/3402
f 3073/3613/3400 3513/3638/3452 3520/3643/3458
f 3074/3612/3399 3506/3230/3445 3513/3638/3452
f 3075/3210/3487 3499/3228/3438 3506/3230/3445
f 3492/3226/3431 3499/3228/3438 3075/3210/3487
f 3485/3618/3419 3492/3226/3431 3076/3211/3397
f 3478/3616/3417 3485/3618/3419 3077/3610/3396
f 3527/3652/3488 3528/3655/3491 3535/3653/3489
f 3528/3655/3491 3529/3657/3493 3536/3656/3492
f 3529/3657/3493 3530/3659/3496 3537/3658/3494
f 3531/3319/3495 3538/3661/3498 3537/3658/3494
f 3532/3660/3497 3539/3663/3500 3538/3661/3498
f 3533/3662/3499 3540/3667/3506 3539/3663/3500
f 3534/3654/3490 3535/3653/3489 3542/3664/3501
f 3535/3653/3489 3536/3656/3492 3543/3665/3503
f 3536/3656/3492 3537/3658/3494 3544/3666/3504
f 3538/3661/3498 3545/3321/3505 3544/3666/3504
f 3539/3663/3500 3546/3328/3507 3545/3321/3505
f 3540/3667/3506 3547/3335/3513 3546/3328/3507
f 3541/3297/3502 3542/3664/3501 3549/3298/3508
f 3542/3664/3501 3543/3665/3503 3550/3669/3510
f 3543/3665/3503 3544/3666/3504 3551/3315/3511
f 3545/3321/3505 3552/3323/3512 3551/3315/3511
f 3546/3328/3507 3553/3330/3514 3552/3323/3512
f 3547/3335/3513 3554/3690/3548 3553/3330/3514
f 3549/3298/3508 3556/3670/3516 3555/3299/3515
f 3550/3669/3510 3557/3671/3517 3556/3670/3516
f 3551/3315/3511 3558/3672/3519 3557/3671/3517
f 3551/3315/3511 3552/3323/3512 3559/3322/3518
f 3552/3323/3512 3553/3330/3514 3560/3673/3520
f 3553/3330/3514 3554/3690/3548 3561/3336/3521
f 3556/3670/3516 3563/3304/3523 3562/3674/3522
f 3557/3671/3517 3564/3675/3524 3563/3304/3523
f 3558/3672/3519 3565/3318/3526 3564/3675/3524
f 3558/3672/3519 3559/3322/3518 3566/3676/3525
f 3559/3322/3518 3560/3673/3520 3567/3677/3527
f 3560/3673/3520 3561/3336/3521 3568/3678/3528
f 3563/3304/3523 3570/3680/3530 3569/3679/3529
f 3564/3675/3524 3571/3681/3531 3570/3680/3530
f 3565/3318/3526 3572/3683/3533 3571/3681/3531
f 3565/3318/3526 3566/3676/3525 3573/3682/3532
f 3566/3676/3525 3567/3677/3527 3574/3684/3534
f 3567/3677/3527 3568/3678/3528 3575/3339/3535
f 2965/3285/3472 3106/3340/3537 3527/3652/3488
f 3106/3340/3537 3105/3362/3538 3528/3655/3491
f 3105/3362/3538 3104/3686/3539 3529/3657/3493
f 3104/3686/3539 3103/3360/3541 3530/3659/3496
f 3102/3687/3540 3531/3319/3495 3530/3659/3496
f 3101/3358/3542 3532/3660/3497 3531/3319/3495
f 3100/3357/3543 3533/3662/3499 3532/3660/3497
f 2963/3356/3544 3120/3688/3545 3533/3662/3499
f 3120/3688/3545 3119/3689/3546 3540/3667/3506
f 3119/3689/3546 3118/3353/3547 3547/3335/3513
f 3118/3353/3547 3117/3352/3624 3554/3690/3548
f 3554/3690/3548 3117/3352/3624 3116/3691/3549
f 3561/3336/3521 3116/3691/3549 3115/3692/3550
f 3568/3678/3528 3115/3692/3550 3114/3349/3551
f 3575/3339/3535 3114/3349/3551 2964/3348/3552
f 3574/3684/3534 3575/3339/3535 3113/3347/3553
f 3573/3682/3532 3574/3684/3534 3112/3346/3554
f 3572/3683/3533 3573/3682/3532 3111/3693/3555
f 3572/3683/3533 3110/3576/3556 3109/3694/3557
f 3571/3681/3531 3109/3694/3557 3108/3342/3558
f 3570/3680/3530 3108/3342/3558 3107/3341/3559
f 3569/3679/3529 3107/3341/3559 2966/3277/3479
f 3562/3674/3522 3569/3679/3529 3093/3278/3560
f 3555/3299/3515 3562/3674/3522 3094/3650/3478
f 3548/3668/3509 3555/3299/3515 3095/3649/3477
f 3097/3282/3475 3541/3297/3502 3548/3668/3509
f 3098/3647/3473 3534/3654/3490 3541/3297/3502
f 3099/3685/3536 3527/3652/3488 3534/3654/3490
f 3576/3695/3561 3577/3698/3564 3584/3696/3562
f 3577/3698/3564 3578/3700/3566 3585/3699/3565
f 3578/3700/3566 3579/3702/3569 3586/3701/3567
f 3580/3390/3568 3587/3704/3571 3586/3701/3567
f 3581/3703/3570 3588/3706/3573 3587/3704/3571
f 3582/3705/3572 3589/3710/3579 3588/3706/3573
f 3584/3696/3562 3591/3708/3576 3590/3366/3574
f 3584/3696/3562 3585/3699/3565 3592/3707/3575
f 3585/3699/3565 3586/3701/3567 3593/3385/3577
f 3587/3704/3571 3594/3709/3578 3593/3385/3577
f 3588/3706/3573 3595/3399/3580 3594/3709/3578
f 3589/3710/3579 3596/3713/3586 3595/3399/3580
f 3591/3708/3576 3598/3711/3583 3597/3368/3581
f 3591/3708/3576 3592/3707/3575 3599/3379/3582
f 3593/3385/3577 3600/3386/3584 3599/3379/3582
f 3594/3709/3578 3601/3712/3585 3600/3386/3584
f 3595/3399/3580 3602/3714/3587 3601/3712/3585
f 3596/3713/3586 3603/3407/3593 3602/3714/3587
f 3598/3711/3583 3605/3715/3589 3604/3370/3588
f 3599/3379/3582 3606/3716/3590 3605/3715/3589
f 3600/3386/3584 3607/3717/3591 3606/3716/3590
f 3601/3712/3585 3608/3718/3592 3607/3717/3591
f 3602/3714/3587 3609/3719/3594 3608/3718/3592
f 3603/3407/3593 3610/3725/3601 3609/3719/3594
f 3605/3715/3589 3612/3721/3596 3611/3720/3595
f 3606/3716/3590 3613/3722/3597 3612/3721/3596
f 3607/3717/3591 3614/3389/3599 3613/3722/3597
f 3607/3717/3591 3608/3718/3592 3615/3723/3598
f 3608/3718/3592 3609/3719/3594 3616/3724/3600
f 3610/3725/3601 3617/3730/3616 3616/3724/3600
f 3612/3721/3596 3619/3381/3603 3618/3726/3602
f 3613/3722/3597 3620/3388/3604 3619/3381/3603
f 3614/3389/3599 3621/3415/3606 3620/3388/3604
f 3614/3389/3599 3615/3723/3598 3622/3727/3605
f 3615/3723/3598 3616/3724/3600 3623/3728/3607
f 3616/3724/3600 3617/3730/3616 3624/3729/3608
f 2963/3356/3544 3127/3411/3609 3576/3695/3561
f 3127/3411/3609 3126/3433/3610 3577/3698/3564
f 3126/3433/3610 3125/3432/3611 3578/3700/3566
f 3125/3432/3611 3124/3431/3613 3579/3702/3569
f 3123/3430/3612 3580/3390/3568 3579/3702/3569
f 3122/3429/3614 3581/3703/3570 3580/3390/3568
f 3121/3428/3615 3582/3705/3572 3581/3703/3570
f 2959/3427/3385 3058/3426/3386 3582/3705/3572
f 3582/3705/3572 3058/3426/3386 3059/3425/3416
f 3589/3710/3579 3059/3425/3416 3060/3424/3415
f 3596/3713/3586 3060/3424/3415 3061/3423/3414
f 3061/3423/3414 3062/3422/3413 3610/3725/3601
f 3062/3422/3413 3063/3421/3412 3617/3730/3616
f 3063/3421/3412 3064/3420/3411 3624/3729/3608
f 3624/3729/3608 3064/3420/3411 2960/3419/3410
f 3623/3728/3607 3624/3729/3608 3134/3418/3617
f 3622/3727/3605 3623/3728/3607 3133/3417/3618
f 3621/3415/3606 3622/3727/3605 3132/3416/3619
f 3621/3415/3606 3131/3731/3620 3130/3414/3621
f 3620/3388/3604 3130/3414/3621 3129/3413/3622
f 3619/3381/3603 3129/3413/3622 3128/3412/3623
f 3618/3726/3602 3128/3412/3623 2964/3348/3552
f 3115/3692/3550 3611/3720/3595 3618/3726/3602
f 3116/3691/3549 3604/3370/3588 3611/3720/3595
f 3117/3352/3624 3597/3368/3581 3604/3370/3588
f 3590/3366/3574 3597/3368/3581 3117/3352/3624
f 3583/3697/3563 3590/3366/3574 3118/3353/3547
f 3576/3695/3561 3583/3697/3563 3119/3689/3546
f 3626/3732/3625 3633/3736/3629 3632/3733/3626
f 3627/3735/3628 3634/3738/3631 3633/3736/3629
f 3628/3737/3630 3635/3739/3633 3634/3738/3631
f 3628/3737/3630 3629/3740/3634 3636/3461/3632
f 3629/3740/3634 3630/3742/3636 3637/3741/3635
f 3630/3742/3636 3631/3763/3672 3638/3743/3637
f 3633/3736/3629 3640/3745/3639 3639/3744/3638
f 3634/3738/3631 3641/3747/3641 3640/3745/3639
f 3634/3738/3631 3635/3739/3633 3642/3746/3640
f 3635/3739/3633 3636/3461/3632 3643/3463/3642
f 3636/3461/3632 3637/3741/3635 3644/3748/3643
f 3637/3741/3635 3638/3743/3637 3645/3749/3644
f 3639/3744/3638 3640/3745/3639 3647/3439/3645
f 3640/3745/3639 3641/3747/3641 3648/3750/3647
f 3641/3747/3641 3642/3746/3640 3649/3457/3648
f 3642/3746/3640 3643/3463/3642 3650/3464/3649
f 3643/3463/3642 3644/3748/3643 3651/3470/3650
f 3644/3748/3643 3645/3749/3644 3652/3477/3651
f 3646/3441/3646 3647/3439/3645 3654/3751/3652
f 3647/3439/3645 3648/3750/3647 3655/3753/3654
f 3648/3750/3647 3649/3457/3648 3656/3754/3655
f 3649/3457/3648 3650/3464/3649 3657/3465/3656
f 3650/3464/3649 3651/3470/3650 3658/3471/3657
f 3651/3470/3650 3652/3477/3651 3659/3755/3658
f 3653/3752/3653 3654/3751/3652 3661/3756/3659
f 3654/3751/3652 3655/3753/3654 3662/3757/3661
f 3655/3753/3654 3656/3754/3655 3663/3758/3662
f 3656/3754/3655 3657/3465/3656 3664/3466/3663
f 3657/3465/3656 3658/3471/3657 3665/3472/3664
f 3659/3755/3658 3666/3762/3670 3665/3472/3664
f 3660/3445/3660 3661/3756/3659 3668/3759/3665
f 3661/3756/3659 3662/3757/3661 3669/3760/3667
f 3662/3757/3661 3663/3758/3662 3670/3761/3668
f 3664/3466/3663 3671/3473/3669 3670/3761/3668
f 3665/3472/3664 3672/3479/3671 3671/3473/3669
f 3666/3762/3670 3673/3491/3673 3672/3479/3671
f 3051/3482/3393 3625/3734/3627 3085/3481/3465
f 3052/3505/3392 3626/3732/3625 3625/3734/3627
f 3053/3504/3390 3627/3735/3628 3626/3732/3625
f 3054/3503/3391 3628/3737/3630 3627/3735/3628
f 3054/3503/3391 3055/3502/3389 3629/3740/3634
f 3055/3502/3389 3056/3501/3388 3630/3742/3636
f 3056/3501/3388 3057/3499/3387 3631/3763/3672
f 3057/3499/3387 2959/3500/3385 3121/3498/3615
f 3631/3763/3672 3121/3498/3615 3122/3497/3614
f 3638/3743/3637 3122/3497/3614 3123/3496/3612
f 3645/3749/3644 3123/3496/3612 3124/3495/3613
f 3652/3477/3651 3124/3495/3613 3125/3494/3611
f 3125/3494/3611 3126/3493/3610 3666/3762/3670
f 3126/3493/3610 3127/3492/3609 3673/3491/3673
f 3127/3492/3609 2963/3356/3544 3100/3357/3543
f 3673/3491/3673 3100/3357/3543 3101/3358/3542
f 3672/3479/3671 3101/3358/3542 3102/3687/3540
f 3671/3473/3669 3102/3687/3540 3103/3360/3541
f 3669/3760/3667 3670/3761/3668 3103/3360/3541
f 3668/3759/3665 3669/3760/3667 3104/3686/3539
f 3667/3489/3666 3668/3759/3665 3105/3362/3538
f 3079/3490/3471 3667/3489/3666 3106/3340/3537
f 3080/3488/3470 3660/3445/3660 3667/3489/3666
f 3081/3487/3468 3653/3752/3653 3660/3445/3660
f 3082/3486/3469 3646/3441/3646 3653/3752/3653
f 3639/3744/3638 3646/3441/3646 3082/3486/3469
f 3632/3733/3626 3639/3744/3638 3083/3485/3467
f 3625/3734/3627 3632/3733/3626 3084/3484/3466
f 3675/3764/3674 3682/3510/3678 3681/3765/3675
f 3676/3766/3677 3683/3768/3680 3682/3510/3678
f 3677/3767/3679 3684/3527/3682 3683/3768/3680
f 3677/3767/3679 3678/3534/3683 3685/3533/3681
f 3678/3534/3683 3679/3540/3685 3686/3539/3684
f 3679/3540/3685 3680/3791/3721 3687/3546/3686
f 3682/3510/3678 3689/3770/3688 3688/3769/3687
f 3683/3768/3680 3690/3771/3689 3689/3770/3688
f 3684/3527/3682 3691/3772/3691 3690/3771/3689
f 3684/3527/3682 3685/3533/3681 3692/3535/3690
f 3685/3533/3681 3686/3539/3684 3693/3773/3692
f 3686/3539/3684 3687/3546/3686 3694/3774/3693
f 3689/3770/3688 3696/3514/3695 3695/3775/3694
f 3690/3771/3689 3697/3776/3696 3696/3514/3695
f 3691/3772/3691 3698/3529/3697 3697/3776/3696
f 3692/3535/3690 3699/3536/3698 3698/3529/3697
f 3693/3773/3692 3700/3542/3700 3699/3536/3698
f 3693/3773/3692 3694/3774/3693 3701/3549/3699
f 3696/3514/3695 3703/3778/3702 3702/3777/3701
f 3697/3776/3696 3704/3779/3703 3703/3778/3702
f 3698/3529/3697 3705/3780/3704 3704/3779/3703
f 3699/3536/3698 3706/3537/3705 3705/3780/3704
f 3700/3542/3700 3707/3543/3706 3706/3537/3705
f 3701/3549/3699 3708/3550/3712 3707/3543/3706
f 3702/3777/3701 3703/3778/3702 3710/3781/3707
f 3703/3778/3702 3704/3779/3703 3711/3782/3709
f 3705/3780/3704 3712/3783/3710 3711/3782/3709
f 3706/3537/3705 3713/3784/3711 3712/3783/3710
f 3707/3543/3706 3714/3545/3713 3713/3784/3711
f 3708/3550/3712 3715/3789/3719 3714/3545/3713
f 3709/3517/3708 3710/3781/3707 3717/3518/3714
f 3710/3781/3707 3711/3782/3709 3718/3786/3716
f 3711/3782/3709 3712/3783/3710 3719/3787/3717
f 3713/3784/3711 3720/3788/3718 3719/3787/3717
f 3714/3545/3713 3721/3790/3720 3720/3788/3718
f 3715/3789/3719 3722/3792/3722 3721/3790/3720
f 3107/3341/3559 3674/3508/3676 3092/3553/3480
f 3108/3342/3558 3675/3764/3674 3674/3508/3676
f 3109/3694/3557 3676/3766/3677 3675/3764/3674
f 3110/3576/3556 3677/3767/3679 3676/3766/3677
f 3110/3576/3556 3111/3693/3555 3678/3534/3683
f 3111/3693/3555 3112/3346/3554 3679/3540/3685
f 3112/3346/3554 3113/3347/3553 3680/3791/3721
f 3113/3347/3553 2964/3348/3552 3128/3575/3623
f 3680/3791/3721 3128/3575/3623 3129/3574/3622
f 3687/3546/3686 3129/3574/3622 3130/3573/3621
f 3694/3774/3693 3130/3573/3621 3131/3572/3620
f 3131/3572/3620 3132/3571/3619 3708/3550/3712
f 3132/3571/3619 3133/3570/3618 3715/3789/3719
f 3133/3570/3618 3134/3569/3617 3722/3792/3722
f 3134/3569/3617 2960/3794/3410 3065/3568/3409
f 3722/3792/3722 3065/3568/3409 3066/3566/3408
f 3721/3790/3720 3066/3566/3408 3067/3565/3407
f 3720/3788/3718 3067/3565/3407 3068/3564/3406
f 3718/3786/3716 3719/3787/3717 3068/3564/3406
f 3717/3518/3714 3718/3786/3716 3069/3563/3405
f 3716/3785/3715 3717/3518/3714 3070/3562/3404
f 3086/3560/3486 3716/3785/3715 3071/3561/3403
f 3087/3558/3485 3709/3517/3708 3716/3785/3715
f 3088/3557/3484 3702/3777/3701 3709/3517/3708
f 3695/3775/3694 3702/3777/3701 3088/3557/3484
f 3688/3769/3687 3695/3775/3694 3089/3556/3483
f 3681/3765/3675 3688/3769/3687 3090/3555/3482
f 3674/3508/3676 3681/3765/3675 3091/3554/3481
